Ship,Tow_number,Net_number,Taxon,Fish.ID,Image.Name,ImageJ.Number,Std_length_mm,Notes,Tow_net,cruise_no,fish_no,packet_no,lowest_taxa_final,taxa_code_final,taxa_code_final_method,taxa_code_original,taxa_updated_date,visual_ID_confidence,photo_ID,total_weight,gut_weight_full,gut_weight_empty,gut_dispensation,sex,sex_confidence,gonad_weight,head_collected,body_location,fish_comments,processed_date,processed_initials,taxa_code,Lowest_taxon
Sarmiento,1,1,Gonostomatidae,MOC1-Net1-Gon-1,SG2105_MOC1_Net1_ImageJ,1,30.387,NA,1 _ 1,NA,NA,NA,NA,NA,NA,NA,NA,NA,NA,NA,NA,NA,NA,NA,NA,NA,NA,NA,NA,NA,NA,NA,NA
Sarmiento,1,1,Gonostomatidae,MOC1-Net1-Gon-2,SG2105_MOC1_Net1_ImageJ,2,31.857,NA,1 _ 1,NA,NA,NA,NA,NA,NA,NA,NA,NA,NA,NA,NA,NA,NA,NA,NA,NA,NA,NA,NA,NA,NA,NA,NA
Sarmiento,1,1,Gonostomatidae,MOC1-Net1-Gon-3,SG2105_MOC1_Net1_ImageJ,3,32.3925,NA,1 _ 1,NA,NA,NA,NA,NA,NA,NA,NA,NA,NA,NA,NA,NA,NA,NA,NA,NA,NA,NA,NA,NA,NA,NA,NA
Sarmiento,1,1,Myctophidae,MOC1-Net1-Myc-1,SG2105_MOC1_Net1_ImageJ,4,13.524,NA,1 _ 1,NA,NA,NA,NA,NA,NA,NA,NA,NA,NA,NA,NA,NA,NA,NA,NA,NA,NA,NA,NA,NA,NA,NA,NA
Sarmiento,1,3,Sternoptychidae,MOC1-Net3-Ste-1,SG2105_MOC1_Net3_ImageJ,1,22.722,NA,1 _ 3,NA,NA,NA,NA,NA,NA,NA,NA,NA,NA,NA,NA,NA,NA,NA,NA,NA,NA,NA,NA,NA,NA,NA,NA
Sarmiento,1,3,Myctophidae,MOC1-Net3-Myc-1,SG2105_MOC1_Net3_ImageJ,2,25.452,NA,1 _ 3,NA,NA,NA,NA,NA,NA,NA,NA,NA,NA,NA,NA,NA,NA,NA,NA,NA,NA,NA,NA,NA,NA,NA,NA
Sarmiento,1,3,Paralepididae,MOC1-Net3-Par-1,SG2105_MOC1_Net3_ImageJ,3,39.606,NA,1 _ 3,NA,NA,NA,NA,NA,NA,NA,NA,NA,NA,NA,NA,NA,NA,NA,NA,NA,NA,NA,NA,NA,NA,NA,NA
Sarmiento,2,1,Myctophidae,MOC2-Net1-Myc-1,SG2105_MOC2_Net1_ImageJ,1,11.025,NA,2 _ 1,NA,NA,NA,NA,NA,NA,NA,NA,NA,NA,NA,NA,NA,NA,NA,NA,NA,NA,NA,NA,NA,NA,NA,NA
Sarmiento,2,1,Gonostomatidae,MOC2-Net1-Gon-1,SG2105_MOC2_Net1_ImageJ,2,18.417,NA,2 _ 1,NA,NA,NA,NA,NA,NA,NA,NA,NA,NA,NA,NA,NA,NA,NA,NA,NA,NA,NA,NA,NA,NA,NA,NA
Sarmiento,2,1,Alepocephalidae,MOC2-Net1-Ale-1,SG2105_MOC2_Net1_ImageJ,3,16.3065,NA,2 _ 1,NA,NA,NA,NA,NA,NA,NA,NA,NA,NA,NA,NA,NA,NA,NA,NA,NA,NA,NA,NA,NA,NA,NA,NA
Sarmiento,2,2,Paralepididae,MOC2-Net2-Par-1,SG2105_MOC2_Net2_ImageJ,1,33.642,NA,2 _ 2,NA,NA,NA,NA,NA,NA,NA,NA,NA,NA,NA,NA,NA,NA,NA,NA,NA,NA,NA,NA,NA,NA,NA,NA
Sarmiento,2,3,Paralepididae,MOC2-Net3-Par-1,SG2105_MOC2_Net3_ImageJ,1,17.1045,NA,2 _ 3,NA,NA,NA,NA,NA,NA,NA,NA,NA,NA,NA,NA,NA,NA,NA,NA,NA,NA,NA,NA,NA,NA,NA,NA
Sarmiento,2,3,Paralepididae,MOC2-Net3-Par-2,SG2105_MOC2_Net3_ImageJ,2,21.4095,NA,2 _ 3,NA,NA,NA,NA,NA,NA,NA,NA,NA,NA,NA,NA,NA,NA,NA,NA,NA,NA,NA,NA,NA,NA,NA,NA
Sarmiento,2,3,Paralepididae,MOC2-Net3-Par-3,SG2105_MOC2_Net3_ImageJ,3,21.021,NA,2 _ 3,NA,NA,NA,NA,NA,NA,NA,NA,NA,NA,NA,NA,NA,NA,NA,NA,NA,NA,NA,NA,NA,NA,NA,NA
Sarmiento,2,3,Paralepididae,MOC2-Net3-Par-4,SG2105_MOC2_Net3_ImageJ,4,19.656,NA,2 _ 3,NA,NA,NA,NA,NA,NA,NA,NA,NA,NA,NA,NA,NA,NA,NA,NA,NA,NA,NA,NA,NA,NA,NA,NA
Sarmiento,2,3,Paralepididae,MOC2-Net3-Par-5,SG2105_MOC2_Net3_ImageJ,5,21.966,NA,2 _ 3,NA,NA,NA,NA,NA,NA,NA,NA,NA,NA,NA,NA,NA,NA,NA,NA,NA,NA,NA,NA,NA,NA,NA,NA
Sarmiento,2,3,Paralepididae,MOC2-Net3-Par-6,SG2105_MOC2_Net3_ImageJ,6,20.4225,NA,2 _ 3,NA,NA,NA,NA,NA,NA,NA,NA,NA,NA,NA,NA,NA,NA,NA,NA,NA,NA,NA,NA,NA,NA,NA,NA
Sarmiento,2,3,Sternoptychidae,MOC2-Net3-Ste-1,SG2105_MOC2_Net3_ImageJ,7,14.1225,NA,2 _ 3,NA,NA,NA,NA,NA,NA,NA,NA,NA,NA,NA,NA,NA,NA,NA,NA,NA,NA,NA,NA,NA,NA,NA,NA
Sarmiento,2,3,Sternoptychidae,MOC2-Net3-Ste-2,SG2105_MOC2_Net3_ImageJ,8,17.1465,NA,2 _ 3,NA,NA,NA,NA,NA,NA,NA,NA,NA,NA,NA,NA,NA,NA,NA,NA,NA,NA,NA,NA,NA,NA,NA,NA
Sarmiento,2,4,Myctophidae,MOC2-Net4-Myc-1,SG2105_MOC2_Net4_ImageJ,1,14.2695,NA,2 _ 4,NA,NA,NA,NA,NA,NA,NA,NA,NA,NA,NA,NA,NA,NA,NA,NA,NA,NA,NA,NA,NA,NA,NA,NA
Sarmiento,2,4,Myctophidae,MOC2-Net4-Myc-2,SG2105_MOC2_Net4_ImageJ,2,24.906,NA,2 _ 4,NA,NA,NA,NA,NA,NA,NA,NA,NA,NA,NA,NA,NA,NA,NA,NA,NA,NA,NA,NA,NA,NA,NA,NA
Sarmiento,2,4,Myctophidae,MOC2-Net4-Myc-3,SG2105_MOC2_Net4_ImageJ,3,22.449,NA,2 _ 4,NA,NA,NA,NA,NA,NA,NA,NA,NA,NA,NA,NA,NA,NA,NA,NA,NA,NA,NA,NA,NA,NA,NA,NA
Sarmiento,2,4,Myctophidae,MOC2-Net4-Myc-4,SG2105_MOC2_Net4_ImageJ,4,24.4335,NA,2 _ 4,NA,NA,NA,NA,NA,NA,NA,NA,NA,NA,NA,NA,NA,NA,NA,NA,NA,NA,NA,NA,NA,NA,NA,NA
Sarmiento,2,4,Myctophidae,MOC2-Net4-Myc-5,SG2105_MOC2_Net4_ImageJ,5,24.087,NA,2 _ 4,NA,NA,NA,NA,NA,NA,NA,NA,NA,NA,NA,NA,NA,NA,NA,NA,NA,NA,NA,NA,NA,NA,NA,NA
Sarmiento,2,4,Myctophidae,MOC2-Net4-Myc-6,SG2105_MOC2_Net4_ImageJ,6,26.166,NA,2 _ 4,NA,NA,NA,NA,NA,NA,NA,NA,NA,NA,NA,NA,NA,NA,NA,NA,NA,NA,NA,NA,NA,NA,NA,NA
Sarmiento,2,4,Myctophidae,MOC2-Net4-Myc-7,SG2105_MOC2_Net4_ImageJ,7,24.192,NA,2 _ 4,NA,NA,NA,NA,NA,NA,NA,NA,NA,NA,NA,NA,NA,NA,NA,NA,NA,NA,NA,NA,NA,NA,NA,NA
Sarmiento,3,1,Alepocephalidae,MOC3-Net1-Ale-1,SG2105_MOC3_Net1_ImageJ,1,16.443,NA,3 _ 1,NA,NA,NA,NA,NA,NA,NA,NA,NA,NA,NA,NA,NA,NA,NA,NA,NA,NA,NA,NA,NA,NA,NA,NA
Sarmiento,3,1,Gonostomatidae,MOC3-Net1-Gon-1,SG2105_MOC3_Net1_ImageJ,2,30.408,NA,3 _ 1,NA,NA,NA,NA,NA,NA,NA,NA,NA,NA,NA,NA,NA,NA,NA,NA,NA,NA,NA,NA,NA,NA,NA,NA
Sarmiento,3,1,Gonostomatidae,MOC3-Net1-Gon-2,SG2105_MOC3_Net1_ImageJ,3,27.8985,head only,3 _ 1,NA,NA,NA,NA,NA,NA,NA,NA,NA,NA,NA,NA,NA,NA,NA,NA,NA,NA,NA,NA,NA,NA,NA,NA
Sarmiento,4,1,Gonostomatidae,MOC4-Net1-Gon-1,SG2105_MOC4_Net1_ImageJ,1,32.2875,NA,4 _ 1,NA,NA,NA,NA,NA,NA,NA,NA,NA,NA,NA,NA,NA,NA,NA,NA,NA,NA,NA,NA,NA,NA,NA,NA
Sarmiento,4,1,Gonostomatidae,MOC4-Net1-Gon-3,SG2105_MOC4_Net1_ImageJ,3,13.839,broken body fragment,4 _ 1,NA,NA,NA,NA,NA,NA,NA,NA,NA,NA,NA,NA,NA,NA,NA,NA,NA,NA,NA,NA,NA,NA,NA,NA
Sarmiento,4,1,Gonostomatidae,MOC4-Net1-Gon-4,SG2105_MOC4_Net1_ImageJ,4,11.655,broken body fragment,4 _ 1,NA,NA,NA,NA,NA,NA,NA,NA,NA,NA,NA,NA,NA,NA,NA,NA,NA,NA,NA,NA,NA,NA,NA,NA
Sarmiento,4,1,Gonostomatidae,MOC4-Net1-Gon-5,SG2105_MOC4_Net1_ImageJ,5,30.87,NA,4 _ 1,NA,NA,NA,NA,NA,NA,NA,NA,NA,NA,NA,NA,NA,NA,NA,NA,NA,NA,NA,NA,NA,NA,NA,NA
Sarmiento,4,1,Gonostomatidae,MOC4-Net1-Gon-7,SG2105_MOC4_Net1_ImageJ,7,28.203,"damaged head, full body ",4 _ 1,NA,NA,NA,NA,NA,NA,NA,NA,NA,NA,NA,NA,NA,NA,NA,NA,NA,NA,NA,NA,NA,NA,NA,NA
Sarmiento,4,1,Gonostomatidae,MOC4-Net1-Gon-8,SG2105_MOC4_Net1_ImageJ,8,22.176,NA,4 _ 1,NA,NA,NA,NA,NA,NA,NA,NA,NA,NA,NA,NA,NA,NA,NA,NA,NA,NA,NA,NA,NA,NA,NA,NA
Sarmiento,4,1,Gonostomatidae,MOC4-Net1-Gon-9,SG2105_MOC4_Net1_ImageJ,9,30.135,NA,4 _ 1,NA,NA,NA,NA,NA,NA,NA,NA,NA,NA,NA,NA,NA,NA,NA,NA,NA,NA,NA,NA,NA,NA,NA,NA
Sarmiento,4,1,Gonostomatidae,MOC4-Net1-Gon-10,SG2105_MOC4_Net1_ImageJ,10,22.68,NA,4 _ 1,NA,NA,NA,NA,NA,NA,NA,NA,NA,NA,NA,NA,NA,NA,NA,NA,NA,NA,NA,NA,NA,NA,NA,NA
Sarmiento,4,1,Gonostomatidae,MOC4-Net1-Gon-11,SG2105_MOC4_Net1_ImageJ,11,23.1945,NA,4 _ 1,NA,NA,NA,NA,NA,NA,NA,NA,NA,NA,NA,NA,NA,NA,NA,NA,NA,NA,NA,NA,NA,NA,NA,NA
Sarmiento,4,1,Gonostomatidae,MOC4-Net1-Gon-12,SG2105_MOC4_Net1_ImageJ,12,21.3885,NA,4 _ 1,NA,NA,NA,NA,NA,NA,NA,NA,NA,NA,NA,NA,NA,NA,NA,NA,NA,NA,NA,NA,NA,NA,NA,NA
Sarmiento,4,1,Gonostomatidae,MOC4-Net1-Gon-13,SG2105_MOC4_Net1_ImageJ,13,20.79,NA,4 _ 1,NA,NA,NA,NA,NA,NA,NA,NA,NA,NA,NA,NA,NA,NA,NA,NA,NA,NA,NA,NA,NA,NA,NA,NA
Sarmiento,4,1,Alepocephalidae,MOC4-Net1-Ale-1,SG2105_MOC4_Net1_ImageJ,15,19.6875,NA,4 _ 1,NA,NA,NA,NA,NA,NA,NA,NA,NA,NA,NA,NA,NA,NA,NA,NA,NA,NA,NA,NA,NA,NA,NA,NA
Sarmiento,4,1,Alepocephalidae,MOC4-Net1-Ale-2,SG2105_MOC4_Net1_ImageJ,16,22.0395,NA,4 _ 1,NA,NA,NA,NA,NA,NA,NA,NA,NA,NA,NA,NA,NA,NA,NA,NA,NA,NA,NA,NA,NA,NA,NA,NA
Sarmiento,4,3,Myctophidae,MOC4-Net3-Myc-1,SG2105_MOC4_Net3_ImageJ,1,11.9595,NA,4 _ 3,NA,NA,NA,NA,NA,NA,NA,NA,NA,NA,NA,NA,NA,NA,NA,NA,NA,NA,NA,NA,NA,NA,NA,NA
Sarmiento,4,3,Myctophidae,MOC4-Net3-Myc-2,SG2105_MOC4_Net3_ImageJ,2,13.566,NA,4 _ 3,NA,NA,NA,NA,NA,NA,NA,NA,NA,NA,NA,NA,NA,NA,NA,NA,NA,NA,NA,NA,NA,NA,NA,NA
Sarmiento,4,3,Myctophidae,MOC4-Net3-Myc-3,SG2105_MOC4_Net3_ImageJ,3,13.0935,NA,4 _ 3,NA,NA,NA,NA,NA,NA,NA,NA,NA,NA,NA,NA,NA,NA,NA,NA,NA,NA,NA,NA,NA,NA,NA,NA
Sarmiento,4,4,Gonostomatidae,MOC4-Net4-Gon-1,SG2105_MOC4_Net4_ImageJ,1,18.6165,"body broken, head present",4 _ 4,NA,NA,NA,NA,NA,NA,NA,NA,NA,NA,NA,NA,NA,NA,NA,NA,NA,NA,NA,NA,NA,NA,NA,NA
Sarmiento,4,4,Gonostomatidae,MOC4-Net4-Gon-2,SG2105_MOC4_Net4_ImageJ,2,17.2305,"body broken, head present",4 _ 4,NA,NA,NA,NA,NA,NA,NA,NA,NA,NA,NA,NA,NA,NA,NA,NA,NA,NA,NA,NA,NA,NA,NA,NA
Sarmiento,5,1,Gonostomatidae,MOC5-Net1-Gon-1,SG2105_MOC5_Net1_ImageJ,1,28.917,NA,5 _ 1,NA,NA,NA,NA,NA,NA,NA,NA,NA,NA,NA,NA,NA,NA,NA,NA,NA,NA,NA,NA,NA,NA,NA,NA
Sarmiento,5,1,Gonostomatidae,MOC5-Net1-Gon-2,SG2105_MOC5_Net1_ImageJ,2,23.709,headless,5 _ 1,NA,NA,NA,NA,NA,NA,NA,NA,NA,NA,NA,NA,NA,NA,NA,NA,NA,NA,NA,NA,NA,NA,NA,NA
Sarmiento,5,1,Gonostomatidae,MOC5-Net1-Gon-3,SG2105_MOC5_Net1_ImageJ,3,20.9475,NA,5 _ 1,NA,NA,NA,NA,NA,NA,NA,NA,NA,NA,NA,NA,NA,NA,NA,NA,NA,NA,NA,NA,NA,NA,NA,NA
Sarmiento,5,3,Sternoptychidae,MOC5-Net3-Ste-1,SG2105_MOC5_Net3_ImageJ,1,13.713,NA,5 _ 3,NA,NA,NA,NA,NA,NA,NA,NA,NA,NA,NA,NA,NA,NA,NA,NA,NA,NA,NA,NA,NA,NA,NA,NA
Sarmiento,6,1,Gonostomatidae,MOC6-Net1-Gon-1,SG2105_MOC6_Net1_ImageJ,1,27.531,NA,6 _ 1,NA,NA,NA,NA,NA,NA,NA,NA,NA,NA,NA,NA,NA,NA,NA,NA,NA,NA,NA,NA,NA,NA,NA,NA
Sarmiento,6,1,Gonostomatidae,MOC6-Net1-Gon-2,SG2105_MOC6_Net1_ImageJ,2,20.4645,NA,6 _ 1,NA,NA,NA,NA,NA,NA,NA,NA,NA,NA,NA,NA,NA,NA,NA,NA,NA,NA,NA,NA,NA,NA,NA,NA
Sarmiento,6,1,Gonostomatidae,MOC6-Net1-Gon-3,SG2105_MOC6_Net1_ImageJ,3,20.118,NA,6 _ 1,NA,NA,NA,NA,NA,NA,NA,NA,NA,NA,NA,NA,NA,NA,NA,NA,NA,NA,NA,NA,NA,NA,NA,NA
Sarmiento,6,1,Gonostomatidae,MOC6-Net1-Gon-4,SG2105_MOC6_Net1_ImageJ,4,25.0215,NA,6 _ 1,NA,NA,NA,NA,NA,NA,NA,NA,NA,NA,NA,NA,NA,NA,NA,NA,NA,NA,NA,NA,NA,NA,NA,NA
Sarmiento,6,1,Gonostomatidae,MOC6-Net1-Gon-5,SG2105_MOC6_Net1_ImageJ,5,21.609,NA,6 _ 1,NA,NA,NA,NA,NA,NA,NA,NA,NA,NA,NA,NA,NA,NA,NA,NA,NA,NA,NA,NA,NA,NA,NA,NA
Sarmiento,6,1,Gonostomatidae,MOC6-Net1-Gon-6,SG2105_MOC6_Net1_ImageJ,6,21.84,NA,6 _ 1,NA,NA,NA,NA,NA,NA,NA,NA,NA,NA,NA,NA,NA,NA,NA,NA,NA,NA,NA,NA,NA,NA,NA,NA
Sarmiento,6,1,Gonostomatidae,MOC6-Net1-Gon-7,SG2105_MOC6_Net1_ImageJ,7,20.1705,NA,6 _ 1,NA,NA,NA,NA,NA,NA,NA,NA,NA,NA,NA,NA,NA,NA,NA,NA,NA,NA,NA,NA,NA,NA,NA,NA
Sarmiento,6,1,Gonostomatidae,MOC6-Net1-Gon-8,SG2105_MOC6_Net1_ImageJ,8,35.49,NA,6 _ 1,NA,NA,NA,NA,NA,NA,NA,NA,NA,NA,NA,NA,NA,NA,NA,NA,NA,NA,NA,NA,NA,NA,NA,NA
Sarmiento,6,1,Paralepididae,MOC6-Net1-Par-1,SG2105_MOC6_Net1_ImageJ,9,20.538,NA,6 _ 1,NA,NA,NA,NA,NA,NA,NA,NA,NA,NA,NA,NA,NA,NA,NA,NA,NA,NA,NA,NA,NA,NA,NA,NA
Sarmiento,6,1,Unknown ,MOC6-Net1-Unk-1,SG2105_MOC6_Net1_ImageJ,10,16.023,NA,6 _ 1,NA,NA,NA,NA,NA,NA,NA,NA,NA,NA,NA,NA,NA,NA,NA,NA,NA,NA,NA,NA,NA,NA,NA,NA
Sarmiento,6,2,Sternoptychidae,MOC6-Net2-Ste-1,SG2105_MOC6_Net2_ImageJ,1,30.66,NA,6 _ 2,NA,NA,NA,NA,NA,NA,NA,NA,NA,NA,NA,NA,NA,NA,NA,NA,NA,NA,NA,NA,NA,NA,NA,NA
Sarmiento,6,2,Sternoptychidae,MOC6-Net2-Ste-2,SG2105_MOC6_Net2_ImageJ,2,20.6745,NA,6 _ 2,NA,NA,NA,NA,NA,NA,NA,NA,NA,NA,NA,NA,NA,NA,NA,NA,NA,NA,NA,NA,NA,NA,NA,NA
Sarmiento,6,2,Myctophidae,MOC6-Net2-Myc-1,SG2105_MOC6_Net2_ImageJ,3,14.385,NA,6 _ 2,NA,NA,NA,NA,NA,NA,NA,NA,NA,NA,NA,NA,NA,NA,NA,NA,NA,NA,NA,NA,NA,NA,NA,NA
Sarmiento,6,2,Myctophidae,MOC6-Net2-Myc-2,SG2105_MOC6_Net2_ImageJ,4,13.482,NA,6 _ 2,NA,NA,NA,NA,NA,NA,NA,NA,NA,NA,NA,NA,NA,NA,NA,NA,NA,NA,NA,NA,NA,NA,NA,NA
Sarmiento,6,2,Myctophidae,MOC6-Net2-Myc-3,SG2105_MOC6_Net2_ImageJ,5,11.7075,NA,6 _ 2,NA,NA,NA,NA,NA,NA,NA,NA,NA,NA,NA,NA,NA,NA,NA,NA,NA,NA,NA,NA,NA,NA,NA,NA
Sarmiento,6,3,Sternoptychidae,MOC6-Net3-Ste-1,SG2105_MOC6_Net3_ImageJ,1,13.9335,NA,6 _ 3,NA,NA,NA,NA,NA,NA,NA,NA,NA,NA,NA,NA,NA,NA,NA,NA,NA,NA,NA,NA,NA,NA,NA,NA
Sarmiento,6,4,Stomiidae,MOC6-Net4-Sto-1,SG2105_MOC6_Net4_ImageJ,2,39.8685,NA,6 _ 4,NA,NA,NA,NA,NA,NA,NA,NA,NA,NA,NA,NA,NA,NA,NA,NA,NA,NA,NA,NA,NA,NA,NA,NA
Sarmiento,6,4,Stomiidae,MOC6-Net4-Sto-2,SG2105_MOC6_Net4_ImageJ,3,44.8665,NA,6 _ 4,NA,NA,NA,NA,NA,NA,NA,NA,NA,NA,NA,NA,NA,NA,NA,NA,NA,NA,NA,NA,NA,NA,NA,NA
Sarmiento,6,4,Myctophidae,MOC6-Net4-Myc-1,SG2105_MOC6_Net4_ImageJ,4,14.028,NA,6 _ 4,NA,NA,NA,NA,NA,NA,NA,NA,NA,NA,NA,NA,NA,NA,NA,NA,NA,NA,NA,NA,NA,NA,NA,NA
Sarmiento,6,4,Myctophidae,MOC6-Net4-Myc-2,SG2105_MOC6_Net4_ImageJ,5,14.8365,NA,6 _ 4,NA,NA,NA,NA,NA,NA,NA,NA,NA,NA,NA,NA,NA,NA,NA,NA,NA,NA,NA,NA,NA,NA,NA,NA
Sarmiento,6,4,Myctophidae,MOC6-Net4-Myc-3,SG2105_MOC6_Net4_ImageJ,6,10.647,NA,6 _ 4,NA,NA,NA,NA,NA,NA,NA,NA,NA,NA,NA,NA,NA,NA,NA,NA,NA,NA,NA,NA,NA,NA,NA,NA
Sarmiento,6,4,Myctophidae,MOC6-Net4-Myc-4,SG2105_MOC6_Net4_ImageJ,7,29.2005,NA,6 _ 4,NA,NA,NA,NA,NA,NA,NA,NA,NA,NA,NA,NA,NA,NA,NA,NA,NA,NA,NA,NA,NA,NA,NA,NA
Sarmiento,6,4,Myctophidae,MOC6-Net4-Myc-5,SG2105_MOC6_Net4_ImageJ,8,27.699,NA,6 _ 4,NA,NA,NA,NA,NA,NA,NA,NA,NA,NA,NA,NA,NA,NA,NA,NA,NA,NA,NA,NA,NA,NA,NA,NA
Sarmiento,6,4,Myctophidae,MOC6-Net4-Myc-6,SG2105_MOC6_Net4_ImageJ,9,21.3255,NA,6 _ 4,NA,NA,NA,NA,NA,NA,NA,NA,NA,NA,NA,NA,NA,NA,NA,NA,NA,NA,NA,NA,NA,NA,NA,NA
Sarmiento,6,4,Myctophidae,MOC6-Net4-Myc-7,SG2105_MOC6_Net4_ImageJ,10,24.8325,NA,6 _ 4,NA,NA,NA,NA,NA,NA,NA,NA,NA,NA,NA,NA,NA,NA,NA,NA,NA,NA,NA,NA,NA,NA,NA,NA
Sarmiento,6,4,Myctophidae,MOC6-Net4-Myc-10,SG2105_MOC6_Net4_ImageJ,13,25.473,NA,6 _ 4,NA,NA,NA,NA,NA,NA,NA,NA,NA,NA,NA,NA,NA,NA,NA,NA,NA,NA,NA,NA,NA,NA,NA,NA
Sarmiento,6,4,Myctophidae,MOC6-Net4-Myc-12,SG2105_MOC6_Net4_ImageJ,15,12.747,NA,6 _ 4,NA,NA,NA,NA,NA,NA,NA,NA,NA,NA,NA,NA,NA,NA,NA,NA,NA,NA,NA,NA,NA,NA,NA,NA
Sarmiento,6,4,Myctophidae,MOC6-Net4-Myc-13,SG2105_MOC6_Net4_ImageJ,16,25.032,NA,6 _ 4,NA,NA,NA,NA,NA,NA,NA,NA,NA,NA,NA,NA,NA,NA,NA,NA,NA,NA,NA,NA,NA,NA,NA,NA
Sarmiento,6,4,Myctophidae,MOC6-Net4-Myc-14,SG2105_MOC6_Net4_ImageJ,17,26.1345,NA,6 _ 4,NA,NA,NA,NA,NA,NA,NA,NA,NA,NA,NA,NA,NA,NA,NA,NA,NA,NA,NA,NA,NA,NA,NA,NA
Sarmiento,6,4,Myctophidae,MOC6-Net4-Myc-16,SG2105_MOC6_Net4_ImageJ,19,13.6815,body only,6 _ 4,NA,NA,NA,NA,NA,NA,NA,NA,NA,NA,NA,NA,NA,NA,NA,NA,NA,NA,NA,NA,NA,NA,NA,NA
Sarmiento,6,4,Myctophidae,MOC6-Net4-Myc-18,SG2105_MOC6_Net4_ImageJ,21,14.553,body only,6 _ 4,NA,NA,NA,NA,NA,NA,NA,NA,NA,NA,NA,NA,NA,NA,NA,NA,NA,NA,NA,NA,NA,NA,NA,NA
Sarmiento,6,4,Myctophidae,MOC6-Net4-Myc-19,SG2105_MOC6_Net4_ImageJ,22,12.642,head only,6 _ 4,NA,NA,NA,NA,NA,NA,NA,NA,NA,NA,NA,NA,NA,NA,NA,NA,NA,NA,NA,NA,NA,NA,NA,NA
Sarmiento,6,4,Myctophidae,MOC6-Net4-Myc-20,SG2105_MOC6_Net4_ImageJ,23,16.884,body only,6 _ 4,NA,NA,NA,NA,NA,NA,NA,NA,NA,NA,NA,NA,NA,NA,NA,NA,NA,NA,NA,NA,NA,NA,NA,NA
Sarmiento,6,4,Myctophidae,MOC6-Net4-Myc-22,SG2105_MOC6_Net4_ImageJ,25,26.964,NA,6 _ 4,NA,NA,NA,NA,NA,NA,NA,NA,NA,NA,NA,NA,NA,NA,NA,NA,NA,NA,NA,NA,NA,NA,NA,NA
Sarmiento,7,1,Gonostomatidae,MOC7-Net1-Gon-1,SG2105_MOC7_Net1_ImageJ,1,33.2325,NA,7 _ 1,NA,NA,NA,NA,NA,NA,NA,NA,NA,NA,NA,NA,NA,NA,NA,NA,NA,NA,NA,NA,NA,NA,NA,NA
Sarmiento,7,1,Gonostomatidae,MOC7-Net1-Gon-2,SG2105_MOC7_Net1_ImageJ,2,32.3925,NA,7 _ 1,NA,NA,NA,NA,NA,NA,NA,NA,NA,NA,NA,NA,NA,NA,NA,NA,NA,NA,NA,NA,NA,NA,NA,NA
Sarmiento,7,1,Gonostomatidae,MOC7-Net1-Gon-3,SG2105_MOC7_Net1_ImageJ,3,29.799,NA,7 _ 1,NA,NA,NA,NA,NA,NA,NA,NA,NA,NA,NA,NA,NA,NA,NA,NA,NA,NA,NA,NA,NA,NA,NA,NA
Sarmiento,7,1,Gonostomatidae,MOC7-Net1-Gon-4,SG2105_MOC7_Net1_ImageJ,4,19.383,body fragment,7 _ 1,NA,NA,NA,NA,NA,NA,NA,NA,NA,NA,NA,NA,NA,NA,NA,NA,NA,NA,NA,NA,NA,NA,NA,NA
Sarmiento,7,1,Myctophidae,MOC7-Net1-Myc-1,SG2105_MOC7_Net1_ImageJ,5,28.749,NA,7 _ 1,NA,NA,NA,NA,NA,NA,NA,NA,NA,NA,NA,NA,NA,NA,NA,NA,NA,NA,NA,NA,NA,NA,NA,NA
Sarmiento,7,1,Alepocephalidae,MOC7-Net1-Ale-1,SG2105_MOC7_Net1_ImageJ,8,21.7035,NA,7 _ 1,NA,NA,NA,NA,NA,NA,NA,NA,NA,NA,NA,NA,NA,NA,NA,NA,NA,NA,NA,NA,NA,NA,NA,NA
Sarmiento,7,1,Alepocephalidae,MOC7-Net1-Ale-2,SG2105_MOC7_Net1_ImageJ,9,18.1545,NA,7 _ 1,NA,NA,NA,NA,NA,NA,NA,NA,NA,NA,NA,NA,NA,NA,NA,NA,NA,NA,NA,NA,NA,NA,NA,NA
Sarmiento,7,1,Alepocephalidae,MOC7-Net1-Ale-4,SG2105_MOC7_Net1_ImageJ,11,18.606,NA,7 _ 1,NA,NA,NA,NA,NA,NA,NA,NA,NA,NA,NA,NA,NA,NA,NA,NA,NA,NA,NA,NA,NA,NA,NA,NA
Sarmiento,7,2,Stomiidae,MOC7-Net2-Sto-1,SG2105_MOC7_Net2_ImageJ,1,34.944,NA,7 _ 2,NA,NA,NA,NA,NA,NA,NA,NA,NA,NA,NA,NA,NA,NA,NA,NA,NA,NA,NA,NA,NA,NA,NA,NA
Sarmiento,7,2,Sternoptychidae,MOC7-Net2-Ste-1,SG2105_MOC7_Net2_ImageJ,2,22.1445,NA,7 _ 2,NA,NA,NA,NA,NA,NA,NA,NA,NA,NA,NA,NA,NA,NA,NA,NA,NA,NA,NA,NA,NA,NA,NA,NA
Sarmiento,7,2,Sternoptychidae,MOC7-Net2-Ste-2,SG2105_MOC7_Net2_ImageJ,3,11.634,NA,7 _ 2,NA,NA,NA,NA,NA,NA,NA,NA,NA,NA,NA,NA,NA,NA,NA,NA,NA,NA,NA,NA,NA,NA,NA,NA
Sarmiento,7,2,Paralepididae,MOC7-Net2-Par-1,SG2105_MOC7_Net2_ImageJ,4,35.028,NA,7 _ 2,NA,NA,NA,NA,NA,NA,NA,NA,NA,NA,NA,NA,NA,NA,NA,NA,NA,NA,NA,NA,NA,NA,NA,NA
Sarmiento,7,4,Myctophidae,MOC7-Net4-Myc-1,SG2105_MOC7_Net4_ImageJ,1,24.969,NA,7 _ 4,NA,NA,NA,NA,NA,NA,NA,NA,NA,NA,NA,NA,NA,NA,NA,NA,NA,NA,NA,NA,NA,NA,NA,NA
Sarmiento,8,1,Gonostomatidae,MOC8-Net1-Gon-1,SG2105_MOC8_Net1_ImageJ,1,13.104,NA,8 _ 1,NA,NA,NA,NA,NA,NA,NA,NA,NA,NA,NA,NA,NA,NA,NA,NA,NA,NA,NA,NA,NA,NA,NA,NA
Sarmiento,8,1,Gonostomatidae,MOC8-Net1-Gon-2,SG2105_MOC8_Net1_ImageJ,2,10.563,broken body and mangled head,8 _ 1,NA,NA,NA,NA,NA,NA,NA,NA,NA,NA,NA,NA,NA,NA,NA,NA,NA,NA,NA,NA,NA,NA,NA,NA
Sarmiento,8,1,Gonostomatidae,MOC8-Net1-Gon-3,SG2105_MOC8_Net1_ImageJ,3,17.913,NA,8 _ 1,NA,NA,NA,NA,NA,NA,NA,NA,NA,NA,NA,NA,NA,NA,NA,NA,NA,NA,NA,NA,NA,NA,NA,NA
Sarmiento,8,1,Gonostomatidae,MOC8-Net1-Gon-4,SG2105_MOC8_Net1_ImageJ,4,17.115,NA,8 _ 1,NA,NA,NA,NA,NA,NA,NA,NA,NA,NA,NA,NA,NA,NA,NA,NA,NA,NA,NA,NA,NA,NA,NA,NA
Sarmiento,8,1,Gonostomatidae,MOC8-Net1-Gon-5,SG2105_MOC8_Net1_ImageJ,5,12.957,body fragment,8 _ 1,NA,NA,NA,NA,NA,NA,NA,NA,NA,NA,NA,NA,NA,NA,NA,NA,NA,NA,NA,NA,NA,NA,NA,NA
Sarmiento,8,1,Gonostomatidae,MOC8-Net1-Gon-8,SG2105_MOC8_Net1_ImageJ,8,18.753,body fragment,8 _ 1,NA,NA,NA,NA,NA,NA,NA,NA,NA,NA,NA,NA,NA,NA,NA,NA,NA,NA,NA,NA,NA,NA,NA,NA
Sarmiento,8,1,Gonostomatidae,MOC8-Net1-Gon-10,SG2105_MOC8_Net1_ImageJ,10,33.285,NA,8 _ 1,NA,NA,NA,NA,NA,NA,NA,NA,NA,NA,NA,NA,NA,NA,NA,NA,NA,NA,NA,NA,NA,NA,NA,NA
Sarmiento,8,1,Gonostomatidae,MOC8-Net1-Gon-11,SG2105_MOC8_Net1_ImageJ,11,28.6545,NA,8 _ 1,NA,NA,NA,NA,NA,NA,NA,NA,NA,NA,NA,NA,NA,NA,NA,NA,NA,NA,NA,NA,NA,NA,NA,NA
Sarmiento,8,1,Gonostomatidae,MOC8-Net1-Gon-12,SG2105_MOC8_Net1_ImageJ,12,33.6735,NA,8 _ 1,NA,NA,NA,NA,NA,NA,NA,NA,NA,NA,NA,NA,NA,NA,NA,NA,NA,NA,NA,NA,NA,NA,NA,NA
Sarmiento,8,1,Gonostomatidae,MOC8-Net1-Gon-13,SG2105_MOC8_Net1_ImageJ,13,24.864,NA,8 _ 1,NA,NA,NA,NA,NA,NA,NA,NA,NA,NA,NA,NA,NA,NA,NA,NA,NA,NA,NA,NA,NA,NA,NA,NA
Sarmiento,8,1,Gonostomatidae,MOC8-Net1-Gon-14,SG2105_MOC8_Net1_ImageJ,14,30.0825,NA,8 _ 1,NA,NA,NA,NA,NA,NA,NA,NA,NA,NA,NA,NA,NA,NA,NA,NA,NA,NA,NA,NA,NA,NA,NA,NA
Sarmiento,8,1,Gonostomatidae,MOC8-Net1-Gon-15,SG2105_MOC8_Net1_ImageJ,15,32.0565,NA,8 _ 1,NA,NA,NA,NA,NA,NA,NA,NA,NA,NA,NA,NA,NA,NA,NA,NA,NA,NA,NA,NA,NA,NA,NA,NA
Sarmiento,8,1,Gonostomatidae,MOC8-Net1-Gon-16,SG2105_MOC8_Net1_ImageJ,16,31.3845,NA,8 _ 1,NA,NA,NA,NA,NA,NA,NA,NA,NA,NA,NA,NA,NA,NA,NA,NA,NA,NA,NA,NA,NA,NA,NA,NA
Sarmiento,8,1,Gonostomatidae,MOC8-Net1-Gon-17,SG2105_MOC8_Net1_ImageJ,17,32.4555,NA,8 _ 1,NA,NA,NA,NA,NA,NA,NA,NA,NA,NA,NA,NA,NA,NA,NA,NA,NA,NA,NA,NA,NA,NA,NA,NA
Sarmiento,8,1,Gonostomatidae,MOC8-Net1-Gon-18,SG2105_MOC8_Net1_ImageJ,18,16.9785,NA,8 _ 1,NA,NA,NA,NA,NA,NA,NA,NA,NA,NA,NA,NA,NA,NA,NA,NA,NA,NA,NA,NA,NA,NA,NA,NA
Sarmiento,8,1,Gonostomatidae,MOC8-Net1-Gon-19,SG2105_MOC8_Net1_ImageJ,19,15.519,NA,8 _ 1,NA,NA,NA,NA,NA,NA,NA,NA,NA,NA,NA,NA,NA,NA,NA,NA,NA,NA,NA,NA,NA,NA,NA,NA
Sarmiento,8,1,Gonostomatidae,MOC8-Net1-Gon-20,SG2105_MOC8_Net1_ImageJ,20,30.1035,NA,8 _ 1,NA,NA,NA,NA,NA,NA,NA,NA,NA,NA,NA,NA,NA,NA,NA,NA,NA,NA,NA,NA,NA,NA,NA,NA
Sarmiento,8,1,Gonostomatidae,MOC8-Net1-Gon-21,SG2105_MOC8_Net1_ImageJ,21,26.4915,NA,8 _ 1,NA,NA,NA,NA,NA,NA,NA,NA,NA,NA,NA,NA,NA,NA,NA,NA,NA,NA,NA,NA,NA,NA,NA,NA
Sarmiento,8,1,Gonostomatidae,MOC8-Net1-Gon-23,SG2105_MOC8_Net1_ImageJ,23,31.941,NA,8 _ 1,NA,NA,NA,NA,NA,NA,NA,NA,NA,NA,NA,NA,NA,NA,NA,NA,NA,NA,NA,NA,NA,NA,NA,NA
Sarmiento,8,1,Gonostomatidae,MOC8-Net1-Gon-24,SG2105_MOC8_Net1_ImageJ,24,28.518,NA,8 _ 1,NA,NA,NA,NA,NA,NA,NA,NA,NA,NA,NA,NA,NA,NA,NA,NA,NA,NA,NA,NA,NA,NA,NA,NA
Sarmiento,8,1,Gonostomatidae,MOC8-Net1-Gon-25,SG2105_MOC8_Net1_ImageJ,25,28.9905,NA,8 _ 1,NA,NA,NA,NA,NA,NA,NA,NA,NA,NA,NA,NA,NA,NA,NA,NA,NA,NA,NA,NA,NA,NA,NA,NA
Sarmiento,8,1,Gonostomatidae,MOC8-Net1-Gon-26,SG2105_MOC8_Net1_ImageJ,26,47.8275,NA,8 _ 1,NA,NA,NA,NA,NA,NA,NA,NA,NA,NA,NA,NA,NA,NA,NA,NA,NA,NA,NA,NA,NA,NA,NA,NA
Sarmiento,8,1,Gonostomatidae,MOC8-Net1-Gon-27,SG2105_MOC8_Net1_ImageJ,27,19.908,NA,8 _ 1,NA,NA,NA,NA,NA,NA,NA,NA,NA,NA,NA,NA,NA,NA,NA,NA,NA,NA,NA,NA,NA,NA,NA,NA
Sarmiento,8,1,Alepocephalidae,MOC8-Net1-Ale-1,SG2105_MOC8_Net1_ImageJ,31,17.892,NA,8 _ 1,NA,NA,NA,NA,NA,NA,NA,NA,NA,NA,NA,NA,NA,NA,NA,NA,NA,NA,NA,NA,NA,NA,NA,NA
Sarmiento,8,1,Myctophidae,MOC8-Net1-Myc-1,SG2105_MOC8_Net1_ImageJ,32,29.232,NA,8 _ 1,NA,NA,NA,NA,NA,NA,NA,NA,NA,NA,NA,NA,NA,NA,NA,NA,NA,NA,NA,NA,NA,NA,NA,NA
Sarmiento,8,1,Myctophidae,MOC8-Net1-Myc-2,SG2105_MOC8_Net1_ImageJ,33,36.1305,NA,8 _ 1,NA,NA,NA,NA,NA,NA,NA,NA,NA,NA,NA,NA,NA,NA,NA,NA,NA,NA,NA,NA,NA,NA,NA,NA
Sarmiento,8,2,Gonostomatidae,MOC8-Net2-Gon-1,SG2105_MOC8_Net2_ImageJ,1,22.26,NA,8 _ 2,NA,NA,NA,NA,NA,NA,NA,NA,NA,NA,NA,NA,NA,NA,NA,NA,NA,NA,NA,NA,NA,NA,NA,NA
Sarmiento,8,2,Gonostomatidae,MOC8-Net2-Gon-2,SG2105_MOC8_Net2_ImageJ,2,22.239,NA,8 _ 2,NA,NA,NA,NA,NA,NA,NA,NA,NA,NA,NA,NA,NA,NA,NA,NA,NA,NA,NA,NA,NA,NA,NA,NA
Sarmiento,8,2,Gonostomatidae,MOC8-Net2-Gon-3,SG2105_MOC8_Net2_ImageJ,3,18.522,NA,8 _ 2,NA,NA,NA,NA,NA,NA,NA,NA,NA,NA,NA,NA,NA,NA,NA,NA,NA,NA,NA,NA,NA,NA,NA,NA
Sarmiento,8,2,Gonostomatidae,MOC8-Net2-Gon-4,SG2105_MOC8_Net2_ImageJ,4,24.234,NA,8 _ 2,NA,NA,NA,NA,NA,NA,NA,NA,NA,NA,NA,NA,NA,NA,NA,NA,NA,NA,NA,NA,NA,NA,NA,NA
Sarmiento,8,2,Gonostomatidae,MOC8-Net2-Gon-5,SG2105_MOC8_Net2_ImageJ,5,16.716,NA,8 _ 2,NA,NA,NA,NA,NA,NA,NA,NA,NA,NA,NA,NA,NA,NA,NA,NA,NA,NA,NA,NA,NA,NA,NA,NA
Sarmiento,8,2,Gonostomatidae,MOC8-Net2-Gon-6,SG2105_MOC8_Net2_ImageJ,6,21.8925,NA,8 _ 2,NA,NA,NA,NA,NA,NA,NA,NA,NA,NA,NA,NA,NA,NA,NA,NA,NA,NA,NA,NA,NA,NA,NA,NA
Sarmiento,8,2,Gonostomatidae,MOC8-Net2-Gon-7,SG2105_MOC8_Net2_ImageJ,7,24.1395,NA,8 _ 2,NA,NA,NA,NA,NA,NA,NA,NA,NA,NA,NA,NA,NA,NA,NA,NA,NA,NA,NA,NA,NA,NA,NA,NA
Sarmiento,8,2,Gonostomatidae,MOC8-Net2-Gon-8,SG2105_MOC8_Net2_ImageJ,8,18.6795,NA,8 _ 2,NA,NA,NA,NA,NA,NA,NA,NA,NA,NA,NA,NA,NA,NA,NA,NA,NA,NA,NA,NA,NA,NA,NA,NA
Sarmiento,8,2,Gonostomatidae,MOC8-Net2-Gon-9,SG2105_MOC8_Net2_ImageJ,9,16.38,headless,8 _ 2,NA,NA,NA,NA,NA,NA,NA,NA,NA,NA,NA,NA,NA,NA,NA,NA,NA,NA,NA,NA,NA,NA,NA,NA
Sarmiento,8,2,Gonostomatidae,MOC8-Net2-Gon-11,SG2105_MOC8_Net2_ImageJ,11,17.2935,NA,8 _ 2,NA,NA,NA,NA,NA,NA,NA,NA,NA,NA,NA,NA,NA,NA,NA,NA,NA,NA,NA,NA,NA,NA,NA,NA
Sarmiento,8,2,Gonostomatidae,MOC8-Net2-Gon-12,SG2105_MOC8_Net2_ImageJ,12,21.378,NA,8 _ 2,NA,NA,NA,NA,NA,NA,NA,NA,NA,NA,NA,NA,NA,NA,NA,NA,NA,NA,NA,NA,NA,NA,NA,NA
Sarmiento,8,2,Gonostomatidae,MOC8-Net2-Gon-13,SG2105_MOC8_Net2_ImageJ,13,19.2465,NA,8 _ 2,NA,NA,NA,NA,NA,NA,NA,NA,NA,NA,NA,NA,NA,NA,NA,NA,NA,NA,NA,NA,NA,NA,NA,NA
Sarmiento,8,2,Gonostomatidae,MOC8-Net2-Gon-14,SG2105_MOC8_Net2_ImageJ,14,17.346,NA,8 _ 2,NA,NA,NA,NA,NA,NA,NA,NA,NA,NA,NA,NA,NA,NA,NA,NA,NA,NA,NA,NA,NA,NA,NA,NA
Sarmiento,8,2,Gonostomatidae,MOC8-Net2-Gon-15,SG2105_MOC8_Net2_ImageJ,15,23.5515,head damaged,8 _ 2,NA,NA,NA,NA,NA,NA,NA,NA,NA,NA,NA,NA,NA,NA,NA,NA,NA,NA,NA,NA,NA,NA,NA,NA
Sarmiento,8,2,Gonostomatidae,MOC8-Net2-Gon-16,SG2105_MOC8_Net2_ImageJ,16,16.9995,headless,8 _ 2,NA,NA,NA,NA,NA,NA,NA,NA,NA,NA,NA,NA,NA,NA,NA,NA,NA,NA,NA,NA,NA,NA,NA,NA
Sarmiento,8,2,Gonostomatidae,MOC8-Net2-Gon-19,SG2105_MOC8_Net2_ImageJ,19,15.141,"body broken, head attached",8 _ 2,NA,NA,NA,NA,NA,NA,NA,NA,NA,NA,NA,NA,NA,NA,NA,NA,NA,NA,NA,NA,NA,NA,NA,NA
Sarmiento,8,3,Sternoptychidae,MOC8-Net3-Ste-1,SG2105_MOC8_Net3_ImageJ,2,14.8365,NA,8 _ 3,NA,NA,NA,NA,NA,NA,NA,NA,NA,NA,NA,NA,NA,NA,NA,NA,NA,NA,NA,NA,NA,NA,NA,NA
Sarmiento,8,4,Myctophidae,MOC8-Net4-Myc-1,SG2105_MOC8_Net4_ImageJ_1,1,23.331,NA,8 _ 4,NA,NA,NA,NA,NA,NA,NA,NA,NA,NA,NA,NA,NA,NA,NA,NA,NA,NA,NA,NA,NA,NA,NA,NA
Sarmiento,8,4,Myctophidae,MOC8-Net4-Myc-2,SG2105_MOC8_Net4_ImageJ_1,2,27.5205,NA,8 _ 4,NA,NA,NA,NA,NA,NA,NA,NA,NA,NA,NA,NA,NA,NA,NA,NA,NA,NA,NA,NA,NA,NA,NA,NA
Sarmiento,8,4,Myctophidae,MOC8-Net4-Myc-3,SG2105_MOC8_Net4_ImageJ_1,3,27.132,NA,8 _ 4,NA,NA,NA,NA,NA,NA,NA,NA,NA,NA,NA,NA,NA,NA,NA,NA,NA,NA,NA,NA,NA,NA,NA,NA
Sarmiento,8,4,Myctophidae,MOC8-Net4-Myc-4,SG2105_MOC8_Net4_ImageJ_1,4,16.779,NA,8 _ 4,NA,NA,NA,NA,NA,NA,NA,NA,NA,NA,NA,NA,NA,NA,NA,NA,NA,NA,NA,NA,NA,NA,NA,NA
Sarmiento,8,4,Myctophidae,MOC8-Net4-Myc-5,SG2105_MOC8_Net4_ImageJ_1,5,15.0675,NA,8 _ 4,NA,NA,NA,NA,NA,NA,NA,NA,NA,NA,NA,NA,NA,NA,NA,NA,NA,NA,NA,NA,NA,NA,NA,NA
Sarmiento,8,4,Myctophidae,MOC8-Net4-Myc-6,SG2105_MOC8_Net4_ImageJ_1,6,26.5335,NA,8 _ 4,NA,NA,NA,NA,NA,NA,NA,NA,NA,NA,NA,NA,NA,NA,NA,NA,NA,NA,NA,NA,NA,NA,NA,NA
Sarmiento,8,4,Myctophidae,MOC8-Net4-Myc-7,SG2105_MOC8_Net4_ImageJ_1,7,15.1095,NA,8 _ 4,NA,NA,NA,NA,NA,NA,NA,NA,NA,NA,NA,NA,NA,NA,NA,NA,NA,NA,NA,NA,NA,NA,NA,NA
Sarmiento,8,4,Myctophidae,MOC8-Net4-Myc-8,SG2105_MOC8_Net4_ImageJ_1,8,25.4625,NA,8 _ 4,NA,NA,NA,NA,NA,NA,NA,NA,NA,NA,NA,NA,NA,NA,NA,NA,NA,NA,NA,NA,NA,NA,NA,NA
Sarmiento,8,4,Myctophidae,MOC8-Net4-Myc-9,SG2105_MOC8_Net4_ImageJ_1,9,18.039,NA,8 _ 4,NA,NA,NA,NA,NA,NA,NA,NA,NA,NA,NA,NA,NA,NA,NA,NA,NA,NA,NA,NA,NA,NA,NA,NA
Sarmiento,8,4,Myctophidae,MOC8-Net4-Myc-10,SG2105_MOC8_Net4_ImageJ_1,10,48.2265,NA,8 _ 4,NA,NA,NA,NA,NA,NA,NA,NA,NA,NA,NA,NA,NA,NA,NA,NA,NA,NA,NA,NA,NA,NA,NA,NA
Sarmiento,8,4,Myctophidae,MOC8-Net4-Myc-11,SG2105_MOC8_Net4_ImageJ_1,11,27.846,NA,8 _ 4,NA,NA,NA,NA,NA,NA,NA,NA,NA,NA,NA,NA,NA,NA,NA,NA,NA,NA,NA,NA,NA,NA,NA,NA
Sarmiento,8,4,Myctophidae,MOC8-Net4-Myc-12,SG2105_MOC8_Net4_ImageJ_1,12,29.7675,NA,8 _ 4,NA,NA,NA,NA,NA,NA,NA,NA,NA,NA,NA,NA,NA,NA,NA,NA,NA,NA,NA,NA,NA,NA,NA,NA
Sarmiento,8,4,Myctophidae,MOC8-Net4-Myc-13,SG2105_MOC8_Net4_ImageJ_1,13,24.6225,NA,8 _ 4,NA,NA,NA,NA,NA,NA,NA,NA,NA,NA,NA,NA,NA,NA,NA,NA,NA,NA,NA,NA,NA,NA,NA,NA
Sarmiento,8,4,Myctophidae,MOC8-Net4-Myc-14,SG2105_MOC8_Net4_ImageJ_1,14,24.5385,NA,8 _ 4,NA,NA,NA,NA,NA,NA,NA,NA,NA,NA,NA,NA,NA,NA,NA,NA,NA,NA,NA,NA,NA,NA,NA,NA
Sarmiento,8,4,Myctophidae,MOC8-Net4-Myc-15,SG2105_MOC8_Net4_ImageJ_1,15,21.8085,NA,8 _ 4,NA,NA,NA,NA,NA,NA,NA,NA,NA,NA,NA,NA,NA,NA,NA,NA,NA,NA,NA,NA,NA,NA,NA,NA
Sarmiento,8,4,Myctophidae,MOC8-Net4-Myc-16,SG2105_MOC8_Net4_ImageJ_1,16,24.3285,NA,8 _ 4,NA,NA,NA,NA,NA,NA,NA,NA,NA,NA,NA,NA,NA,NA,NA,NA,NA,NA,NA,NA,NA,NA,NA,NA
Sarmiento,8,4,Myctophidae,MOC8-Net4-Myc-17,SG2105_MOC8_Net4_ImageJ_1,17,28.182,NA,8 _ 4,NA,NA,NA,NA,NA,NA,NA,NA,NA,NA,NA,NA,NA,NA,NA,NA,NA,NA,NA,NA,NA,NA,NA,NA
Sarmiento,8,4,Myctophidae,MOC8-Net4-Myc-18,SG2105_MOC8_Net4_ImageJ_1,18,19.9815,NA,8 _ 4,NA,NA,NA,NA,NA,NA,NA,NA,NA,NA,NA,NA,NA,NA,NA,NA,NA,NA,NA,NA,NA,NA,NA,NA
Sarmiento,8,4,Myctophidae,MOC8-Net4-Myc-19,SG2105_MOC8_Net4_ImageJ_1,19,12.747,NA,8 _ 4,NA,NA,NA,NA,NA,NA,NA,NA,NA,NA,NA,NA,NA,NA,NA,NA,NA,NA,NA,NA,NA,NA,NA,NA
Sarmiento,8,4,Myctophidae,MOC8-Net4-Myc-20,SG2105_MOC8_Net4_ImageJ_1,20,28.707,NA,8 _ 4,NA,NA,NA,NA,NA,NA,NA,NA,NA,NA,NA,NA,NA,NA,NA,NA,NA,NA,NA,NA,NA,NA,NA,NA
Sarmiento,8,4,Myctophidae,MOC8-Net4-Myc-21,SG2105_MOC8_Net4_ImageJ_1,21,28.686,NA,8 _ 4,NA,NA,NA,NA,NA,NA,NA,NA,NA,NA,NA,NA,NA,NA,NA,NA,NA,NA,NA,NA,NA,NA,NA,NA
Sarmiento,8,4,Myctophidae,MOC8-Net4-Myc-22,SG2105_MOC8_Net4_ImageJ_1,22,29.5155,NA,8 _ 4,NA,NA,NA,NA,NA,NA,NA,NA,NA,NA,NA,NA,NA,NA,NA,NA,NA,NA,NA,NA,NA,NA,NA,NA
Sarmiento,8,4,Myctophidae,MOC8-Net4-Myc-23,SG2105_MOC8_Net4_ImageJ_1,23,28.8855,NA,8 _ 4,NA,NA,NA,NA,NA,NA,NA,NA,NA,NA,NA,NA,NA,NA,NA,NA,NA,NA,NA,NA,NA,NA,NA,NA
Sarmiento,8,4,Myctophidae,MOC8-Net4-Myc-24,SG2105_MOC8_Net4_ImageJ_1,24,27.51,NA,8 _ 4,NA,NA,NA,NA,NA,NA,NA,NA,NA,NA,NA,NA,NA,NA,NA,NA,NA,NA,NA,NA,NA,NA,NA,NA
Sarmiento,8,4,Myctophidae,MOC8-Net4-Myc-25,SG2105_MOC8_Net4_ImageJ_1,25,28.266,NA,8 _ 4,NA,NA,NA,NA,NA,NA,NA,NA,NA,NA,NA,NA,NA,NA,NA,NA,NA,NA,NA,NA,NA,NA,NA,NA
Sarmiento,8,4,Myctophidae,MOC8-Net4-Myc-26,SG2105_MOC8_Net4_ImageJ_1,26,22.764,NA,8 _ 4,NA,NA,NA,NA,NA,NA,NA,NA,NA,NA,NA,NA,NA,NA,NA,NA,NA,NA,NA,NA,NA,NA,NA,NA
Sarmiento,8,4,Myctophidae,MOC8-Net4-Myc-27,SG2105_MOC8_Net4_ImageJ_1,27,11.2665,NA,8 _ 4,NA,NA,NA,NA,NA,NA,NA,NA,NA,NA,NA,NA,NA,NA,NA,NA,NA,NA,NA,NA,NA,NA,NA,NA
Sarmiento,8,4,Myctophidae,MOC8-Net4-Myc-28,SG2105_MOC8_Net4_ImageJ_1,28,22.071,NA,8 _ 4,NA,NA,NA,NA,NA,NA,NA,NA,NA,NA,NA,NA,NA,NA,NA,NA,NA,NA,NA,NA,NA,NA,NA,NA
Sarmiento,8,4,Myctophidae,MOC8-Net4-Myc-29,SG2105_MOC8_Net4_ImageJ_1,29,21.63,NA,8 _ 4,NA,NA,NA,NA,NA,NA,NA,NA,NA,NA,NA,NA,NA,NA,NA,NA,NA,NA,NA,NA,NA,NA,NA,NA
Sarmiento,8,4,Myctophidae,MOC8-Net4-Myc-30,SG2105_MOC8_Net4_ImageJ_1,30,27.594,NA,8 _ 4,NA,NA,NA,NA,NA,NA,NA,NA,NA,NA,NA,NA,NA,NA,NA,NA,NA,NA,NA,NA,NA,NA,NA,NA
Sarmiento,8,4,Myctophidae,MOC8-Net4-Myc-31,SG2105_MOC8_Net4_ImageJ_1,31,27.1635,NA,8 _ 4,NA,NA,NA,NA,NA,NA,NA,NA,NA,NA,NA,NA,NA,NA,NA,NA,NA,NA,NA,NA,NA,NA,NA,NA
Sarmiento,8,4,Myctophidae,MOC8-Net4-Myc-32,SG2105_MOC8_Net4_ImageJ_1,32,13.482,NA,8 _ 4,NA,NA,NA,NA,NA,NA,NA,NA,NA,NA,NA,NA,NA,NA,NA,NA,NA,NA,NA,NA,NA,NA,NA,NA
Sarmiento,8,4,Myctophidae,MOC8-Net4-Myc-33,SG2105_MOC8_Net4_ImageJ_1,33,11.5185,NA,8 _ 4,NA,NA,NA,NA,NA,NA,NA,NA,NA,NA,NA,NA,NA,NA,NA,NA,NA,NA,NA,NA,NA,NA,NA,NA
Sarmiento,8,4,Myctophidae,MOC8-Net4-Myc-34,SG2105_MOC8_Net4_ImageJ_1,34,26.607,NA,8 _ 4,NA,NA,NA,NA,NA,NA,NA,NA,NA,NA,NA,NA,NA,NA,NA,NA,NA,NA,NA,NA,NA,NA,NA,NA
Sarmiento,8,4,Myctophidae,MOC8-Net4-Myc-35,SG2105_MOC8_Net4_ImageJ_1,35,19.8555,NA,8 _ 4,NA,NA,NA,NA,NA,NA,NA,NA,NA,NA,NA,NA,NA,NA,NA,NA,NA,NA,NA,NA,NA,NA,NA,NA
Sarmiento,8,4,Myctophidae,MOC8-Net4-Myc-36,SG2105_MOC8_Net4_ImageJ_1,36,15.561,NA,8 _ 4,NA,NA,NA,NA,NA,NA,NA,NA,NA,NA,NA,NA,NA,NA,NA,NA,NA,NA,NA,NA,NA,NA,NA,NA
Sarmiento,8,4,Myctophidae,MOC8-Net4-Myc-37,SG2105_MOC8_Net4_ImageJ_1,37,32.0145,NA,8 _ 4,NA,NA,NA,NA,NA,NA,NA,NA,NA,NA,NA,NA,NA,NA,NA,NA,NA,NA,NA,NA,NA,NA,NA,NA
Sarmiento,8,4,Myctophidae,MOC8-Net4-Myc-38,SG2105_MOC8_Net4_ImageJ_1,38,28.896,NA,8 _ 4,NA,NA,NA,NA,NA,NA,NA,NA,NA,NA,NA,NA,NA,NA,NA,NA,NA,NA,NA,NA,NA,NA,NA,NA
Sarmiento,8,4,Myctophidae,MOC8-Net4-Myc-39,SG2105_MOC8_Net4_ImageJ_1,39,16.1175,NA,8 _ 4,NA,NA,NA,NA,NA,NA,NA,NA,NA,NA,NA,NA,NA,NA,NA,NA,NA,NA,NA,NA,NA,NA,NA,NA
Sarmiento,8,4,Myctophidae,MOC8-Net4-Myc-40,SG2105_MOC8_Net4_ImageJ_1,40,11.949,headless,8 _ 4,NA,NA,NA,NA,NA,NA,NA,NA,NA,NA,NA,NA,NA,NA,NA,NA,NA,NA,NA,NA,NA,NA,NA,NA
Sarmiento,8,4,Myctophidae,MOC8-Net4-Myc-41,SG2105_MOC8_Net4_ImageJ_1,41,31.0065,NA,8 _ 4,NA,NA,NA,NA,NA,NA,NA,NA,NA,NA,NA,NA,NA,NA,NA,NA,NA,NA,NA,NA,NA,NA,NA,NA
Sarmiento,8,4,Myctophidae,MOC8-Net4-Myc-43,SG2105_MOC8_Net4_ImageJ_1,43,14.3325,NA,8 _ 4,NA,NA,NA,NA,NA,NA,NA,NA,NA,NA,NA,NA,NA,NA,NA,NA,NA,NA,NA,NA,NA,NA,NA,NA
Sarmiento,8,4,Sternoptychidae,MOC8-Net4-Ste-1,SG2105_MOC8_Net4_ImageJ_2,1,23.9085,NA,8 _ 4,NA,NA,NA,NA,NA,NA,NA,NA,NA,NA,NA,NA,NA,NA,NA,NA,NA,NA,NA,NA,NA,NA,NA,NA
Sarmiento,9,1,Gonostomatidae,MOC9-Net1-Gon-1,SG2105_MOC9_Net1_ImageJ,1,27.447,NA,9 _ 1,NA,NA,NA,NA,NA,NA,NA,NA,NA,NA,NA,NA,NA,NA,NA,NA,NA,NA,NA,NA,NA,NA,NA,NA
Sarmiento,9,1,Gonostomatidae,MOC9-Net1-Gon-3,SG2105_MOC9_Net1_ImageJ,3,11.067,body only,9 _ 1,NA,NA,NA,NA,NA,NA,NA,NA,NA,NA,NA,NA,NA,NA,NA,NA,NA,NA,NA,NA,NA,NA,NA,NA
Sarmiento,9,1,Gonostomatidae,MOC9-Net1-Gon-4,SG2105_MOC9_Net1_ImageJ,4,18.5115,"body broken, head present",9 _ 1,NA,NA,NA,NA,NA,NA,NA,NA,NA,NA,NA,NA,NA,NA,NA,NA,NA,NA,NA,NA,NA,NA,NA,NA
Sarmiento,9,1,Gonostomatidae,MOC9-Net1-Gon-5,SG2105_MOC9_Net1_ImageJ,5,11.6025,NA,9 _ 1,NA,NA,NA,NA,NA,NA,NA,NA,NA,NA,NA,NA,NA,NA,NA,NA,NA,NA,NA,NA,NA,NA,NA,NA
Sarmiento,9,2,Myctophidae,MOC9-Net2-Myc-1,SG2105_MOC9_Net2_ImageJ,3,13.881,NA,9 _ 2,NA,NA,NA,NA,NA,NA,NA,NA,NA,NA,NA,NA,NA,NA,NA,NA,NA,NA,NA,NA,NA,NA,NA,NA
Sarmiento,9,2,Alepocephalidae,MOC9-Net2-Ale-1,SG2105_MOC9_Net2_ImageJ,4,18.438,NA,9 _ 2,NA,NA,NA,NA,NA,NA,NA,NA,NA,NA,NA,NA,NA,NA,NA,NA,NA,NA,NA,NA,NA,NA,NA,NA
Sarmiento,9,2,Gonostomatidae,MOC9-Net2-Gon-1,SG2105_MOC9_Net2_ImageJ,8,19.761,NA,9 _ 2,NA,NA,NA,NA,NA,NA,NA,NA,NA,NA,NA,NA,NA,NA,NA,NA,NA,NA,NA,NA,NA,NA,NA,NA
Sarmiento,9,2,Gonostomatidae,MOC9-Net2-Gon-2,SG2105_MOC9_Net2_ImageJ,9,19.236,NA,9 _ 2,NA,NA,NA,NA,NA,NA,NA,NA,NA,NA,NA,NA,NA,NA,NA,NA,NA,NA,NA,NA,NA,NA,NA,NA
Sarmiento,9,2,Gonostomatidae,MOC9-Net2-Gon-3,SG2105_MOC9_Net2_ImageJ,10,32.0355,NA,9 _ 2,NA,NA,NA,NA,NA,NA,NA,NA,NA,NA,NA,NA,NA,NA,NA,NA,NA,NA,NA,NA,NA,NA,NA,NA
Sarmiento,9,2,Gonostomatidae,MOC9-Net2-Gon-4,SG2105_MOC9_Net2_ImageJ,11,18.1965,NA,9 _ 2,NA,NA,NA,NA,NA,NA,NA,NA,NA,NA,NA,NA,NA,NA,NA,NA,NA,NA,NA,NA,NA,NA,NA,NA
Sarmiento,9,3,Myctophidae,MOC9-Net3-Myc-1,SG2105_MOC9_Net3_ImageJ,33,31.605,NA,9 _ 3,NA,NA,NA,NA,NA,NA,NA,NA,NA,NA,NA,NA,NA,NA,NA,NA,NA,NA,NA,NA,NA,NA,NA,NA
Sarmiento,9,3,Myctophidae,MOC9-Net3-Myc-2,SG2105_MOC9_Net3_ImageJ,34,19.719,NA,9 _ 3,NA,NA,NA,NA,NA,NA,NA,NA,NA,NA,NA,NA,NA,NA,NA,NA,NA,NA,NA,NA,NA,NA,NA,NA
Sarmiento,9,4,Myctophidae,MOC9-Net4-Myc-1,SG2105_MOC9_Net4_ImageJ,1,36.918,NA,9 _ 4,NA,NA,NA,NA,NA,NA,NA,NA,NA,NA,NA,NA,NA,NA,NA,NA,NA,NA,NA,NA,NA,NA,NA,NA
Sarmiento,9,4,Myctophidae,MOC9-Net4-Myc-2,SG2105_MOC9_Net4_ImageJ,2,30.135,NA,9 _ 4,NA,NA,NA,NA,NA,NA,NA,NA,NA,NA,NA,NA,NA,NA,NA,NA,NA,NA,NA,NA,NA,NA,NA,NA
Sarmiento,9,4,Myctophidae,MOC9-Net4-Myc-3,SG2105_MOC9_Net4_ImageJ,3,28.9905,NA,9 _ 4,NA,NA,NA,NA,NA,NA,NA,NA,NA,NA,NA,NA,NA,NA,NA,NA,NA,NA,NA,NA,NA,NA,NA,NA
Sarmiento,9,4,Myctophidae,MOC9-Net4-Myc-4,SG2105_MOC9_Net4_ImageJ,4,27.993,NA,9 _ 4,NA,NA,NA,NA,NA,NA,NA,NA,NA,NA,NA,NA,NA,NA,NA,NA,NA,NA,NA,NA,NA,NA,NA,NA
Sarmiento,9,4,Myctophidae,MOC9-Net4-Myc-5,SG2105_MOC9_Net4_ImageJ,5,27.111,NA,9 _ 4,NA,NA,NA,NA,NA,NA,NA,NA,NA,NA,NA,NA,NA,NA,NA,NA,NA,NA,NA,NA,NA,NA,NA,NA
Sarmiento,9,4,Myctophidae,MOC9-Net4-Myc-6,SG2105_MOC9_Net4_ImageJ,6,29.2215,NA,9 _ 4,NA,NA,NA,NA,NA,NA,NA,NA,NA,NA,NA,NA,NA,NA,NA,NA,NA,NA,NA,NA,NA,NA,NA,NA
Sarmiento,9,4,Myctophidae,MOC9-Net4-Myc-7,SG2105_MOC9_Net4_ImageJ,7,38.346,NA,9 _ 4,NA,NA,NA,NA,NA,NA,NA,NA,NA,NA,NA,NA,NA,NA,NA,NA,NA,NA,NA,NA,NA,NA,NA,NA
Sarmiento,9,4,Myctophidae,MOC9-Net4-Myc-8,SG2105_MOC9_Net4_ImageJ,8,27.7095,NA,9 _ 4,NA,NA,NA,NA,NA,NA,NA,NA,NA,NA,NA,NA,NA,NA,NA,NA,NA,NA,NA,NA,NA,NA,NA,NA
Sarmiento,9,4,Myctophidae,MOC9-Net4-Myc-9,SG2105_MOC9_Net4_ImageJ,9,13.209,NA,9 _ 4,NA,NA,NA,NA,NA,NA,NA,NA,NA,NA,NA,NA,NA,NA,NA,NA,NA,NA,NA,NA,NA,NA,NA,NA
Sarmiento,9,4,Myctophidae,MOC9-Net4-Myc-10,SG2105_MOC9_Net4_ImageJ,10,29.169,NA,9 _ 4,NA,NA,NA,NA,NA,NA,NA,NA,NA,NA,NA,NA,NA,NA,NA,NA,NA,NA,NA,NA,NA,NA,NA,NA
Sarmiento,9,4,Myctophidae,MOC9-Net4-Myc-11,SG2105_MOC9_Net4_ImageJ,11,36.33,NA,9 _ 4,NA,NA,NA,NA,NA,NA,NA,NA,NA,NA,NA,NA,NA,NA,NA,NA,NA,NA,NA,NA,NA,NA,NA,NA
Sarmiento,9,4,Myctophidae,MOC9-Net4-Myc-12,SG2105_MOC9_Net4_ImageJ,12,26.9115,NA,9 _ 4,NA,NA,NA,NA,NA,NA,NA,NA,NA,NA,NA,NA,NA,NA,NA,NA,NA,NA,NA,NA,NA,NA,NA,NA
Sarmiento,9,4,Myctophidae,MOC9-Net4-Myc-13,SG2105_MOC9_Net4_ImageJ,13,15.3825,NA,9 _ 4,NA,NA,NA,NA,NA,NA,NA,NA,NA,NA,NA,NA,NA,NA,NA,NA,NA,NA,NA,NA,NA,NA,NA,NA
Sarmiento,9,4,Myctophidae,MOC9-Net4-Myc-14,SG2105_MOC9_Net4_ImageJ,14,10.7835,NA,9 _ 4,NA,NA,NA,NA,NA,NA,NA,NA,NA,NA,NA,NA,NA,NA,NA,NA,NA,NA,NA,NA,NA,NA,NA,NA
Sarmiento,9,4,Myctophidae,MOC9-Net4-Myc-15,SG2105_MOC9_Net4_ImageJ,15,31.6575,NA,9 _ 4,NA,NA,NA,NA,NA,NA,NA,NA,NA,NA,NA,NA,NA,NA,NA,NA,NA,NA,NA,NA,NA,NA,NA,NA
Sarmiento,9,4,Myctophidae,MOC9-Net4-Myc-16,SG2105_MOC9_Net4_ImageJ,16,17.808,body fragment,9 _ 4,NA,NA,NA,NA,NA,NA,NA,NA,NA,NA,NA,NA,NA,NA,NA,NA,NA,NA,NA,NA,NA,NA,NA,NA
Sarmiento,9,4,Myctophidae,MOC9-Net4-Myc-17,SG2105_MOC9_Net4_ImageJ,17,15.729,body fragment,9 _ 4,NA,NA,NA,NA,NA,NA,NA,NA,NA,NA,NA,NA,NA,NA,NA,NA,NA,NA,NA,NA,NA,NA,NA,NA
Sarmiento,9,4,Myctophidae,MOC9-Net4-Myc-18,SG2105_MOC9_Net4_ImageJ,18,20.4015,body fragment,9 _ 4,NA,NA,NA,NA,NA,NA,NA,NA,NA,NA,NA,NA,NA,NA,NA,NA,NA,NA,NA,NA,NA,NA,NA,NA
Sarmiento,9,4,Myctophidae,MOC9-Net4-Myc-19,SG2105_MOC9_Net4_ImageJ,19,11.1405,body fragment,9 _ 4,NA,NA,NA,NA,NA,NA,NA,NA,NA,NA,NA,NA,NA,NA,NA,NA,NA,NA,NA,NA,NA,NA,NA,NA
Sarmiento,9,4,Myctophidae,MOC9-Net4-Myc-20,SG2105_MOC9_Net4_ImageJ,20,14.385,body fragment,9 _ 4,NA,NA,NA,NA,NA,NA,NA,NA,NA,NA,NA,NA,NA,NA,NA,NA,NA,NA,NA,NA,NA,NA,NA,NA
Sarmiento,9,4,Myctophidae,MOC9-Net4-Myc-22,SG2105_MOC9_Net4_ImageJ,22,18.3015,body fragment,9 _ 4,NA,NA,NA,NA,NA,NA,NA,NA,NA,NA,NA,NA,NA,NA,NA,NA,NA,NA,NA,NA,NA,NA,NA,NA
Sarmiento,9,4,Myctophidae,MOC9-Net4-Myc-23,SG2105_MOC9_Net4_ImageJ,23,20.706,"broken, head present",9 _ 4,NA,NA,NA,NA,NA,NA,NA,NA,NA,NA,NA,NA,NA,NA,NA,NA,NA,NA,NA,NA,NA,NA,NA,NA
Sarmiento,9,4,Myctophidae,MOC9-Net4-Myc-24,SG2105_MOC9_Net4_ImageJ,24,11.886,head only,9 _ 4,NA,NA,NA,NA,NA,NA,NA,NA,NA,NA,NA,NA,NA,NA,NA,NA,NA,NA,NA,NA,NA,NA,NA,NA
Sarmiento,9,4,Myctophidae,MOC9-Net4-Myc-25,SG2105_MOC9_Net4_ImageJ,25,10.7835,head only,9 _ 4,NA,NA,NA,NA,NA,NA,NA,NA,NA,NA,NA,NA,NA,NA,NA,NA,NA,NA,NA,NA,NA,NA,NA,NA
Sarmiento,9,4,Myctophidae,MOC9-Net4-Myc-26,SG2105_MOC9_Net4_ImageJ,26,15.9915,head fragments,9 _ 4,NA,NA,NA,NA,NA,NA,NA,NA,NA,NA,NA,NA,NA,NA,NA,NA,NA,NA,NA,NA,NA,NA,NA,NA
Sarmiento,1,1,Gonostomatidae,MOC1-Net1-Gon-1,SG2105_MOC1_Net1_ImageJ,1,30.387,NA,1 _ 1,NA,NA,NA,NA,NA,NA,NA,NA,NA,NA,NA,NA,NA,NA,NA,NA,NA,NA,NA,NA,NA,NA,NA,NA
Sarmiento,1,1,Gonostomatidae,MOC1-Net1-Gon-2,SG2105_MOC1_Net1_ImageJ,2,31.857,NA,1 _ 1,NA,NA,NA,NA,NA,NA,NA,NA,NA,NA,NA,NA,NA,NA,NA,NA,NA,NA,NA,NA,NA,NA,NA,NA
Sarmiento,1,1,Gonostomatidae,MOC1-Net1-Gon-3,SG2105_MOC1_Net1_ImageJ,3,32.3925,NA,1 _ 1,NA,NA,NA,NA,NA,NA,NA,NA,NA,NA,NA,NA,NA,NA,NA,NA,NA,NA,NA,NA,NA,NA,NA,NA
Sarmiento,1,1,Myctophidae,MOC1-Net1-Myc-1,SG2105_MOC1_Net1_ImageJ,4,13.524,NA,1 _ 1,NA,NA,NA,NA,NA,NA,NA,NA,NA,NA,NA,NA,NA,NA,NA,NA,NA,NA,NA,NA,NA,NA,NA,NA
Sarmiento,1,3,Sternoptychidae,MOC1-Net3-Ste-1,SG2105_MOC1_Net3_ImageJ,1,22.722,NA,1 _ 3,NA,NA,NA,NA,NA,NA,NA,NA,NA,NA,NA,NA,NA,NA,NA,NA,NA,NA,NA,NA,NA,NA,NA,NA
Sarmiento,1,3,Myctophidae,MOC1-Net3-Myc-1,SG2105_MOC1_Net3_ImageJ,2,25.452,NA,1 _ 3,NA,NA,NA,NA,NA,NA,NA,NA,NA,NA,NA,NA,NA,NA,NA,NA,NA,NA,NA,NA,NA,NA,NA,NA
Sarmiento,1,3,Paralepididae,MOC1-Net3-Par-1,SG2105_MOC1_Net3_ImageJ,3,39.606,NA,1 _ 3,NA,NA,NA,NA,NA,NA,NA,NA,NA,NA,NA,NA,NA,NA,NA,NA,NA,NA,NA,NA,NA,NA,NA,NA
Sarmiento,2,1,Myctophidae,MOC2-Net1-Myc-1,SG2105_MOC2_Net1_ImageJ,1,11.025,NA,2 _ 1,NA,NA,NA,NA,NA,NA,NA,NA,NA,NA,NA,NA,NA,NA,NA,NA,NA,NA,NA,NA,NA,NA,NA,NA
Sarmiento,2,1,Gonostomatidae,MOC2-Net1-Gon-1,SG2105_MOC2_Net1_ImageJ,2,18.417,NA,2 _ 1,NA,NA,NA,NA,NA,NA,NA,NA,NA,NA,NA,NA,NA,NA,NA,NA,NA,NA,NA,NA,NA,NA,NA,NA
Sarmiento,2,1,Alepocephalidae,MOC2-Net1-Ale-1,SG2105_MOC2_Net1_ImageJ,3,16.3065,NA,2 _ 1,NA,NA,NA,NA,NA,NA,NA,NA,NA,NA,NA,NA,NA,NA,NA,NA,NA,NA,NA,NA,NA,NA,NA,NA
Sarmiento,2,2,Paralepididae,MOC2-Net2-Par-1,SG2105_MOC2_Net2_ImageJ,1,33.642,NA,2 _ 2,NA,NA,NA,NA,NA,NA,NA,NA,NA,NA,NA,NA,NA,NA,NA,NA,NA,NA,NA,NA,NA,NA,NA,NA
Sarmiento,2,3,Paralepididae,MOC2-Net3-Par-1,SG2105_MOC2_Net3_ImageJ,1,17.1045,NA,2 _ 3,NA,NA,NA,NA,NA,NA,NA,NA,NA,NA,NA,NA,NA,NA,NA,NA,NA,NA,NA,NA,NA,NA,NA,NA
Sarmiento,2,3,Paralepididae,MOC2-Net3-Par-2,SG2105_MOC2_Net3_ImageJ,2,21.4095,NA,2 _ 3,NA,NA,NA,NA,NA,NA,NA,NA,NA,NA,NA,NA,NA,NA,NA,NA,NA,NA,NA,NA,NA,NA,NA,NA
Sarmiento,2,3,Paralepididae,MOC2-Net3-Par-3,SG2105_MOC2_Net3_ImageJ,3,21.021,NA,2 _ 3,NA,NA,NA,NA,NA,NA,NA,NA,NA,NA,NA,NA,NA,NA,NA,NA,NA,NA,NA,NA,NA,NA,NA,NA
Sarmiento,2,3,Paralepididae,MOC2-Net3-Par-4,SG2105_MOC2_Net3_ImageJ,4,19.656,NA,2 _ 3,NA,NA,NA,NA,NA,NA,NA,NA,NA,NA,NA,NA,NA,NA,NA,NA,NA,NA,NA,NA,NA,NA,NA,NA
Sarmiento,2,3,Paralepididae,MOC2-Net3-Par-5,SG2105_MOC2_Net3_ImageJ,5,21.966,NA,2 _ 3,NA,NA,NA,NA,NA,NA,NA,NA,NA,NA,NA,NA,NA,NA,NA,NA,NA,NA,NA,NA,NA,NA,NA,NA
Sarmiento,2,3,Paralepididae,MOC2-Net3-Par-6,SG2105_MOC2_Net3_ImageJ,6,20.4225,NA,2 _ 3,NA,NA,NA,NA,NA,NA,NA,NA,NA,NA,NA,NA,NA,NA,NA,NA,NA,NA,NA,NA,NA,NA,NA,NA
Sarmiento,2,3,Sternoptychidae,MOC2-Net3-Ste-1,SG2105_MOC2_Net3_ImageJ,7,14.1225,NA,2 _ 3,NA,NA,NA,NA,NA,NA,NA,NA,NA,NA,NA,NA,NA,NA,NA,NA,NA,NA,NA,NA,NA,NA,NA,NA
Sarmiento,2,3,Sternoptychidae,MOC2-Net3-Ste-2,SG2105_MOC2_Net3_ImageJ,8,17.1465,NA,2 _ 3,NA,NA,NA,NA,NA,NA,NA,NA,NA,NA,NA,NA,NA,NA,NA,NA,NA,NA,NA,NA,NA,NA,NA,NA
Sarmiento,2,4,Myctophidae,MOC2-Net4-Myc-1,SG2105_MOC2_Net4_ImageJ,1,14.2695,NA,2 _ 4,NA,NA,NA,NA,NA,NA,NA,NA,NA,NA,NA,NA,NA,NA,NA,NA,NA,NA,NA,NA,NA,NA,NA,NA
Sarmiento,2,4,Myctophidae,MOC2-Net4-Myc-2,SG2105_MOC2_Net4_ImageJ,2,24.906,NA,2 _ 4,NA,NA,NA,NA,NA,NA,NA,NA,NA,NA,NA,NA,NA,NA,NA,NA,NA,NA,NA,NA,NA,NA,NA,NA
Sarmiento,2,4,Myctophidae,MOC2-Net4-Myc-3,SG2105_MOC2_Net4_ImageJ,3,22.449,NA,2 _ 4,NA,NA,NA,NA,NA,NA,NA,NA,NA,NA,NA,NA,NA,NA,NA,NA,NA,NA,NA,NA,NA,NA,NA,NA
Sarmiento,2,4,Myctophidae,MOC2-Net4-Myc-4,SG2105_MOC2_Net4_ImageJ,4,24.4335,NA,2 _ 4,NA,NA,NA,NA,NA,NA,NA,NA,NA,NA,NA,NA,NA,NA,NA,NA,NA,NA,NA,NA,NA,NA,NA,NA
Sarmiento,2,4,Myctophidae,MOC2-Net4-Myc-5,SG2105_MOC2_Net4_ImageJ,5,24.087,NA,2 _ 4,NA,NA,NA,NA,NA,NA,NA,NA,NA,NA,NA,NA,NA,NA,NA,NA,NA,NA,NA,NA,NA,NA,NA,NA
Sarmiento,2,4,Myctophidae,MOC2-Net4-Myc-6,SG2105_MOC2_Net4_ImageJ,6,26.166,NA,2 _ 4,NA,NA,NA,NA,NA,NA,NA,NA,NA,NA,NA,NA,NA,NA,NA,NA,NA,NA,NA,NA,NA,NA,NA,NA
Sarmiento,2,4,Myctophidae,MOC2-Net4-Myc-7,SG2105_MOC2_Net4_ImageJ,7,24.192,NA,2 _ 4,NA,NA,NA,NA,NA,NA,NA,NA,NA,NA,NA,NA,NA,NA,NA,NA,NA,NA,NA,NA,NA,NA,NA,NA
Sarmiento,3,1,Alepocephalidae,MOC3-Net1-Ale-1,SG2105_MOC3_Net1_ImageJ,1,16.443,NA,3 _ 1,NA,NA,NA,NA,NA,NA,NA,NA,NA,NA,NA,NA,NA,NA,NA,NA,NA,NA,NA,NA,NA,NA,NA,NA
Sarmiento,3,1,Gonostomatidae,MOC3-Net1-Gon-1,SG2105_MOC3_Net1_ImageJ,2,30.408,NA,3 _ 1,NA,NA,NA,NA,NA,NA,NA,NA,NA,NA,NA,NA,NA,NA,NA,NA,NA,NA,NA,NA,NA,NA,NA,NA
Sarmiento,3,1,Gonostomatidae,MOC3-Net1-Gon-2,SG2105_MOC3_Net1_ImageJ,3,27.8985,head only,3 _ 1,NA,NA,NA,NA,NA,NA,NA,NA,NA,NA,NA,NA,NA,NA,NA,NA,NA,NA,NA,NA,NA,NA,NA,NA
Sarmiento,4,1,Gonostomatidae,MOC4-Net1-Gon-1,SG2105_MOC4_Net1_ImageJ,1,32.2875,NA,4 _ 1,NA,NA,NA,NA,NA,NA,NA,NA,NA,NA,NA,NA,NA,NA,NA,NA,NA,NA,NA,NA,NA,NA,NA,NA
Sarmiento,4,1,Gonostomatidae,MOC4-Net1-Gon-3,SG2105_MOC4_Net1_ImageJ,3,13.839,broken body fragment,4 _ 1,NA,NA,NA,NA,NA,NA,NA,NA,NA,NA,NA,NA,NA,NA,NA,NA,NA,NA,NA,NA,NA,NA,NA,NA
Sarmiento,4,1,Gonostomatidae,MOC4-Net1-Gon-4,SG2105_MOC4_Net1_ImageJ,4,11.655,broken body fragment,4 _ 1,NA,NA,NA,NA,NA,NA,NA,NA,NA,NA,NA,NA,NA,NA,NA,NA,NA,NA,NA,NA,NA,NA,NA,NA
Sarmiento,4,1,Gonostomatidae,MOC4-Net1-Gon-5,SG2105_MOC4_Net1_ImageJ,5,30.87,NA,4 _ 1,NA,NA,NA,NA,NA,NA,NA,NA,NA,NA,NA,NA,NA,NA,NA,NA,NA,NA,NA,NA,NA,NA,NA,NA
Sarmiento,4,1,Gonostomatidae,MOC4-Net1-Gon-7,SG2105_MOC4_Net1_ImageJ,7,28.203,"damaged head, full body ",4 _ 1,NA,NA,NA,NA,NA,NA,NA,NA,NA,NA,NA,NA,NA,NA,NA,NA,NA,NA,NA,NA,NA,NA,NA,NA
Sarmiento,4,1,Gonostomatidae,MOC4-Net1-Gon-8,SG2105_MOC4_Net1_ImageJ,8,22.176,NA,4 _ 1,NA,NA,NA,NA,NA,NA,NA,NA,NA,NA,NA,NA,NA,NA,NA,NA,NA,NA,NA,NA,NA,NA,NA,NA
Sarmiento,4,1,Gonostomatidae,MOC4-Net1-Gon-9,SG2105_MOC4_Net1_ImageJ,9,30.135,NA,4 _ 1,NA,NA,NA,NA,NA,NA,NA,NA,NA,NA,NA,NA,NA,NA,NA,NA,NA,NA,NA,NA,NA,NA,NA,NA
Sarmiento,4,1,Gonostomatidae,MOC4-Net1-Gon-10,SG2105_MOC4_Net1_ImageJ,10,22.68,NA,4 _ 1,NA,NA,NA,NA,NA,NA,NA,NA,NA,NA,NA,NA,NA,NA,NA,NA,NA,NA,NA,NA,NA,NA,NA,NA
Sarmiento,4,1,Gonostomatidae,MOC4-Net1-Gon-11,SG2105_MOC4_Net1_ImageJ,11,23.1945,NA,4 _ 1,NA,NA,NA,NA,NA,NA,NA,NA,NA,NA,NA,NA,NA,NA,NA,NA,NA,NA,NA,NA,NA,NA,NA,NA
Sarmiento,4,1,Gonostomatidae,MOC4-Net1-Gon-12,SG2105_MOC4_Net1_ImageJ,12,21.3885,NA,4 _ 1,NA,NA,NA,NA,NA,NA,NA,NA,NA,NA,NA,NA,NA,NA,NA,NA,NA,NA,NA,NA,NA,NA,NA,NA
Sarmiento,4,1,Gonostomatidae,MOC4-Net1-Gon-13,SG2105_MOC4_Net1_ImageJ,13,20.79,NA,4 _ 1,NA,NA,NA,NA,NA,NA,NA,NA,NA,NA,NA,NA,NA,NA,NA,NA,NA,NA,NA,NA,NA,NA,NA,NA
Sarmiento,4,1,Alepocephalidae,MOC4-Net1-Ale-1,SG2105_MOC4_Net1_ImageJ,15,19.6875,NA,4 _ 1,NA,NA,NA,NA,NA,NA,NA,NA,NA,NA,NA,NA,NA,NA,NA,NA,NA,NA,NA,NA,NA,NA,NA,NA
Sarmiento,4,1,Alepocephalidae,MOC4-Net1-Ale-2,SG2105_MOC4_Net1_ImageJ,16,22.0395,NA,4 _ 1,NA,NA,NA,NA,NA,NA,NA,NA,NA,NA,NA,NA,NA,NA,NA,NA,NA,NA,NA,NA,NA,NA,NA,NA
Sarmiento,4,3,Myctophidae,MOC4-Net3-Myc-1,SG2105_MOC4_Net3_ImageJ,1,11.9595,NA,4 _ 3,NA,NA,NA,NA,NA,NA,NA,NA,NA,NA,NA,NA,NA,NA,NA,NA,NA,NA,NA,NA,NA,NA,NA,NA
Sarmiento,4,3,Myctophidae,MOC4-Net3-Myc-2,SG2105_MOC4_Net3_ImageJ,2,13.566,NA,4 _ 3,NA,NA,NA,NA,NA,NA,NA,NA,NA,NA,NA,NA,NA,NA,NA,NA,NA,NA,NA,NA,NA,NA,NA,NA
Sarmiento,4,3,Myctophidae,MOC4-Net3-Myc-3,SG2105_MOC4_Net3_ImageJ,3,13.0935,NA,4 _ 3,NA,NA,NA,NA,NA,NA,NA,NA,NA,NA,NA,NA,NA,NA,NA,NA,NA,NA,NA,NA,NA,NA,NA,NA
Sarmiento,4,4,Gonostomatidae,MOC4-Net4-Gon-1,SG2105_MOC4_Net4_ImageJ,1,18.6165,"body broken, head present",4 _ 4,NA,NA,NA,NA,NA,NA,NA,NA,NA,NA,NA,NA,NA,NA,NA,NA,NA,NA,NA,NA,NA,NA,NA,NA
Sarmiento,4,4,Gonostomatidae,MOC4-Net4-Gon-2,SG2105_MOC4_Net4_ImageJ,2,17.2305,"body broken, head present",4 _ 4,NA,NA,NA,NA,NA,NA,NA,NA,NA,NA,NA,NA,NA,NA,NA,NA,NA,NA,NA,NA,NA,NA,NA,NA
Sarmiento,5,1,Gonostomatidae,MOC5-Net1-Gon-1,SG2105_MOC5_Net1_ImageJ,1,28.917,NA,5 _ 1,NA,NA,NA,NA,NA,NA,NA,NA,NA,NA,NA,NA,NA,NA,NA,NA,NA,NA,NA,NA,NA,NA,NA,NA
Sarmiento,5,1,Gonostomatidae,MOC5-Net1-Gon-2,SG2105_MOC5_Net1_ImageJ,2,23.709,headless,5 _ 1,NA,NA,NA,NA,NA,NA,NA,NA,NA,NA,NA,NA,NA,NA,NA,NA,NA,NA,NA,NA,NA,NA,NA,NA
Sarmiento,5,1,Gonostomatidae,MOC5-Net1-Gon-3,SG2105_MOC5_Net1_ImageJ,3,20.9475,NA,5 _ 1,NA,NA,NA,NA,NA,NA,NA,NA,NA,NA,NA,NA,NA,NA,NA,NA,NA,NA,NA,NA,NA,NA,NA,NA
Sarmiento,5,3,Sternoptychidae,MOC5-Net3-Ste-1,SG2105_MOC5_Net3_ImageJ,1,13.713,NA,5 _ 3,NA,NA,NA,NA,NA,NA,NA,NA,NA,NA,NA,NA,NA,NA,NA,NA,NA,NA,NA,NA,NA,NA,NA,NA
Sarmiento,6,1,Gonostomatidae,MOC6-Net1-Gon-1,SG2105_MOC6_Net1_ImageJ,1,27.531,NA,6 _ 1,NA,NA,NA,NA,NA,NA,NA,NA,NA,NA,NA,NA,NA,NA,NA,NA,NA,NA,NA,NA,NA,NA,NA,NA
Sarmiento,6,1,Gonostomatidae,MOC6-Net1-Gon-2,SG2105_MOC6_Net1_ImageJ,2,20.4645,NA,6 _ 1,NA,NA,NA,NA,NA,NA,NA,NA,NA,NA,NA,NA,NA,NA,NA,NA,NA,NA,NA,NA,NA,NA,NA,NA
Sarmiento,6,1,Gonostomatidae,MOC6-Net1-Gon-3,SG2105_MOC6_Net1_ImageJ,3,20.118,NA,6 _ 1,NA,NA,NA,NA,NA,NA,NA,NA,NA,NA,NA,NA,NA,NA,NA,NA,NA,NA,NA,NA,NA,NA,NA,NA
Sarmiento,6,1,Gonostomatidae,MOC6-Net1-Gon-4,SG2105_MOC6_Net1_ImageJ,4,25.0215,NA,6 _ 1,NA,NA,NA,NA,NA,NA,NA,NA,NA,NA,NA,NA,NA,NA,NA,NA,NA,NA,NA,NA,NA,NA,NA,NA
Sarmiento,6,1,Gonostomatidae,MOC6-Net1-Gon-5,SG2105_MOC6_Net1_ImageJ,5,21.609,NA,6 _ 1,NA,NA,NA,NA,NA,NA,NA,NA,NA,NA,NA,NA,NA,NA,NA,NA,NA,NA,NA,NA,NA,NA,NA,NA
Sarmiento,6,1,Gonostomatidae,MOC6-Net1-Gon-6,SG2105_MOC6_Net1_ImageJ,6,21.84,NA,6 _ 1,NA,NA,NA,NA,NA,NA,NA,NA,NA,NA,NA,NA,NA,NA,NA,NA,NA,NA,NA,NA,NA,NA,NA,NA
Sarmiento,6,1,Gonostomatidae,MOC6-Net1-Gon-7,SG2105_MOC6_Net1_ImageJ,7,20.1705,NA,6 _ 1,NA,NA,NA,NA,NA,NA,NA,NA,NA,NA,NA,NA,NA,NA,NA,NA,NA,NA,NA,NA,NA,NA,NA,NA
Sarmiento,6,1,Gonostomatidae,MOC6-Net1-Gon-8,SG2105_MOC6_Net1_ImageJ,8,35.49,NA,6 _ 1,NA,NA,NA,NA,NA,NA,NA,NA,NA,NA,NA,NA,NA,NA,NA,NA,NA,NA,NA,NA,NA,NA,NA,NA
Sarmiento,6,1,Paralepididae,MOC6-Net1-Par-1,SG2105_MOC6_Net1_ImageJ,9,20.538,NA,6 _ 1,NA,NA,NA,NA,NA,NA,NA,NA,NA,NA,NA,NA,NA,NA,NA,NA,NA,NA,NA,NA,NA,NA,NA,NA
Sarmiento,6,1,Unknown ,MOC6-Net1-Unk-1,SG2105_MOC6_Net1_ImageJ,10,16.023,NA,6 _ 1,NA,NA,NA,NA,NA,NA,NA,NA,NA,NA,NA,NA,NA,NA,NA,NA,NA,NA,NA,NA,NA,NA,NA,NA
Sarmiento,6,2,Sternoptychidae,MOC6-Net2-Ste-1,SG2105_MOC6_Net2_ImageJ,1,30.66,NA,6 _ 2,NA,NA,NA,NA,NA,NA,NA,NA,NA,NA,NA,NA,NA,NA,NA,NA,NA,NA,NA,NA,NA,NA,NA,NA
Sarmiento,6,2,Sternoptychidae,MOC6-Net2-Ste-2,SG2105_MOC6_Net2_ImageJ,2,20.6745,NA,6 _ 2,NA,NA,NA,NA,NA,NA,NA,NA,NA,NA,NA,NA,NA,NA,NA,NA,NA,NA,NA,NA,NA,NA,NA,NA
Sarmiento,6,2,Myctophidae,MOC6-Net2-Myc-1,SG2105_MOC6_Net2_ImageJ,3,14.385,NA,6 _ 2,NA,NA,NA,NA,NA,NA,NA,NA,NA,NA,NA,NA,NA,NA,NA,NA,NA,NA,NA,NA,NA,NA,NA,NA
Sarmiento,6,2,Myctophidae,MOC6-Net2-Myc-2,SG2105_MOC6_Net2_ImageJ,4,13.482,NA,6 _ 2,NA,NA,NA,NA,NA,NA,NA,NA,NA,NA,NA,NA,NA,NA,NA,NA,NA,NA,NA,NA,NA,NA,NA,NA
Sarmiento,6,2,Myctophidae,MOC6-Net2-Myc-3,SG2105_MOC6_Net2_ImageJ,5,11.7075,NA,6 _ 2,NA,NA,NA,NA,NA,NA,NA,NA,NA,NA,NA,NA,NA,NA,NA,NA,NA,NA,NA,NA,NA,NA,NA,NA
Sarmiento,6,3,Sternoptychidae,MOC6-Net3-Ste-1,SG2105_MOC6_Net3_ImageJ,1,13.9335,NA,6 _ 3,NA,NA,NA,NA,NA,NA,NA,NA,NA,NA,NA,NA,NA,NA,NA,NA,NA,NA,NA,NA,NA,NA,NA,NA
Sarmiento,6,4,Stomiidae,MOC6-Net4-Sto-1,SG2105_MOC6_Net4_ImageJ,2,39.8685,NA,6 _ 4,NA,NA,NA,NA,NA,NA,NA,NA,NA,NA,NA,NA,NA,NA,NA,NA,NA,NA,NA,NA,NA,NA,NA,NA
Sarmiento,6,4,Stomiidae,MOC6-Net4-Sto-2,SG2105_MOC6_Net4_ImageJ,3,44.8665,NA,6 _ 4,NA,NA,NA,NA,NA,NA,NA,NA,NA,NA,NA,NA,NA,NA,NA,NA,NA,NA,NA,NA,NA,NA,NA,NA
Sarmiento,6,4,Myctophidae,MOC6-Net4-Myc-1,SG2105_MOC6_Net4_ImageJ,4,14.028,NA,6 _ 4,NA,NA,NA,NA,NA,NA,NA,NA,NA,NA,NA,NA,NA,NA,NA,NA,NA,NA,NA,NA,NA,NA,NA,NA
Sarmiento,6,4,Myctophidae,MOC6-Net4-Myc-2,SG2105_MOC6_Net4_ImageJ,5,14.8365,NA,6 _ 4,NA,NA,NA,NA,NA,NA,NA,NA,NA,NA,NA,NA,NA,NA,NA,NA,NA,NA,NA,NA,NA,NA,NA,NA
Sarmiento,6,4,Myctophidae,MOC6-Net4-Myc-3,SG2105_MOC6_Net4_ImageJ,6,10.647,NA,6 _ 4,NA,NA,NA,NA,NA,NA,NA,NA,NA,NA,NA,NA,NA,NA,NA,NA,NA,NA,NA,NA,NA,NA,NA,NA
Sarmiento,6,4,Myctophidae,MOC6-Net4-Myc-4,SG2105_MOC6_Net4_ImageJ,7,29.2005,NA,6 _ 4,NA,NA,NA,NA,NA,NA,NA,NA,NA,NA,NA,NA,NA,NA,NA,NA,NA,NA,NA,NA,NA,NA,NA,NA
Sarmiento,6,4,Myctophidae,MOC6-Net4-Myc-5,SG2105_MOC6_Net4_ImageJ,8,27.699,NA,6 _ 4,NA,NA,NA,NA,NA,NA,NA,NA,NA,NA,NA,NA,NA,NA,NA,NA,NA,NA,NA,NA,NA,NA,NA,NA
Sarmiento,6,4,Myctophidae,MOC6-Net4-Myc-6,SG2105_MOC6_Net4_ImageJ,9,21.3255,NA,6 _ 4,NA,NA,NA,NA,NA,NA,NA,NA,NA,NA,NA,NA,NA,NA,NA,NA,NA,NA,NA,NA,NA,NA,NA,NA
Sarmiento,6,4,Myctophidae,MOC6-Net4-Myc-7,SG2105_MOC6_Net4_ImageJ,10,24.8325,NA,6 _ 4,NA,NA,NA,NA,NA,NA,NA,NA,NA,NA,NA,NA,NA,NA,NA,NA,NA,NA,NA,NA,NA,NA,NA,NA
Sarmiento,6,4,Myctophidae,MOC6-Net4-Myc-10,SG2105_MOC6_Net4_ImageJ,13,25.473,NA,6 _ 4,NA,NA,NA,NA,NA,NA,NA,NA,NA,NA,NA,NA,NA,NA,NA,NA,NA,NA,NA,NA,NA,NA,NA,NA
Sarmiento,6,4,Myctophidae,MOC6-Net4-Myc-12,SG2105_MOC6_Net4_ImageJ,15,12.747,NA,6 _ 4,NA,NA,NA,NA,NA,NA,NA,NA,NA,NA,NA,NA,NA,NA,NA,NA,NA,NA,NA,NA,NA,NA,NA,NA
Sarmiento,6,4,Myctophidae,MOC6-Net4-Myc-13,SG2105_MOC6_Net4_ImageJ,16,25.032,NA,6 _ 4,NA,NA,NA,NA,NA,NA,NA,NA,NA,NA,NA,NA,NA,NA,NA,NA,NA,NA,NA,NA,NA,NA,NA,NA
Sarmiento,6,4,Myctophidae,MOC6-Net4-Myc-14,SG2105_MOC6_Net4_ImageJ,17,26.1345,NA,6 _ 4,NA,NA,NA,NA,NA,NA,NA,NA,NA,NA,NA,NA,NA,NA,NA,NA,NA,NA,NA,NA,NA,NA,NA,NA
Sarmiento,6,4,Myctophidae,MOC6-Net4-Myc-16,SG2105_MOC6_Net4_ImageJ,19,13.6815,body only,6 _ 4,NA,NA,NA,NA,NA,NA,NA,NA,NA,NA,NA,NA,NA,NA,NA,NA,NA,NA,NA,NA,NA,NA,NA,NA
Sarmiento,6,4,Myctophidae,MOC6-Net4-Myc-18,SG2105_MOC6_Net4_ImageJ,21,14.553,body only,6 _ 4,NA,NA,NA,NA,NA,NA,NA,NA,NA,NA,NA,NA,NA,NA,NA,NA,NA,NA,NA,NA,NA,NA,NA,NA
Sarmiento,6,4,Myctophidae,MOC6-Net4-Myc-19,SG2105_MOC6_Net4_ImageJ,22,12.642,head only,6 _ 4,NA,NA,NA,NA,NA,NA,NA,NA,NA,NA,NA,NA,NA,NA,NA,NA,NA,NA,NA,NA,NA,NA,NA,NA
Sarmiento,6,4,Myctophidae,MOC6-Net4-Myc-20,SG2105_MOC6_Net4_ImageJ,23,16.884,body only,6 _ 4,NA,NA,NA,NA,NA,NA,NA,NA,NA,NA,NA,NA,NA,NA,NA,NA,NA,NA,NA,NA,NA,NA,NA,NA
Sarmiento,6,4,Myctophidae,MOC6-Net4-Myc-22,SG2105_MOC6_Net4_ImageJ,25,26.964,NA,6 _ 4,NA,NA,NA,NA,NA,NA,NA,NA,NA,NA,NA,NA,NA,NA,NA,NA,NA,NA,NA,NA,NA,NA,NA,NA
Sarmiento,7,1,Gonostomatidae,MOC7-Net1-Gon-1,SG2105_MOC7_Net1_ImageJ,1,33.2325,NA,7 _ 1,NA,NA,NA,NA,NA,NA,NA,NA,NA,NA,NA,NA,NA,NA,NA,NA,NA,NA,NA,NA,NA,NA,NA,NA
Sarmiento,7,1,Gonostomatidae,MOC7-Net1-Gon-2,SG2105_MOC7_Net1_ImageJ,2,32.3925,NA,7 _ 1,NA,NA,NA,NA,NA,NA,NA,NA,NA,NA,NA,NA,NA,NA,NA,NA,NA,NA,NA,NA,NA,NA,NA,NA
Sarmiento,7,1,Gonostomatidae,MOC7-Net1-Gon-3,SG2105_MOC7_Net1_ImageJ,3,29.799,NA,7 _ 1,NA,NA,NA,NA,NA,NA,NA,NA,NA,NA,NA,NA,NA,NA,NA,NA,NA,NA,NA,NA,NA,NA,NA,NA
Sarmiento,7,1,Gonostomatidae,MOC7-Net1-Gon-4,SG2105_MOC7_Net1_ImageJ,4,19.383,body fragment,7 _ 1,NA,NA,NA,NA,NA,NA,NA,NA,NA,NA,NA,NA,NA,NA,NA,NA,NA,NA,NA,NA,NA,NA,NA,NA
Sarmiento,7,1,Myctophidae,MOC7-Net1-Myc-1,SG2105_MOC7_Net1_ImageJ,5,28.749,NA,7 _ 1,NA,NA,NA,NA,NA,NA,NA,NA,NA,NA,NA,NA,NA,NA,NA,NA,NA,NA,NA,NA,NA,NA,NA,NA
Sarmiento,7,1,Alepocephalidae,MOC7-Net1-Ale-1,SG2105_MOC7_Net1_ImageJ,8,21.7035,NA,7 _ 1,NA,NA,NA,NA,NA,NA,NA,NA,NA,NA,NA,NA,NA,NA,NA,NA,NA,NA,NA,NA,NA,NA,NA,NA
Sarmiento,7,1,Alepocephalidae,MOC7-Net1-Ale-2,SG2105_MOC7_Net1_ImageJ,9,18.1545,NA,7 _ 1,NA,NA,NA,NA,NA,NA,NA,NA,NA,NA,NA,NA,NA,NA,NA,NA,NA,NA,NA,NA,NA,NA,NA,NA
Sarmiento,7,1,Alepocephalidae,MOC7-Net1-Ale-4,SG2105_MOC7_Net1_ImageJ,11,18.606,NA,7 _ 1,NA,NA,NA,NA,NA,NA,NA,NA,NA,NA,NA,NA,NA,NA,NA,NA,NA,NA,NA,NA,NA,NA,NA,NA
Sarmiento,7,2,Stomiidae,MOC7-Net2-Sto-1,SG2105_MOC7_Net2_ImageJ,1,34.944,NA,7 _ 2,NA,NA,NA,NA,NA,NA,NA,NA,NA,NA,NA,NA,NA,NA,NA,NA,NA,NA,NA,NA,NA,NA,NA,NA
Sarmiento,7,2,Sternoptychidae,MOC7-Net2-Ste-1,SG2105_MOC7_Net2_ImageJ,2,22.1445,NA,7 _ 2,NA,NA,NA,NA,NA,NA,NA,NA,NA,NA,NA,NA,NA,NA,NA,NA,NA,NA,NA,NA,NA,NA,NA,NA
Sarmiento,7,2,Sternoptychidae,MOC7-Net2-Ste-2,SG2105_MOC7_Net2_ImageJ,3,11.634,NA,7 _ 2,NA,NA,NA,NA,NA,NA,NA,NA,NA,NA,NA,NA,NA,NA,NA,NA,NA,NA,NA,NA,NA,NA,NA,NA
Sarmiento,7,2,Paralepididae,MOC7-Net2-Par-1,SG2105_MOC7_Net2_ImageJ,4,35.028,NA,7 _ 2,NA,NA,NA,NA,NA,NA,NA,NA,NA,NA,NA,NA,NA,NA,NA,NA,NA,NA,NA,NA,NA,NA,NA,NA
Sarmiento,7,4,Myctophidae,MOC7-Net4-Myc-1,SG2105_MOC7_Net4_ImageJ,1,24.969,NA,7 _ 4,NA,NA,NA,NA,NA,NA,NA,NA,NA,NA,NA,NA,NA,NA,NA,NA,NA,NA,NA,NA,NA,NA,NA,NA
Sarmiento,8,1,Gonostomatidae,MOC8-Net1-Gon-1,SG2105_MOC8_Net1_ImageJ,1,13.104,NA,8 _ 1,NA,NA,NA,NA,NA,NA,NA,NA,NA,NA,NA,NA,NA,NA,NA,NA,NA,NA,NA,NA,NA,NA,NA,NA
Sarmiento,8,1,Gonostomatidae,MOC8-Net1-Gon-2,SG2105_MOC8_Net1_ImageJ,2,10.563,broken body and mangled head,8 _ 1,NA,NA,NA,NA,NA,NA,NA,NA,NA,NA,NA,NA,NA,NA,NA,NA,NA,NA,NA,NA,NA,NA,NA,NA
Sarmiento,8,1,Gonostomatidae,MOC8-Net1-Gon-3,SG2105_MOC8_Net1_ImageJ,3,17.913,NA,8 _ 1,NA,NA,NA,NA,NA,NA,NA,NA,NA,NA,NA,NA,NA,NA,NA,NA,NA,NA,NA,NA,NA,NA,NA,NA
Sarmiento,8,1,Gonostomatidae,MOC8-Net1-Gon-4,SG2105_MOC8_Net1_ImageJ,4,17.115,NA,8 _ 1,NA,NA,NA,NA,NA,NA,NA,NA,NA,NA,NA,NA,NA,NA,NA,NA,NA,NA,NA,NA,NA,NA,NA,NA
Sarmiento,8,1,Gonostomatidae,MOC8-Net1-Gon-5,SG2105_MOC8_Net1_ImageJ,5,12.957,body fragment,8 _ 1,NA,NA,NA,NA,NA,NA,NA,NA,NA,NA,NA,NA,NA,NA,NA,NA,NA,NA,NA,NA,NA,NA,NA,NA
Sarmiento,8,1,Gonostomatidae,MOC8-Net1-Gon-8,SG2105_MOC8_Net1_ImageJ,8,18.753,body fragment,8 _ 1,NA,NA,NA,NA,NA,NA,NA,NA,NA,NA,NA,NA,NA,NA,NA,NA,NA,NA,NA,NA,NA,NA,NA,NA
Sarmiento,8,1,Gonostomatidae,MOC8-Net1-Gon-10,SG2105_MOC8_Net1_ImageJ,10,33.285,NA,8 _ 1,NA,NA,NA,NA,NA,NA,NA,NA,NA,NA,NA,NA,NA,NA,NA,NA,NA,NA,NA,NA,NA,NA,NA,NA
Sarmiento,8,1,Gonostomatidae,MOC8-Net1-Gon-11,SG2105_MOC8_Net1_ImageJ,11,28.6545,NA,8 _ 1,NA,NA,NA,NA,NA,NA,NA,NA,NA,NA,NA,NA,NA,NA,NA,NA,NA,NA,NA,NA,NA,NA,NA,NA
Sarmiento,8,1,Gonostomatidae,MOC8-Net1-Gon-12,SG2105_MOC8_Net1_ImageJ,12,33.6735,NA,8 _ 1,NA,NA,NA,NA,NA,NA,NA,NA,NA,NA,NA,NA,NA,NA,NA,NA,NA,NA,NA,NA,NA,NA,NA,NA
Sarmiento,8,1,Gonostomatidae,MOC8-Net1-Gon-13,SG2105_MOC8_Net1_ImageJ,13,24.864,NA,8 _ 1,NA,NA,NA,NA,NA,NA,NA,NA,NA,NA,NA,NA,NA,NA,NA,NA,NA,NA,NA,NA,NA,NA,NA,NA
Sarmiento,8,1,Gonostomatidae,MOC8-Net1-Gon-14,SG2105_MOC8_Net1_ImageJ,14,30.0825,NA,8 _ 1,NA,NA,NA,NA,NA,NA,NA,NA,NA,NA,NA,NA,NA,NA,NA,NA,NA,NA,NA,NA,NA,NA,NA,NA
Sarmiento,8,1,Gonostomatidae,MOC8-Net1-Gon-15,SG2105_MOC8_Net1_ImageJ,15,32.0565,NA,8 _ 1,NA,NA,NA,NA,NA,NA,NA,NA,NA,NA,NA,NA,NA,NA,NA,NA,NA,NA,NA,NA,NA,NA,NA,NA
Sarmiento,8,1,Gonostomatidae,MOC8-Net1-Gon-16,SG2105_MOC8_Net1_ImageJ,16,31.3845,NA,8 _ 1,NA,NA,NA,NA,NA,NA,NA,NA,NA,NA,NA,NA,NA,NA,NA,NA,NA,NA,NA,NA,NA,NA,NA,NA
Sarmiento,8,1,Gonostomatidae,MOC8-Net1-Gon-17,SG2105_MOC8_Net1_ImageJ,17,32.4555,NA,8 _ 1,NA,NA,NA,NA,NA,NA,NA,NA,NA,NA,NA,NA,NA,NA,NA,NA,NA,NA,NA,NA,NA,NA,NA,NA
Sarmiento,8,1,Gonostomatidae,MOC8-Net1-Gon-18,SG2105_MOC8_Net1_ImageJ,18,16.9785,NA,8 _ 1,NA,NA,NA,NA,NA,NA,NA,NA,NA,NA,NA,NA,NA,NA,NA,NA,NA,NA,NA,NA,NA,NA,NA,NA
Sarmiento,8,1,Gonostomatidae,MOC8-Net1-Gon-19,SG2105_MOC8_Net1_ImageJ,19,15.519,NA,8 _ 1,NA,NA,NA,NA,NA,NA,NA,NA,NA,NA,NA,NA,NA,NA,NA,NA,NA,NA,NA,NA,NA,NA,NA,NA
Sarmiento,8,1,Gonostomatidae,MOC8-Net1-Gon-20,SG2105_MOC8_Net1_ImageJ,20,30.1035,NA,8 _ 1,NA,NA,NA,NA,NA,NA,NA,NA,NA,NA,NA,NA,NA,NA,NA,NA,NA,NA,NA,NA,NA,NA,NA,NA
Sarmiento,8,1,Gonostomatidae,MOC8-Net1-Gon-21,SG2105_MOC8_Net1_ImageJ,21,26.4915,NA,8 _ 1,NA,NA,NA,NA,NA,NA,NA,NA,NA,NA,NA,NA,NA,NA,NA,NA,NA,NA,NA,NA,NA,NA,NA,NA
Sarmiento,8,1,Gonostomatidae,MOC8-Net1-Gon-23,SG2105_MOC8_Net1_ImageJ,23,31.941,NA,8 _ 1,NA,NA,NA,NA,NA,NA,NA,NA,NA,NA,NA,NA,NA,NA,NA,NA,NA,NA,NA,NA,NA,NA,NA,NA
Sarmiento,8,1,Gonostomatidae,MOC8-Net1-Gon-24,SG2105_MOC8_Net1_ImageJ,24,28.518,NA,8 _ 1,NA,NA,NA,NA,NA,NA,NA,NA,NA,NA,NA,NA,NA,NA,NA,NA,NA,NA,NA,NA,NA,NA,NA,NA
Sarmiento,8,1,Gonostomatidae,MOC8-Net1-Gon-25,SG2105_MOC8_Net1_ImageJ,25,28.9905,NA,8 _ 1,NA,NA,NA,NA,NA,NA,NA,NA,NA,NA,NA,NA,NA,NA,NA,NA,NA,NA,NA,NA,NA,NA,NA,NA
Sarmiento,8,1,Gonostomatidae,MOC8-Net1-Gon-26,SG2105_MOC8_Net1_ImageJ,26,47.8275,NA,8 _ 1,NA,NA,NA,NA,NA,NA,NA,NA,NA,NA,NA,NA,NA,NA,NA,NA,NA,NA,NA,NA,NA,NA,NA,NA
Sarmiento,8,1,Gonostomatidae,MOC8-Net1-Gon-27,SG2105_MOC8_Net1_ImageJ,27,19.908,NA,8 _ 1,NA,NA,NA,NA,NA,NA,NA,NA,NA,NA,NA,NA,NA,NA,NA,NA,NA,NA,NA,NA,NA,NA,NA,NA
Sarmiento,8,1,Alepocephalidae,MOC8-Net1-Ale-1,SG2105_MOC8_Net1_ImageJ,31,17.892,NA,8 _ 1,NA,NA,NA,NA,NA,NA,NA,NA,NA,NA,NA,NA,NA,NA,NA,NA,NA,NA,NA,NA,NA,NA,NA,NA
Sarmiento,8,1,Myctophidae,MOC8-Net1-Myc-1,SG2105_MOC8_Net1_ImageJ,32,29.232,NA,8 _ 1,NA,NA,NA,NA,NA,NA,NA,NA,NA,NA,NA,NA,NA,NA,NA,NA,NA,NA,NA,NA,NA,NA,NA,NA
Sarmiento,8,1,Myctophidae,MOC8-Net1-Myc-2,SG2105_MOC8_Net1_ImageJ,33,36.1305,NA,8 _ 1,NA,NA,NA,NA,NA,NA,NA,NA,NA,NA,NA,NA,NA,NA,NA,NA,NA,NA,NA,NA,NA,NA,NA,NA
Sarmiento,8,2,Gonostomatidae,MOC8-Net2-Gon-1,SG2105_MOC8_Net2_ImageJ,1,22.26,NA,8 _ 2,NA,NA,NA,NA,NA,NA,NA,NA,NA,NA,NA,NA,NA,NA,NA,NA,NA,NA,NA,NA,NA,NA,NA,NA
Sarmiento,8,2,Gonostomatidae,MOC8-Net2-Gon-2,SG2105_MOC8_Net2_ImageJ,2,22.239,NA,8 _ 2,NA,NA,NA,NA,NA,NA,NA,NA,NA,NA,NA,NA,NA,NA,NA,NA,NA,NA,NA,NA,NA,NA,NA,NA
Sarmiento,8,2,Gonostomatidae,MOC8-Net2-Gon-3,SG2105_MOC8_Net2_ImageJ,3,18.522,NA,8 _ 2,NA,NA,NA,NA,NA,NA,NA,NA,NA,NA,NA,NA,NA,NA,NA,NA,NA,NA,NA,NA,NA,NA,NA,NA
Sarmiento,8,2,Gonostomatidae,MOC8-Net2-Gon-4,SG2105_MOC8_Net2_ImageJ,4,24.234,NA,8 _ 2,NA,NA,NA,NA,NA,NA,NA,NA,NA,NA,NA,NA,NA,NA,NA,NA,NA,NA,NA,NA,NA,NA,NA,NA
Sarmiento,8,2,Gonostomatidae,MOC8-Net2-Gon-5,SG2105_MOC8_Net2_ImageJ,5,16.716,NA,8 _ 2,NA,NA,NA,NA,NA,NA,NA,NA,NA,NA,NA,NA,NA,NA,NA,NA,NA,NA,NA,NA,NA,NA,NA,NA
Sarmiento,8,2,Gonostomatidae,MOC8-Net2-Gon-6,SG2105_MOC8_Net2_ImageJ,6,21.8925,NA,8 _ 2,NA,NA,NA,NA,NA,NA,NA,NA,NA,NA,NA,NA,NA,NA,NA,NA,NA,NA,NA,NA,NA,NA,NA,NA
Sarmiento,8,2,Gonostomatidae,MOC8-Net2-Gon-7,SG2105_MOC8_Net2_ImageJ,7,24.1395,NA,8 _ 2,NA,NA,NA,NA,NA,NA,NA,NA,NA,NA,NA,NA,NA,NA,NA,NA,NA,NA,NA,NA,NA,NA,NA,NA
Sarmiento,8,2,Gonostomatidae,MOC8-Net2-Gon-8,SG2105_MOC8_Net2_ImageJ,8,18.6795,NA,8 _ 2,NA,NA,NA,NA,NA,NA,NA,NA,NA,NA,NA,NA,NA,NA,NA,NA,NA,NA,NA,NA,NA,NA,NA,NA
Sarmiento,8,2,Gonostomatidae,MOC8-Net2-Gon-9,SG2105_MOC8_Net2_ImageJ,9,16.38,headless,8 _ 2,NA,NA,NA,NA,NA,NA,NA,NA,NA,NA,NA,NA,NA,NA,NA,NA,NA,NA,NA,NA,NA,NA,NA,NA
Sarmiento,8,2,Gonostomatidae,MOC8-Net2-Gon-11,SG2105_MOC8_Net2_ImageJ,11,17.2935,NA,8 _ 2,NA,NA,NA,NA,NA,NA,NA,NA,NA,NA,NA,NA,NA,NA,NA,NA,NA,NA,NA,NA,NA,NA,NA,NA
Sarmiento,8,2,Gonostomatidae,MOC8-Net2-Gon-12,SG2105_MOC8_Net2_ImageJ,12,21.378,NA,8 _ 2,NA,NA,NA,NA,NA,NA,NA,NA,NA,NA,NA,NA,NA,NA,NA,NA,NA,NA,NA,NA,NA,NA,NA,NA
Sarmiento,8,2,Gonostomatidae,MOC8-Net2-Gon-13,SG2105_MOC8_Net2_ImageJ,13,19.2465,NA,8 _ 2,NA,NA,NA,NA,NA,NA,NA,NA,NA,NA,NA,NA,NA,NA,NA,NA,NA,NA,NA,NA,NA,NA,NA,NA
Sarmiento,8,2,Gonostomatidae,MOC8-Net2-Gon-14,SG2105_MOC8_Net2_ImageJ,14,17.346,NA,8 _ 2,NA,NA,NA,NA,NA,NA,NA,NA,NA,NA,NA,NA,NA,NA,NA,NA,NA,NA,NA,NA,NA,NA,NA,NA
Sarmiento,8,2,Gonostomatidae,MOC8-Net2-Gon-15,SG2105_MOC8_Net2_ImageJ,15,23.5515,head damaged,8 _ 2,NA,NA,NA,NA,NA,NA,NA,NA,NA,NA,NA,NA,NA,NA,NA,NA,NA,NA,NA,NA,NA,NA,NA,NA
Sarmiento,8,2,Gonostomatidae,MOC8-Net2-Gon-16,SG2105_MOC8_Net2_ImageJ,16,16.9995,headless,8 _ 2,NA,NA,NA,NA,NA,NA,NA,NA,NA,NA,NA,NA,NA,NA,NA,NA,NA,NA,NA,NA,NA,NA,NA,NA
Sarmiento,8,2,Gonostomatidae,MOC8-Net2-Gon-19,SG2105_MOC8_Net2_ImageJ,19,15.141,"body broken, head attached",8 _ 2,NA,NA,NA,NA,NA,NA,NA,NA,NA,NA,NA,NA,NA,NA,NA,NA,NA,NA,NA,NA,NA,NA,NA,NA
Sarmiento,8,3,Sternoptychidae,MOC8-Net3-Ste-1,SG2105_MOC8_Net3_ImageJ,2,14.8365,NA,8 _ 3,NA,NA,NA,NA,NA,NA,NA,NA,NA,NA,NA,NA,NA,NA,NA,NA,NA,NA,NA,NA,NA,NA,NA,NA
Sarmiento,8,4,Myctophidae,MOC8-Net4-Myc-1,SG2105_MOC8_Net4_ImageJ_1,1,23.331,NA,8 _ 4,NA,NA,NA,NA,NA,NA,NA,NA,NA,NA,NA,NA,NA,NA,NA,NA,NA,NA,NA,NA,NA,NA,NA,NA
Sarmiento,8,4,Myctophidae,MOC8-Net4-Myc-2,SG2105_MOC8_Net4_ImageJ_1,2,27.5205,NA,8 _ 4,NA,NA,NA,NA,NA,NA,NA,NA,NA,NA,NA,NA,NA,NA,NA,NA,NA,NA,NA,NA,NA,NA,NA,NA
Sarmiento,8,4,Myctophidae,MOC8-Net4-Myc-3,SG2105_MOC8_Net4_ImageJ_1,3,27.132,NA,8 _ 4,NA,NA,NA,NA,NA,NA,NA,NA,NA,NA,NA,NA,NA,NA,NA,NA,NA,NA,NA,NA,NA,NA,NA,NA
Sarmiento,8,4,Myctophidae,MOC8-Net4-Myc-4,SG2105_MOC8_Net4_ImageJ_1,4,16.779,NA,8 _ 4,NA,NA,NA,NA,NA,NA,NA,NA,NA,NA,NA,NA,NA,NA,NA,NA,NA,NA,NA,NA,NA,NA,NA,NA
Sarmiento,8,4,Myctophidae,MOC8-Net4-Myc-5,SG2105_MOC8_Net4_ImageJ_1,5,15.0675,NA,8 _ 4,NA,NA,NA,NA,NA,NA,NA,NA,NA,NA,NA,NA,NA,NA,NA,NA,NA,NA,NA,NA,NA,NA,NA,NA
Sarmiento,8,4,Myctophidae,MOC8-Net4-Myc-6,SG2105_MOC8_Net4_ImageJ_1,6,26.5335,NA,8 _ 4,NA,NA,NA,NA,NA,NA,NA,NA,NA,NA,NA,NA,NA,NA,NA,NA,NA,NA,NA,NA,NA,NA,NA,NA
Sarmiento,8,4,Myctophidae,MOC8-Net4-Myc-7,SG2105_MOC8_Net4_ImageJ_1,7,15.1095,NA,8 _ 4,NA,NA,NA,NA,NA,NA,NA,NA,NA,NA,NA,NA,NA,NA,NA,NA,NA,NA,NA,NA,NA,NA,NA,NA
Sarmiento,8,4,Myctophidae,MOC8-Net4-Myc-8,SG2105_MOC8_Net4_ImageJ_1,8,25.4625,NA,8 _ 4,NA,NA,NA,NA,NA,NA,NA,NA,NA,NA,NA,NA,NA,NA,NA,NA,NA,NA,NA,NA,NA,NA,NA,NA
Sarmiento,8,4,Myctophidae,MOC8-Net4-Myc-9,SG2105_MOC8_Net4_ImageJ_1,9,18.039,NA,8 _ 4,NA,NA,NA,NA,NA,NA,NA,NA,NA,NA,NA,NA,NA,NA,NA,NA,NA,NA,NA,NA,NA,NA,NA,NA
Sarmiento,8,4,Myctophidae,MOC8-Net4-Myc-10,SG2105_MOC8_Net4_ImageJ_1,10,48.2265,NA,8 _ 4,NA,NA,NA,NA,NA,NA,NA,NA,NA,NA,NA,NA,NA,NA,NA,NA,NA,NA,NA,NA,NA,NA,NA,NA
Sarmiento,8,4,Myctophidae,MOC8-Net4-Myc-11,SG2105_MOC8_Net4_ImageJ_1,11,27.846,NA,8 _ 4,NA,NA,NA,NA,NA,NA,NA,NA,NA,NA,NA,NA,NA,NA,NA,NA,NA,NA,NA,NA,NA,NA,NA,NA
Sarmiento,8,4,Myctophidae,MOC8-Net4-Myc-12,SG2105_MOC8_Net4_ImageJ_1,12,29.7675,NA,8 _ 4,NA,NA,NA,NA,NA,NA,NA,NA,NA,NA,NA,NA,NA,NA,NA,NA,NA,NA,NA,NA,NA,NA,NA,NA
Sarmiento,8,4,Myctophidae,MOC8-Net4-Myc-13,SG2105_MOC8_Net4_ImageJ_1,13,24.6225,NA,8 _ 4,NA,NA,NA,NA,NA,NA,NA,NA,NA,NA,NA,NA,NA,NA,NA,NA,NA,NA,NA,NA,NA,NA,NA,NA
Sarmiento,8,4,Myctophidae,MOC8-Net4-Myc-14,SG2105_MOC8_Net4_ImageJ_1,14,24.5385,NA,8 _ 4,NA,NA,NA,NA,NA,NA,NA,NA,NA,NA,NA,NA,NA,NA,NA,NA,NA,NA,NA,NA,NA,NA,NA,NA
Sarmiento,8,4,Myctophidae,MOC8-Net4-Myc-15,SG2105_MOC8_Net4_ImageJ_1,15,21.8085,NA,8 _ 4,NA,NA,NA,NA,NA,NA,NA,NA,NA,NA,NA,NA,NA,NA,NA,NA,NA,NA,NA,NA,NA,NA,NA,NA
Sarmiento,8,4,Myctophidae,MOC8-Net4-Myc-16,SG2105_MOC8_Net4_ImageJ_1,16,24.3285,NA,8 _ 4,NA,NA,NA,NA,NA,NA,NA,NA,NA,NA,NA,NA,NA,NA,NA,NA,NA,NA,NA,NA,NA,NA,NA,NA
Sarmiento,8,4,Myctophidae,MOC8-Net4-Myc-17,SG2105_MOC8_Net4_ImageJ_1,17,28.182,NA,8 _ 4,NA,NA,NA,NA,NA,NA,NA,NA,NA,NA,NA,NA,NA,NA,NA,NA,NA,NA,NA,NA,NA,NA,NA,NA
Sarmiento,8,4,Myctophidae,MOC8-Net4-Myc-18,SG2105_MOC8_Net4_ImageJ_1,18,19.9815,NA,8 _ 4,NA,NA,NA,NA,NA,NA,NA,NA,NA,NA,NA,NA,NA,NA,NA,NA,NA,NA,NA,NA,NA,NA,NA,NA
Sarmiento,8,4,Myctophidae,MOC8-Net4-Myc-19,SG2105_MOC8_Net4_ImageJ_1,19,12.747,NA,8 _ 4,NA,NA,NA,NA,NA,NA,NA,NA,NA,NA,NA,NA,NA,NA,NA,NA,NA,NA,NA,NA,NA,NA,NA,NA
Sarmiento,8,4,Myctophidae,MOC8-Net4-Myc-20,SG2105_MOC8_Net4_ImageJ_1,20,28.707,NA,8 _ 4,NA,NA,NA,NA,NA,NA,NA,NA,NA,NA,NA,NA,NA,NA,NA,NA,NA,NA,NA,NA,NA,NA,NA,NA
Sarmiento,8,4,Myctophidae,MOC8-Net4-Myc-21,SG2105_MOC8_Net4_ImageJ_1,21,28.686,NA,8 _ 4,NA,NA,NA,NA,NA,NA,NA,NA,NA,NA,NA,NA,NA,NA,NA,NA,NA,NA,NA,NA,NA,NA,NA,NA
Sarmiento,8,4,Myctophidae,MOC8-Net4-Myc-22,SG2105_MOC8_Net4_ImageJ_1,22,29.5155,NA,8 _ 4,NA,NA,NA,NA,NA,NA,NA,NA,NA,NA,NA,NA,NA,NA,NA,NA,NA,NA,NA,NA,NA,NA,NA,NA
Sarmiento,8,4,Myctophidae,MOC8-Net4-Myc-23,SG2105_MOC8_Net4_ImageJ_1,23,28.8855,NA,8 _ 4,NA,NA,NA,NA,NA,NA,NA,NA,NA,NA,NA,NA,NA,NA,NA,NA,NA,NA,NA,NA,NA,NA,NA,NA
Sarmiento,8,4,Myctophidae,MOC8-Net4-Myc-24,SG2105_MOC8_Net4_ImageJ_1,24,27.51,NA,8 _ 4,NA,NA,NA,NA,NA,NA,NA,NA,NA,NA,NA,NA,NA,NA,NA,NA,NA,NA,NA,NA,NA,NA,NA,NA
Sarmiento,8,4,Myctophidae,MOC8-Net4-Myc-25,SG2105_MOC8_Net4_ImageJ_1,25,28.266,NA,8 _ 4,NA,NA,NA,NA,NA,NA,NA,NA,NA,NA,NA,NA,NA,NA,NA,NA,NA,NA,NA,NA,NA,NA,NA,NA
Sarmiento,8,4,Myctophidae,MOC8-Net4-Myc-26,SG2105_MOC8_Net4_ImageJ_1,26,22.764,NA,8 _ 4,NA,NA,NA,NA,NA,NA,NA,NA,NA,NA,NA,NA,NA,NA,NA,NA,NA,NA,NA,NA,NA,NA,NA,NA
Sarmiento,8,4,Myctophidae,MOC8-Net4-Myc-27,SG2105_MOC8_Net4_ImageJ_1,27,11.2665,NA,8 _ 4,NA,NA,NA,NA,NA,NA,NA,NA,NA,NA,NA,NA,NA,NA,NA,NA,NA,NA,NA,NA,NA,NA,NA,NA
Sarmiento,8,4,Myctophidae,MOC8-Net4-Myc-28,SG2105_MOC8_Net4_ImageJ_1,28,22.071,NA,8 _ 4,NA,NA,NA,NA,NA,NA,NA,NA,NA,NA,NA,NA,NA,NA,NA,NA,NA,NA,NA,NA,NA,NA,NA,NA
Sarmiento,8,4,Myctophidae,MOC8-Net4-Myc-29,SG2105_MOC8_Net4_ImageJ_1,29,21.63,NA,8 _ 4,NA,NA,NA,NA,NA,NA,NA,NA,NA,NA,NA,NA,NA,NA,NA,NA,NA,NA,NA,NA,NA,NA,NA,NA
Sarmiento,8,4,Myctophidae,MOC8-Net4-Myc-30,SG2105_MOC8_Net4_ImageJ_1,30,27.594,NA,8 _ 4,NA,NA,NA,NA,NA,NA,NA,NA,NA,NA,NA,NA,NA,NA,NA,NA,NA,NA,NA,NA,NA,NA,NA,NA
Sarmiento,8,4,Myctophidae,MOC8-Net4-Myc-31,SG2105_MOC8_Net4_ImageJ_1,31,27.1635,NA,8 _ 4,NA,NA,NA,NA,NA,NA,NA,NA,NA,NA,NA,NA,NA,NA,NA,NA,NA,NA,NA,NA,NA,NA,NA,NA
Sarmiento,8,4,Myctophidae,MOC8-Net4-Myc-32,SG2105_MOC8_Net4_ImageJ_1,32,13.482,NA,8 _ 4,NA,NA,NA,NA,NA,NA,NA,NA,NA,NA,NA,NA,NA,NA,NA,NA,NA,NA,NA,NA,NA,NA,NA,NA
Sarmiento,8,4,Myctophidae,MOC8-Net4-Myc-33,SG2105_MOC8_Net4_ImageJ_1,33,11.5185,NA,8 _ 4,NA,NA,NA,NA,NA,NA,NA,NA,NA,NA,NA,NA,NA,NA,NA,NA,NA,NA,NA,NA,NA,NA,NA,NA
Sarmiento,8,4,Myctophidae,MOC8-Net4-Myc-34,SG2105_MOC8_Net4_ImageJ_1,34,26.607,NA,8 _ 4,NA,NA,NA,NA,NA,NA,NA,NA,NA,NA,NA,NA,NA,NA,NA,NA,NA,NA,NA,NA,NA,NA,NA,NA
Sarmiento,8,4,Myctophidae,MOC8-Net4-Myc-35,SG2105_MOC8_Net4_ImageJ_1,35,19.8555,NA,8 _ 4,NA,NA,NA,NA,NA,NA,NA,NA,NA,NA,NA,NA,NA,NA,NA,NA,NA,NA,NA,NA,NA,NA,NA,NA
Sarmiento,8,4,Myctophidae,MOC8-Net4-Myc-36,SG2105_MOC8_Net4_ImageJ_1,36,15.561,NA,8 _ 4,NA,NA,NA,NA,NA,NA,NA,NA,NA,NA,NA,NA,NA,NA,NA,NA,NA,NA,NA,NA,NA,NA,NA,NA
Sarmiento,8,4,Myctophidae,MOC8-Net4-Myc-37,SG2105_MOC8_Net4_ImageJ_1,37,32.0145,NA,8 _ 4,NA,NA,NA,NA,NA,NA,NA,NA,NA,NA,NA,NA,NA,NA,NA,NA,NA,NA,NA,NA,NA,NA,NA,NA
Sarmiento,8,4,Myctophidae,MOC8-Net4-Myc-38,SG2105_MOC8_Net4_ImageJ_1,38,28.896,NA,8 _ 4,NA,NA,NA,NA,NA,NA,NA,NA,NA,NA,NA,NA,NA,NA,NA,NA,NA,NA,NA,NA,NA,NA,NA,NA
Sarmiento,8,4,Myctophidae,MOC8-Net4-Myc-39,SG2105_MOC8_Net4_ImageJ_1,39,16.1175,NA,8 _ 4,NA,NA,NA,NA,NA,NA,NA,NA,NA,NA,NA,NA,NA,NA,NA,NA,NA,NA,NA,NA,NA,NA,NA,NA
Sarmiento,8,4,Myctophidae,MOC8-Net4-Myc-40,SG2105_MOC8_Net4_ImageJ_1,40,11.949,headless,8 _ 4,NA,NA,NA,NA,NA,NA,NA,NA,NA,NA,NA,NA,NA,NA,NA,NA,NA,NA,NA,NA,NA,NA,NA,NA
Sarmiento,8,4,Myctophidae,MOC8-Net4-Myc-41,SG2105_MOC8_Net4_ImageJ_1,41,31.0065,NA,8 _ 4,NA,NA,NA,NA,NA,NA,NA,NA,NA,NA,NA,NA,NA,NA,NA,NA,NA,NA,NA,NA,NA,NA,NA,NA
Sarmiento,8,4,Myctophidae,MOC8-Net4-Myc-43,SG2105_MOC8_Net4_ImageJ_1,43,14.3325,NA,8 _ 4,NA,NA,NA,NA,NA,NA,NA,NA,NA,NA,NA,NA,NA,NA,NA,NA,NA,NA,NA,NA,NA,NA,NA,NA
Sarmiento,8,4,Sternoptychidae,MOC8-Net4-Ste-1,SG2105_MOC8_Net4_ImageJ_2,1,23.9085,NA,8 _ 4,NA,NA,NA,NA,NA,NA,NA,NA,NA,NA,NA,NA,NA,NA,NA,NA,NA,NA,NA,NA,NA,NA,NA,NA
Sarmiento,9,1,Gonostomatidae,MOC9-Net1-Gon-1,SG2105_MOC9_Net1_ImageJ,1,27.447,NA,9 _ 1,NA,NA,NA,NA,NA,NA,NA,NA,NA,NA,NA,NA,NA,NA,NA,NA,NA,NA,NA,NA,NA,NA,NA,NA
Sarmiento,9,1,Gonostomatidae,MOC9-Net1-Gon-3,SG2105_MOC9_Net1_ImageJ,3,11.067,body only,9 _ 1,NA,NA,NA,NA,NA,NA,NA,NA,NA,NA,NA,NA,NA,NA,NA,NA,NA,NA,NA,NA,NA,NA,NA,NA
Sarmiento,9,1,Gonostomatidae,MOC9-Net1-Gon-4,SG2105_MOC9_Net1_ImageJ,4,18.5115,"body broken, head present",9 _ 1,NA,NA,NA,NA,NA,NA,NA,NA,NA,NA,NA,NA,NA,NA,NA,NA,NA,NA,NA,NA,NA,NA,NA,NA
Sarmiento,9,1,Gonostomatidae,MOC9-Net1-Gon-5,SG2105_MOC9_Net1_ImageJ,5,11.6025,NA,9 _ 1,NA,NA,NA,NA,NA,NA,NA,NA,NA,NA,NA,NA,NA,NA,NA,NA,NA,NA,NA,NA,NA,NA,NA,NA
Sarmiento,9,2,Myctophidae,MOC9-Net2-Myc-1,SG2105_MOC9_Net2_ImageJ,3,13.881,NA,9 _ 2,NA,NA,NA,NA,NA,NA,NA,NA,NA,NA,NA,NA,NA,NA,NA,NA,NA,NA,NA,NA,NA,NA,NA,NA
Sarmiento,9,2,Alepocephalidae,MOC9-Net2-Ale-1,SG2105_MOC9_Net2_ImageJ,4,18.438,NA,9 _ 2,NA,NA,NA,NA,NA,NA,NA,NA,NA,NA,NA,NA,NA,NA,NA,NA,NA,NA,NA,NA,NA,NA,NA,NA
Sarmiento,9,2,Gonostomatidae,MOC9-Net2-Gon-1,SG2105_MOC9_Net2_ImageJ,8,19.761,NA,9 _ 2,NA,NA,NA,NA,NA,NA,NA,NA,NA,NA,NA,NA,NA,NA,NA,NA,NA,NA,NA,NA,NA,NA,NA,NA
Sarmiento,9,2,Gonostomatidae,MOC9-Net2-Gon-2,SG2105_MOC9_Net2_ImageJ,9,19.236,NA,9 _ 2,NA,NA,NA,NA,NA,NA,NA,NA,NA,NA,NA,NA,NA,NA,NA,NA,NA,NA,NA,NA,NA,NA,NA,NA
Sarmiento,9,2,Gonostomatidae,MOC9-Net2-Gon-3,SG2105_MOC9_Net2_ImageJ,10,32.0355,NA,9 _ 2,NA,NA,NA,NA,NA,NA,NA,NA,NA,NA,NA,NA,NA,NA,NA,NA,NA,NA,NA,NA,NA,NA,NA,NA
Sarmiento,9,2,Gonostomatidae,MOC9-Net2-Gon-4,SG2105_MOC9_Net2_ImageJ,11,18.1965,NA,9 _ 2,NA,NA,NA,NA,NA,NA,NA,NA,NA,NA,NA,NA,NA,NA,NA,NA,NA,NA,NA,NA,NA,NA,NA,NA
Sarmiento,9,3,Myctophidae,MOC9-Net3-Myc-1,SG2105_MOC9_Net3_ImageJ,33,31.605,NA,9 _ 3,NA,NA,NA,NA,NA,NA,NA,NA,NA,NA,NA,NA,NA,NA,NA,NA,NA,NA,NA,NA,NA,NA,NA,NA
Sarmiento,9,3,Myctophidae,MOC9-Net3-Myc-2,SG2105_MOC9_Net3_ImageJ,34,19.719,NA,9 _ 3,NA,NA,NA,NA,NA,NA,NA,NA,NA,NA,NA,NA,NA,NA,NA,NA,NA,NA,NA,NA,NA,NA,NA,NA
Sarmiento,9,4,Myctophidae,MOC9-Net4-Myc-1,SG2105_MOC9_Net4_ImageJ,1,36.918,NA,9 _ 4,NA,NA,NA,NA,NA,NA,NA,NA,NA,NA,NA,NA,NA,NA,NA,NA,NA,NA,NA,NA,NA,NA,NA,NA
Sarmiento,9,4,Myctophidae,MOC9-Net4-Myc-2,SG2105_MOC9_Net4_ImageJ,2,30.135,NA,9 _ 4,NA,NA,NA,NA,NA,NA,NA,NA,NA,NA,NA,NA,NA,NA,NA,NA,NA,NA,NA,NA,NA,NA,NA,NA
Sarmiento,9,4,Myctophidae,MOC9-Net4-Myc-3,SG2105_MOC9_Net4_ImageJ,3,28.9905,NA,9 _ 4,NA,NA,NA,NA,NA,NA,NA,NA,NA,NA,NA,NA,NA,NA,NA,NA,NA,NA,NA,NA,NA,NA,NA,NA
Sarmiento,9,4,Myctophidae,MOC9-Net4-Myc-4,SG2105_MOC9_Net4_ImageJ,4,27.993,NA,9 _ 4,NA,NA,NA,NA,NA,NA,NA,NA,NA,NA,NA,NA,NA,NA,NA,NA,NA,NA,NA,NA,NA,NA,NA,NA
Sarmiento,9,4,Myctophidae,MOC9-Net4-Myc-5,SG2105_MOC9_Net4_ImageJ,5,27.111,NA,9 _ 4,NA,NA,NA,NA,NA,NA,NA,NA,NA,NA,NA,NA,NA,NA,NA,NA,NA,NA,NA,NA,NA,NA,NA,NA
Sarmiento,9,4,Myctophidae,MOC9-Net4-Myc-6,SG2105_MOC9_Net4_ImageJ,6,29.2215,NA,9 _ 4,NA,NA,NA,NA,NA,NA,NA,NA,NA,NA,NA,NA,NA,NA,NA,NA,NA,NA,NA,NA,NA,NA,NA,NA
Sarmiento,9,4,Myctophidae,MOC9-Net4-Myc-7,SG2105_MOC9_Net4_ImageJ,7,38.346,NA,9 _ 4,NA,NA,NA,NA,NA,NA,NA,NA,NA,NA,NA,NA,NA,NA,NA,NA,NA,NA,NA,NA,NA,NA,NA,NA
Sarmiento,9,4,Myctophidae,MOC9-Net4-Myc-8,SG2105_MOC9_Net4_ImageJ,8,27.7095,NA,9 _ 4,NA,NA,NA,NA,NA,NA,NA,NA,NA,NA,NA,NA,NA,NA,NA,NA,NA,NA,NA,NA,NA,NA,NA,NA
Sarmiento,9,4,Myctophidae,MOC9-Net4-Myc-9,SG2105_MOC9_Net4_ImageJ,9,13.209,NA,9 _ 4,NA,NA,NA,NA,NA,NA,NA,NA,NA,NA,NA,NA,NA,NA,NA,NA,NA,NA,NA,NA,NA,NA,NA,NA
Sarmiento,9,4,Myctophidae,MOC9-Net4-Myc-10,SG2105_MOC9_Net4_ImageJ,10,29.169,NA,9 _ 4,NA,NA,NA,NA,NA,NA,NA,NA,NA,NA,NA,NA,NA,NA,NA,NA,NA,NA,NA,NA,NA,NA,NA,NA
Sarmiento,9,4,Myctophidae,MOC9-Net4-Myc-11,SG2105_MOC9_Net4_ImageJ,11,36.33,NA,9 _ 4,NA,NA,NA,NA,NA,NA,NA,NA,NA,NA,NA,NA,NA,NA,NA,NA,NA,NA,NA,NA,NA,NA,NA,NA
Sarmiento,9,4,Myctophidae,MOC9-Net4-Myc-12,SG2105_MOC9_Net4_ImageJ,12,26.9115,NA,9 _ 4,NA,NA,NA,NA,NA,NA,NA,NA,NA,NA,NA,NA,NA,NA,NA,NA,NA,NA,NA,NA,NA,NA,NA,NA
Sarmiento,9,4,Myctophidae,MOC9-Net4-Myc-13,SG2105_MOC9_Net4_ImageJ,13,15.3825,NA,9 _ 4,NA,NA,NA,NA,NA,NA,NA,NA,NA,NA,NA,NA,NA,NA,NA,NA,NA,NA,NA,NA,NA,NA,NA,NA
Sarmiento,9,4,Myctophidae,MOC9-Net4-Myc-14,SG2105_MOC9_Net4_ImageJ,14,10.7835,NA,9 _ 4,NA,NA,NA,NA,NA,NA,NA,NA,NA,NA,NA,NA,NA,NA,NA,NA,NA,NA,NA,NA,NA,NA,NA,NA
Sarmiento,9,4,Myctophidae,MOC9-Net4-Myc-15,SG2105_MOC9_Net4_ImageJ,15,31.6575,NA,9 _ 4,NA,NA,NA,NA,NA,NA,NA,NA,NA,NA,NA,NA,NA,NA,NA,NA,NA,NA,NA,NA,NA,NA,NA,NA
Sarmiento,9,4,Myctophidae,MOC9-Net4-Myc-16,SG2105_MOC9_Net4_ImageJ,16,17.808,body fragment,9 _ 4,NA,NA,NA,NA,NA,NA,NA,NA,NA,NA,NA,NA,NA,NA,NA,NA,NA,NA,NA,NA,NA,NA,NA,NA
Sarmiento,9,4,Myctophidae,MOC9-Net4-Myc-17,SG2105_MOC9_Net4_ImageJ,17,15.729,body fragment,9 _ 4,NA,NA,NA,NA,NA,NA,NA,NA,NA,NA,NA,NA,NA,NA,NA,NA,NA,NA,NA,NA,NA,NA,NA,NA
Sarmiento,9,4,Myctophidae,MOC9-Net4-Myc-18,SG2105_MOC9_Net4_ImageJ,18,20.4015,body fragment,9 _ 4,NA,NA,NA,NA,NA,NA,NA,NA,NA,NA,NA,NA,NA,NA,NA,NA,NA,NA,NA,NA,NA,NA,NA,NA
Sarmiento,9,4,Myctophidae,MOC9-Net4-Myc-19,SG2105_MOC9_Net4_ImageJ,19,11.1405,body fragment,9 _ 4,NA,NA,NA,NA,NA,NA,NA,NA,NA,NA,NA,NA,NA,NA,NA,NA,NA,NA,NA,NA,NA,NA,NA,NA
Sarmiento,9,4,Myctophidae,MOC9-Net4-Myc-20,SG2105_MOC9_Net4_ImageJ,20,14.385,body fragment,9 _ 4,NA,NA,NA,NA,NA,NA,NA,NA,NA,NA,NA,NA,NA,NA,NA,NA,NA,NA,NA,NA,NA,NA,NA,NA
Sarmiento,9,4,Myctophidae,MOC9-Net4-Myc-22,SG2105_MOC9_Net4_ImageJ,22,18.3015,body fragment,9 _ 4,NA,NA,NA,NA,NA,NA,NA,NA,NA,NA,NA,NA,NA,NA,NA,NA,NA,NA,NA,NA,NA,NA,NA,NA
Sarmiento,9,4,Myctophidae,MOC9-Net4-Myc-23,SG2105_MOC9_Net4_ImageJ,23,20.706,"broken, head present",9 _ 4,NA,NA,NA,NA,NA,NA,NA,NA,NA,NA,NA,NA,NA,NA,NA,NA,NA,NA,NA,NA,NA,NA,NA,NA
Sarmiento,9,4,Myctophidae,MOC9-Net4-Myc-24,SG2105_MOC9_Net4_ImageJ,24,11.886,head only,9 _ 4,NA,NA,NA,NA,NA,NA,NA,NA,NA,NA,NA,NA,NA,NA,NA,NA,NA,NA,NA,NA,NA,NA,NA,NA
Sarmiento,9,4,Myctophidae,MOC9-Net4-Myc-25,SG2105_MOC9_Net4_ImageJ,25,10.7835,head only,9 _ 4,NA,NA,NA,NA,NA,NA,NA,NA,NA,NA,NA,NA,NA,NA,NA,NA,NA,NA,NA,NA,NA,NA,NA,NA
Sarmiento,9,4,Myctophidae,MOC9-Net4-Myc-26,SG2105_MOC9_Net4_ImageJ,26,15.9915,head fragments,9 _ 4,NA,NA,NA,NA,NA,NA,NA,NA,NA,NA,NA,NA,NA,NA,NA,NA,NA,NA,NA,NA,NA,NA,NA,NA
Sarmiento,1,1,Gonostomatidae,MOC1-Net1-Gon-1,SG2105_MOC1_Net1_ImageJ,1,30.387,NA,1 _ 1,NA,NA,NA,NA,NA,NA,NA,NA,NA,NA,NA,NA,NA,NA,NA,NA,NA,NA,NA,NA,NA,NA,NA,NA
Sarmiento,1,1,Gonostomatidae,MOC1-Net1-Gon-2,SG2105_MOC1_Net1_ImageJ,2,31.857,NA,1 _ 1,NA,NA,NA,NA,NA,NA,NA,NA,NA,NA,NA,NA,NA,NA,NA,NA,NA,NA,NA,NA,NA,NA,NA,NA
Sarmiento,1,1,Gonostomatidae,MOC1-Net1-Gon-3,SG2105_MOC1_Net1_ImageJ,3,32.3925,NA,1 _ 1,NA,NA,NA,NA,NA,NA,NA,NA,NA,NA,NA,NA,NA,NA,NA,NA,NA,NA,NA,NA,NA,NA,NA,NA
Sarmiento,1,1,Myctophidae,MOC1-Net1-Myc-1,SG2105_MOC1_Net1_ImageJ,4,13.524,NA,1 _ 1,NA,NA,NA,NA,NA,NA,NA,NA,NA,NA,NA,NA,NA,NA,NA,NA,NA,NA,NA,NA,NA,NA,NA,NA
Sarmiento,1,3,Sternoptychidae,MOC1-Net3-Ste-1,SG2105_MOC1_Net3_ImageJ,1,22.722,NA,1 _ 3,NA,NA,NA,NA,NA,NA,NA,NA,NA,NA,NA,NA,NA,NA,NA,NA,NA,NA,NA,NA,NA,NA,NA,NA
Sarmiento,1,3,Myctophidae,MOC1-Net3-Myc-1,SG2105_MOC1_Net3_ImageJ,2,25.452,NA,1 _ 3,NA,NA,NA,NA,NA,NA,NA,NA,NA,NA,NA,NA,NA,NA,NA,NA,NA,NA,NA,NA,NA,NA,NA,NA
Sarmiento,1,3,Paralepididae,MOC1-Net3-Par-1,SG2105_MOC1_Net3_ImageJ,3,39.606,NA,1 _ 3,NA,NA,NA,NA,NA,NA,NA,NA,NA,NA,NA,NA,NA,NA,NA,NA,NA,NA,NA,NA,NA,NA,NA,NA
Sarmiento,2,1,Myctophidae,MOC2-Net1-Myc-1,SG2105_MOC2_Net1_ImageJ,1,11.025,NA,2 _ 1,NA,NA,NA,NA,NA,NA,NA,NA,NA,NA,NA,NA,NA,NA,NA,NA,NA,NA,NA,NA,NA,NA,NA,NA
Sarmiento,2,1,Gonostomatidae,MOC2-Net1-Gon-1,SG2105_MOC2_Net1_ImageJ,2,18.417,NA,2 _ 1,NA,NA,NA,NA,NA,NA,NA,NA,NA,NA,NA,NA,NA,NA,NA,NA,NA,NA,NA,NA,NA,NA,NA,NA
Sarmiento,2,1,Alepocephalidae,MOC2-Net1-Ale-1,SG2105_MOC2_Net1_ImageJ,3,16.3065,NA,2 _ 1,NA,NA,NA,NA,NA,NA,NA,NA,NA,NA,NA,NA,NA,NA,NA,NA,NA,NA,NA,NA,NA,NA,NA,NA
Sarmiento,2,2,Paralepididae,MOC2-Net2-Par-1,SG2105_MOC2_Net2_ImageJ,1,33.642,NA,2 _ 2,NA,NA,NA,NA,NA,NA,NA,NA,NA,NA,NA,NA,NA,NA,NA,NA,NA,NA,NA,NA,NA,NA,NA,NA
Sarmiento,2,3,Paralepididae,MOC2-Net3-Par-1,SG2105_MOC2_Net3_ImageJ,1,17.1045,NA,2 _ 3,NA,NA,NA,NA,NA,NA,NA,NA,NA,NA,NA,NA,NA,NA,NA,NA,NA,NA,NA,NA,NA,NA,NA,NA
Sarmiento,2,3,Paralepididae,MOC2-Net3-Par-2,SG2105_MOC2_Net3_ImageJ,2,21.4095,NA,2 _ 3,NA,NA,NA,NA,NA,NA,NA,NA,NA,NA,NA,NA,NA,NA,NA,NA,NA,NA,NA,NA,NA,NA,NA,NA
Sarmiento,2,3,Paralepididae,MOC2-Net3-Par-3,SG2105_MOC2_Net3_ImageJ,3,21.021,NA,2 _ 3,NA,NA,NA,NA,NA,NA,NA,NA,NA,NA,NA,NA,NA,NA,NA,NA,NA,NA,NA,NA,NA,NA,NA,NA
Sarmiento,2,3,Paralepididae,MOC2-Net3-Par-4,SG2105_MOC2_Net3_ImageJ,4,19.656,NA,2 _ 3,NA,NA,NA,NA,NA,NA,NA,NA,NA,NA,NA,NA,NA,NA,NA,NA,NA,NA,NA,NA,NA,NA,NA,NA
Sarmiento,2,3,Paralepididae,MOC2-Net3-Par-5,SG2105_MOC2_Net3_ImageJ,5,21.966,NA,2 _ 3,NA,NA,NA,NA,NA,NA,NA,NA,NA,NA,NA,NA,NA,NA,NA,NA,NA,NA,NA,NA,NA,NA,NA,NA
Sarmiento,2,3,Paralepididae,MOC2-Net3-Par-6,SG2105_MOC2_Net3_ImageJ,6,20.4225,NA,2 _ 3,NA,NA,NA,NA,NA,NA,NA,NA,NA,NA,NA,NA,NA,NA,NA,NA,NA,NA,NA,NA,NA,NA,NA,NA
Sarmiento,2,3,Sternoptychidae,MOC2-Net3-Ste-1,SG2105_MOC2_Net3_ImageJ,7,14.1225,NA,2 _ 3,NA,NA,NA,NA,NA,NA,NA,NA,NA,NA,NA,NA,NA,NA,NA,NA,NA,NA,NA,NA,NA,NA,NA,NA
Sarmiento,2,3,Sternoptychidae,MOC2-Net3-Ste-2,SG2105_MOC2_Net3_ImageJ,8,17.1465,NA,2 _ 3,NA,NA,NA,NA,NA,NA,NA,NA,NA,NA,NA,NA,NA,NA,NA,NA,NA,NA,NA,NA,NA,NA,NA,NA
Sarmiento,2,4,Myctophidae,MOC2-Net4-Myc-1,SG2105_MOC2_Net4_ImageJ,1,14.2695,NA,2 _ 4,NA,NA,NA,NA,NA,NA,NA,NA,NA,NA,NA,NA,NA,NA,NA,NA,NA,NA,NA,NA,NA,NA,NA,NA
Sarmiento,2,4,Myctophidae,MOC2-Net4-Myc-2,SG2105_MOC2_Net4_ImageJ,2,24.906,NA,2 _ 4,NA,NA,NA,NA,NA,NA,NA,NA,NA,NA,NA,NA,NA,NA,NA,NA,NA,NA,NA,NA,NA,NA,NA,NA
Sarmiento,2,4,Myctophidae,MOC2-Net4-Myc-3,SG2105_MOC2_Net4_ImageJ,3,22.449,NA,2 _ 4,NA,NA,NA,NA,NA,NA,NA,NA,NA,NA,NA,NA,NA,NA,NA,NA,NA,NA,NA,NA,NA,NA,NA,NA
Sarmiento,2,4,Myctophidae,MOC2-Net4-Myc-4,SG2105_MOC2_Net4_ImageJ,4,24.4335,NA,2 _ 4,NA,NA,NA,NA,NA,NA,NA,NA,NA,NA,NA,NA,NA,NA,NA,NA,NA,NA,NA,NA,NA,NA,NA,NA
Sarmiento,2,4,Myctophidae,MOC2-Net4-Myc-5,SG2105_MOC2_Net4_ImageJ,5,24.087,NA,2 _ 4,NA,NA,NA,NA,NA,NA,NA,NA,NA,NA,NA,NA,NA,NA,NA,NA,NA,NA,NA,NA,NA,NA,NA,NA
Sarmiento,2,4,Myctophidae,MOC2-Net4-Myc-6,SG2105_MOC2_Net4_ImageJ,6,26.166,NA,2 _ 4,NA,NA,NA,NA,NA,NA,NA,NA,NA,NA,NA,NA,NA,NA,NA,NA,NA,NA,NA,NA,NA,NA,NA,NA
Sarmiento,2,4,Myctophidae,MOC2-Net4-Myc-7,SG2105_MOC2_Net4_ImageJ,7,24.192,NA,2 _ 4,NA,NA,NA,NA,NA,NA,NA,NA,NA,NA,NA,NA,NA,NA,NA,NA,NA,NA,NA,NA,NA,NA,NA,NA
Sarmiento,3,1,Alepocephalidae,MOC3-Net1-Ale-1,SG2105_MOC3_Net1_ImageJ,1,16.443,NA,3 _ 1,NA,NA,NA,NA,NA,NA,NA,NA,NA,NA,NA,NA,NA,NA,NA,NA,NA,NA,NA,NA,NA,NA,NA,NA
Sarmiento,3,1,Gonostomatidae,MOC3-Net1-Gon-1,SG2105_MOC3_Net1_ImageJ,2,30.408,NA,3 _ 1,NA,NA,NA,NA,NA,NA,NA,NA,NA,NA,NA,NA,NA,NA,NA,NA,NA,NA,NA,NA,NA,NA,NA,NA
Sarmiento,3,1,Gonostomatidae,MOC3-Net1-Gon-2,SG2105_MOC3_Net1_ImageJ,3,27.8985,head only,3 _ 1,NA,NA,NA,NA,NA,NA,NA,NA,NA,NA,NA,NA,NA,NA,NA,NA,NA,NA,NA,NA,NA,NA,NA,NA
Sarmiento,4,1,Gonostomatidae,MOC4-Net1-Gon-1,SG2105_MOC4_Net1_ImageJ,1,32.2875,NA,4 _ 1,NA,NA,NA,NA,NA,NA,NA,NA,NA,NA,NA,NA,NA,NA,NA,NA,NA,NA,NA,NA,NA,NA,NA,NA
Sarmiento,4,1,Gonostomatidae,MOC4-Net1-Gon-3,SG2105_MOC4_Net1_ImageJ,3,13.839,broken body fragment,4 _ 1,NA,NA,NA,NA,NA,NA,NA,NA,NA,NA,NA,NA,NA,NA,NA,NA,NA,NA,NA,NA,NA,NA,NA,NA
Sarmiento,4,1,Gonostomatidae,MOC4-Net1-Gon-4,SG2105_MOC4_Net1_ImageJ,4,11.655,broken body fragment,4 _ 1,NA,NA,NA,NA,NA,NA,NA,NA,NA,NA,NA,NA,NA,NA,NA,NA,NA,NA,NA,NA,NA,NA,NA,NA
Sarmiento,4,1,Gonostomatidae,MOC4-Net1-Gon-5,SG2105_MOC4_Net1_ImageJ,5,30.87,NA,4 _ 1,NA,NA,NA,NA,NA,NA,NA,NA,NA,NA,NA,NA,NA,NA,NA,NA,NA,NA,NA,NA,NA,NA,NA,NA
Sarmiento,4,1,Gonostomatidae,MOC4-Net1-Gon-7,SG2105_MOC4_Net1_ImageJ,7,28.203,"damaged head, full body ",4 _ 1,NA,NA,NA,NA,NA,NA,NA,NA,NA,NA,NA,NA,NA,NA,NA,NA,NA,NA,NA,NA,NA,NA,NA,NA
Sarmiento,4,1,Gonostomatidae,MOC4-Net1-Gon-8,SG2105_MOC4_Net1_ImageJ,8,22.176,NA,4 _ 1,NA,NA,NA,NA,NA,NA,NA,NA,NA,NA,NA,NA,NA,NA,NA,NA,NA,NA,NA,NA,NA,NA,NA,NA
Sarmiento,4,1,Gonostomatidae,MOC4-Net1-Gon-9,SG2105_MOC4_Net1_ImageJ,9,30.135,NA,4 _ 1,NA,NA,NA,NA,NA,NA,NA,NA,NA,NA,NA,NA,NA,NA,NA,NA,NA,NA,NA,NA,NA,NA,NA,NA
Sarmiento,4,1,Gonostomatidae,MOC4-Net1-Gon-10,SG2105_MOC4_Net1_ImageJ,10,22.68,NA,4 _ 1,NA,NA,NA,NA,NA,NA,NA,NA,NA,NA,NA,NA,NA,NA,NA,NA,NA,NA,NA,NA,NA,NA,NA,NA
Sarmiento,4,1,Gonostomatidae,MOC4-Net1-Gon-11,SG2105_MOC4_Net1_ImageJ,11,23.1945,NA,4 _ 1,NA,NA,NA,NA,NA,NA,NA,NA,NA,NA,NA,NA,NA,NA,NA,NA,NA,NA,NA,NA,NA,NA,NA,NA
Sarmiento,4,1,Gonostomatidae,MOC4-Net1-Gon-12,SG2105_MOC4_Net1_ImageJ,12,21.3885,NA,4 _ 1,NA,NA,NA,NA,NA,NA,NA,NA,NA,NA,NA,NA,NA,NA,NA,NA,NA,NA,NA,NA,NA,NA,NA,NA
Sarmiento,4,1,Gonostomatidae,MOC4-Net1-Gon-13,SG2105_MOC4_Net1_ImageJ,13,20.79,NA,4 _ 1,NA,NA,NA,NA,NA,NA,NA,NA,NA,NA,NA,NA,NA,NA,NA,NA,NA,NA,NA,NA,NA,NA,NA,NA
Sarmiento,4,1,Alepocephalidae,MOC4-Net1-Ale-1,SG2105_MOC4_Net1_ImageJ,15,19.6875,NA,4 _ 1,NA,NA,NA,NA,NA,NA,NA,NA,NA,NA,NA,NA,NA,NA,NA,NA,NA,NA,NA,NA,NA,NA,NA,NA
Sarmiento,4,1,Alepocephalidae,MOC4-Net1-Ale-2,SG2105_MOC4_Net1_ImageJ,16,22.0395,NA,4 _ 1,NA,NA,NA,NA,NA,NA,NA,NA,NA,NA,NA,NA,NA,NA,NA,NA,NA,NA,NA,NA,NA,NA,NA,NA
Sarmiento,4,3,Myctophidae,MOC4-Net3-Myc-1,SG2105_MOC4_Net3_ImageJ,1,11.9595,NA,4 _ 3,NA,NA,NA,NA,NA,NA,NA,NA,NA,NA,NA,NA,NA,NA,NA,NA,NA,NA,NA,NA,NA,NA,NA,NA
Sarmiento,4,3,Myctophidae,MOC4-Net3-Myc-2,SG2105_MOC4_Net3_ImageJ,2,13.566,NA,4 _ 3,NA,NA,NA,NA,NA,NA,NA,NA,NA,NA,NA,NA,NA,NA,NA,NA,NA,NA,NA,NA,NA,NA,NA,NA
Sarmiento,4,3,Myctophidae,MOC4-Net3-Myc-3,SG2105_MOC4_Net3_ImageJ,3,13.0935,NA,4 _ 3,NA,NA,NA,NA,NA,NA,NA,NA,NA,NA,NA,NA,NA,NA,NA,NA,NA,NA,NA,NA,NA,NA,NA,NA
Sarmiento,4,4,Gonostomatidae,MOC4-Net4-Gon-1,SG2105_MOC4_Net4_ImageJ,1,18.6165,"body broken, head present",4 _ 4,NA,NA,NA,NA,NA,NA,NA,NA,NA,NA,NA,NA,NA,NA,NA,NA,NA,NA,NA,NA,NA,NA,NA,NA
Sarmiento,4,4,Gonostomatidae,MOC4-Net4-Gon-2,SG2105_MOC4_Net4_ImageJ,2,17.2305,"body broken, head present",4 _ 4,NA,NA,NA,NA,NA,NA,NA,NA,NA,NA,NA,NA,NA,NA,NA,NA,NA,NA,NA,NA,NA,NA,NA,NA
Sarmiento,5,1,Gonostomatidae,MOC5-Net1-Gon-1,SG2105_MOC5_Net1_ImageJ,1,28.917,NA,5 _ 1,NA,NA,NA,NA,NA,NA,NA,NA,NA,NA,NA,NA,NA,NA,NA,NA,NA,NA,NA,NA,NA,NA,NA,NA
Sarmiento,5,1,Gonostomatidae,MOC5-Net1-Gon-2,SG2105_MOC5_Net1_ImageJ,2,23.709,headless,5 _ 1,NA,NA,NA,NA,NA,NA,NA,NA,NA,NA,NA,NA,NA,NA,NA,NA,NA,NA,NA,NA,NA,NA,NA,NA
Sarmiento,5,1,Gonostomatidae,MOC5-Net1-Gon-3,SG2105_MOC5_Net1_ImageJ,3,20.9475,NA,5 _ 1,NA,NA,NA,NA,NA,NA,NA,NA,NA,NA,NA,NA,NA,NA,NA,NA,NA,NA,NA,NA,NA,NA,NA,NA
Sarmiento,5,3,Sternoptychidae,MOC5-Net3-Ste-1,SG2105_MOC5_Net3_ImageJ,1,13.713,NA,5 _ 3,NA,NA,NA,NA,NA,NA,NA,NA,NA,NA,NA,NA,NA,NA,NA,NA,NA,NA,NA,NA,NA,NA,NA,NA
Sarmiento,6,1,Gonostomatidae,MOC6-Net1-Gon-1,SG2105_MOC6_Net1_ImageJ,1,27.531,NA,6 _ 1,NA,NA,NA,NA,NA,NA,NA,NA,NA,NA,NA,NA,NA,NA,NA,NA,NA,NA,NA,NA,NA,NA,NA,NA
Sarmiento,6,1,Gonostomatidae,MOC6-Net1-Gon-2,SG2105_MOC6_Net1_ImageJ,2,20.4645,NA,6 _ 1,NA,NA,NA,NA,NA,NA,NA,NA,NA,NA,NA,NA,NA,NA,NA,NA,NA,NA,NA,NA,NA,NA,NA,NA
Sarmiento,6,1,Gonostomatidae,MOC6-Net1-Gon-3,SG2105_MOC6_Net1_ImageJ,3,20.118,NA,6 _ 1,NA,NA,NA,NA,NA,NA,NA,NA,NA,NA,NA,NA,NA,NA,NA,NA,NA,NA,NA,NA,NA,NA,NA,NA
Sarmiento,6,1,Gonostomatidae,MOC6-Net1-Gon-4,SG2105_MOC6_Net1_ImageJ,4,25.0215,NA,6 _ 1,NA,NA,NA,NA,NA,NA,NA,NA,NA,NA,NA,NA,NA,NA,NA,NA,NA,NA,NA,NA,NA,NA,NA,NA
Sarmiento,6,1,Gonostomatidae,MOC6-Net1-Gon-5,SG2105_MOC6_Net1_ImageJ,5,21.609,NA,6 _ 1,NA,NA,NA,NA,NA,NA,NA,NA,NA,NA,NA,NA,NA,NA,NA,NA,NA,NA,NA,NA,NA,NA,NA,NA
Sarmiento,6,1,Gonostomatidae,MOC6-Net1-Gon-6,SG2105_MOC6_Net1_ImageJ,6,21.84,NA,6 _ 1,NA,NA,NA,NA,NA,NA,NA,NA,NA,NA,NA,NA,NA,NA,NA,NA,NA,NA,NA,NA,NA,NA,NA,NA
Sarmiento,6,1,Gonostomatidae,MOC6-Net1-Gon-7,SG2105_MOC6_Net1_ImageJ,7,20.1705,NA,6 _ 1,NA,NA,NA,NA,NA,NA,NA,NA,NA,NA,NA,NA,NA,NA,NA,NA,NA,NA,NA,NA,NA,NA,NA,NA
Sarmiento,6,1,Gonostomatidae,MOC6-Net1-Gon-8,SG2105_MOC6_Net1_ImageJ,8,35.49,NA,6 _ 1,NA,NA,NA,NA,NA,NA,NA,NA,NA,NA,NA,NA,NA,NA,NA,NA,NA,NA,NA,NA,NA,NA,NA,NA
Sarmiento,6,1,Paralepididae,MOC6-Net1-Par-1,SG2105_MOC6_Net1_ImageJ,9,20.538,NA,6 _ 1,NA,NA,NA,NA,NA,NA,NA,NA,NA,NA,NA,NA,NA,NA,NA,NA,NA,NA,NA,NA,NA,NA,NA,NA
Sarmiento,6,1,Unknown ,MOC6-Net1-Unk-1,SG2105_MOC6_Net1_ImageJ,10,16.023,NA,6 _ 1,NA,NA,NA,NA,NA,NA,NA,NA,NA,NA,NA,NA,NA,NA,NA,NA,NA,NA,NA,NA,NA,NA,NA,NA
Sarmiento,6,2,Sternoptychidae,MOC6-Net2-Ste-1,SG2105_MOC6_Net2_ImageJ,1,30.66,NA,6 _ 2,NA,NA,NA,NA,NA,NA,NA,NA,NA,NA,NA,NA,NA,NA,NA,NA,NA,NA,NA,NA,NA,NA,NA,NA
Sarmiento,6,2,Sternoptychidae,MOC6-Net2-Ste-2,SG2105_MOC6_Net2_ImageJ,2,20.6745,NA,6 _ 2,NA,NA,NA,NA,NA,NA,NA,NA,NA,NA,NA,NA,NA,NA,NA,NA,NA,NA,NA,NA,NA,NA,NA,NA
Sarmiento,6,2,Myctophidae,MOC6-Net2-Myc-1,SG2105_MOC6_Net2_ImageJ,3,14.385,NA,6 _ 2,NA,NA,NA,NA,NA,NA,NA,NA,NA,NA,NA,NA,NA,NA,NA,NA,NA,NA,NA,NA,NA,NA,NA,NA
Sarmiento,6,2,Myctophidae,MOC6-Net2-Myc-2,SG2105_MOC6_Net2_ImageJ,4,13.482,NA,6 _ 2,NA,NA,NA,NA,NA,NA,NA,NA,NA,NA,NA,NA,NA,NA,NA,NA,NA,NA,NA,NA,NA,NA,NA,NA
Sarmiento,6,2,Myctophidae,MOC6-Net2-Myc-3,SG2105_MOC6_Net2_ImageJ,5,11.7075,NA,6 _ 2,NA,NA,NA,NA,NA,NA,NA,NA,NA,NA,NA,NA,NA,NA,NA,NA,NA,NA,NA,NA,NA,NA,NA,NA
Sarmiento,6,3,Sternoptychidae,MOC6-Net3-Ste-1,SG2105_MOC6_Net3_ImageJ,1,13.9335,NA,6 _ 3,NA,NA,NA,NA,NA,NA,NA,NA,NA,NA,NA,NA,NA,NA,NA,NA,NA,NA,NA,NA,NA,NA,NA,NA
Sarmiento,6,4,Stomiidae,MOC6-Net4-Sto-1,SG2105_MOC6_Net4_ImageJ,2,39.8685,NA,6 _ 4,NA,NA,NA,NA,NA,NA,NA,NA,NA,NA,NA,NA,NA,NA,NA,NA,NA,NA,NA,NA,NA,NA,NA,NA
Sarmiento,6,4,Stomiidae,MOC6-Net4-Sto-2,SG2105_MOC6_Net4_ImageJ,3,44.8665,NA,6 _ 4,NA,NA,NA,NA,NA,NA,NA,NA,NA,NA,NA,NA,NA,NA,NA,NA,NA,NA,NA,NA,NA,NA,NA,NA
Sarmiento,6,4,Myctophidae,MOC6-Net4-Myc-1,SG2105_MOC6_Net4_ImageJ,4,14.028,NA,6 _ 4,NA,NA,NA,NA,NA,NA,NA,NA,NA,NA,NA,NA,NA,NA,NA,NA,NA,NA,NA,NA,NA,NA,NA,NA
Sarmiento,6,4,Myctophidae,MOC6-Net4-Myc-2,SG2105_MOC6_Net4_ImageJ,5,14.8365,NA,6 _ 4,NA,NA,NA,NA,NA,NA,NA,NA,NA,NA,NA,NA,NA,NA,NA,NA,NA,NA,NA,NA,NA,NA,NA,NA
Sarmiento,6,4,Myctophidae,MOC6-Net4-Myc-3,SG2105_MOC6_Net4_ImageJ,6,10.647,NA,6 _ 4,NA,NA,NA,NA,NA,NA,NA,NA,NA,NA,NA,NA,NA,NA,NA,NA,NA,NA,NA,NA,NA,NA,NA,NA
Sarmiento,6,4,Myctophidae,MOC6-Net4-Myc-4,SG2105_MOC6_Net4_ImageJ,7,29.2005,NA,6 _ 4,NA,NA,NA,NA,NA,NA,NA,NA,NA,NA,NA,NA,NA,NA,NA,NA,NA,NA,NA,NA,NA,NA,NA,NA
Sarmiento,6,4,Myctophidae,MOC6-Net4-Myc-5,SG2105_MOC6_Net4_ImageJ,8,27.699,NA,6 _ 4,NA,NA,NA,NA,NA,NA,NA,NA,NA,NA,NA,NA,NA,NA,NA,NA,NA,NA,NA,NA,NA,NA,NA,NA
Sarmiento,6,4,Myctophidae,MOC6-Net4-Myc-6,SG2105_MOC6_Net4_ImageJ,9,21.3255,NA,6 _ 4,NA,NA,NA,NA,NA,NA,NA,NA,NA,NA,NA,NA,NA,NA,NA,NA,NA,NA,NA,NA,NA,NA,NA,NA
Sarmiento,6,4,Myctophidae,MOC6-Net4-Myc-7,SG2105_MOC6_Net4_ImageJ,10,24.8325,NA,6 _ 4,NA,NA,NA,NA,NA,NA,NA,NA,NA,NA,NA,NA,NA,NA,NA,NA,NA,NA,NA,NA,NA,NA,NA,NA
Sarmiento,6,4,Myctophidae,MOC6-Net4-Myc-10,SG2105_MOC6_Net4_ImageJ,13,25.473,NA,6 _ 4,NA,NA,NA,NA,NA,NA,NA,NA,NA,NA,NA,NA,NA,NA,NA,NA,NA,NA,NA,NA,NA,NA,NA,NA
Sarmiento,6,4,Myctophidae,MOC6-Net4-Myc-12,SG2105_MOC6_Net4_ImageJ,15,12.747,NA,6 _ 4,NA,NA,NA,NA,NA,NA,NA,NA,NA,NA,NA,NA,NA,NA,NA,NA,NA,NA,NA,NA,NA,NA,NA,NA
Sarmiento,6,4,Myctophidae,MOC6-Net4-Myc-13,SG2105_MOC6_Net4_ImageJ,16,25.032,NA,6 _ 4,NA,NA,NA,NA,NA,NA,NA,NA,NA,NA,NA,NA,NA,NA,NA,NA,NA,NA,NA,NA,NA,NA,NA,NA
Sarmiento,6,4,Myctophidae,MOC6-Net4-Myc-14,SG2105_MOC6_Net4_ImageJ,17,26.1345,NA,6 _ 4,NA,NA,NA,NA,NA,NA,NA,NA,NA,NA,NA,NA,NA,NA,NA,NA,NA,NA,NA,NA,NA,NA,NA,NA
Sarmiento,6,4,Myctophidae,MOC6-Net4-Myc-16,SG2105_MOC6_Net4_ImageJ,19,13.6815,body only,6 _ 4,NA,NA,NA,NA,NA,NA,NA,NA,NA,NA,NA,NA,NA,NA,NA,NA,NA,NA,NA,NA,NA,NA,NA,NA
Sarmiento,6,4,Myctophidae,MOC6-Net4-Myc-18,SG2105_MOC6_Net4_ImageJ,21,14.553,body only,6 _ 4,NA,NA,NA,NA,NA,NA,NA,NA,NA,NA,NA,NA,NA,NA,NA,NA,NA,NA,NA,NA,NA,NA,NA,NA
Sarmiento,6,4,Myctophidae,MOC6-Net4-Myc-19,SG2105_MOC6_Net4_ImageJ,22,12.642,head only,6 _ 4,NA,NA,NA,NA,NA,NA,NA,NA,NA,NA,NA,NA,NA,NA,NA,NA,NA,NA,NA,NA,NA,NA,NA,NA
Sarmiento,6,4,Myctophidae,MOC6-Net4-Myc-20,SG2105_MOC6_Net4_ImageJ,23,16.884,body only,6 _ 4,NA,NA,NA,NA,NA,NA,NA,NA,NA,NA,NA,NA,NA,NA,NA,NA,NA,NA,NA,NA,NA,NA,NA,NA
Sarmiento,6,4,Myctophidae,MOC6-Net4-Myc-22,SG2105_MOC6_Net4_ImageJ,25,26.964,NA,6 _ 4,NA,NA,NA,NA,NA,NA,NA,NA,NA,NA,NA,NA,NA,NA,NA,NA,NA,NA,NA,NA,NA,NA,NA,NA
Sarmiento,7,1,Gonostomatidae,MOC7-Net1-Gon-1,SG2105_MOC7_Net1_ImageJ,1,33.2325,NA,7 _ 1,NA,NA,NA,NA,NA,NA,NA,NA,NA,NA,NA,NA,NA,NA,NA,NA,NA,NA,NA,NA,NA,NA,NA,NA
Sarmiento,7,1,Gonostomatidae,MOC7-Net1-Gon-2,SG2105_MOC7_Net1_ImageJ,2,32.3925,NA,7 _ 1,NA,NA,NA,NA,NA,NA,NA,NA,NA,NA,NA,NA,NA,NA,NA,NA,NA,NA,NA,NA,NA,NA,NA,NA
Sarmiento,7,1,Gonostomatidae,MOC7-Net1-Gon-3,SG2105_MOC7_Net1_ImageJ,3,29.799,NA,7 _ 1,NA,NA,NA,NA,NA,NA,NA,NA,NA,NA,NA,NA,NA,NA,NA,NA,NA,NA,NA,NA,NA,NA,NA,NA
Sarmiento,7,1,Gonostomatidae,MOC7-Net1-Gon-4,SG2105_MOC7_Net1_ImageJ,4,19.383,body fragment,7 _ 1,NA,NA,NA,NA,NA,NA,NA,NA,NA,NA,NA,NA,NA,NA,NA,NA,NA,NA,NA,NA,NA,NA,NA,NA
Sarmiento,7,1,Myctophidae,MOC7-Net1-Myc-1,SG2105_MOC7_Net1_ImageJ,5,28.749,NA,7 _ 1,NA,NA,NA,NA,NA,NA,NA,NA,NA,NA,NA,NA,NA,NA,NA,NA,NA,NA,NA,NA,NA,NA,NA,NA
Sarmiento,7,1,Alepocephalidae,MOC7-Net1-Ale-1,SG2105_MOC7_Net1_ImageJ,8,21.7035,NA,7 _ 1,NA,NA,NA,NA,NA,NA,NA,NA,NA,NA,NA,NA,NA,NA,NA,NA,NA,NA,NA,NA,NA,NA,NA,NA
Sarmiento,7,1,Alepocephalidae,MOC7-Net1-Ale-2,SG2105_MOC7_Net1_ImageJ,9,18.1545,NA,7 _ 1,NA,NA,NA,NA,NA,NA,NA,NA,NA,NA,NA,NA,NA,NA,NA,NA,NA,NA,NA,NA,NA,NA,NA,NA
Sarmiento,7,1,Alepocephalidae,MOC7-Net1-Ale-4,SG2105_MOC7_Net1_ImageJ,11,18.606,NA,7 _ 1,NA,NA,NA,NA,NA,NA,NA,NA,NA,NA,NA,NA,NA,NA,NA,NA,NA,NA,NA,NA,NA,NA,NA,NA
Sarmiento,7,2,Stomiidae,MOC7-Net2-Sto-1,SG2105_MOC7_Net2_ImageJ,1,34.944,NA,7 _ 2,NA,NA,NA,NA,NA,NA,NA,NA,NA,NA,NA,NA,NA,NA,NA,NA,NA,NA,NA,NA,NA,NA,NA,NA
Sarmiento,7,2,Sternoptychidae,MOC7-Net2-Ste-1,SG2105_MOC7_Net2_ImageJ,2,22.1445,NA,7 _ 2,NA,NA,NA,NA,NA,NA,NA,NA,NA,NA,NA,NA,NA,NA,NA,NA,NA,NA,NA,NA,NA,NA,NA,NA
Sarmiento,7,2,Sternoptychidae,MOC7-Net2-Ste-2,SG2105_MOC7_Net2_ImageJ,3,11.634,NA,7 _ 2,NA,NA,NA,NA,NA,NA,NA,NA,NA,NA,NA,NA,NA,NA,NA,NA,NA,NA,NA,NA,NA,NA,NA,NA
Sarmiento,7,2,Paralepididae,MOC7-Net2-Par-1,SG2105_MOC7_Net2_ImageJ,4,35.028,NA,7 _ 2,NA,NA,NA,NA,NA,NA,NA,NA,NA,NA,NA,NA,NA,NA,NA,NA,NA,NA,NA,NA,NA,NA,NA,NA
Sarmiento,7,4,Myctophidae,MOC7-Net4-Myc-1,SG2105_MOC7_Net4_ImageJ,1,24.969,NA,7 _ 4,NA,NA,NA,NA,NA,NA,NA,NA,NA,NA,NA,NA,NA,NA,NA,NA,NA,NA,NA,NA,NA,NA,NA,NA
Sarmiento,8,1,Gonostomatidae,MOC8-Net1-Gon-1,SG2105_MOC8_Net1_ImageJ,1,13.104,NA,8 _ 1,NA,NA,NA,NA,NA,NA,NA,NA,NA,NA,NA,NA,NA,NA,NA,NA,NA,NA,NA,NA,NA,NA,NA,NA
Sarmiento,8,1,Gonostomatidae,MOC8-Net1-Gon-2,SG2105_MOC8_Net1_ImageJ,2,10.563,broken body and mangled head,8 _ 1,NA,NA,NA,NA,NA,NA,NA,NA,NA,NA,NA,NA,NA,NA,NA,NA,NA,NA,NA,NA,NA,NA,NA,NA
Sarmiento,8,1,Gonostomatidae,MOC8-Net1-Gon-3,SG2105_MOC8_Net1_ImageJ,3,17.913,NA,8 _ 1,NA,NA,NA,NA,NA,NA,NA,NA,NA,NA,NA,NA,NA,NA,NA,NA,NA,NA,NA,NA,NA,NA,NA,NA
Sarmiento,8,1,Gonostomatidae,MOC8-Net1-Gon-4,SG2105_MOC8_Net1_ImageJ,4,17.115,NA,8 _ 1,NA,NA,NA,NA,NA,NA,NA,NA,NA,NA,NA,NA,NA,NA,NA,NA,NA,NA,NA,NA,NA,NA,NA,NA
Sarmiento,8,1,Gonostomatidae,MOC8-Net1-Gon-5,SG2105_MOC8_Net1_ImageJ,5,12.957,body fragment,8 _ 1,NA,NA,NA,NA,NA,NA,NA,NA,NA,NA,NA,NA,NA,NA,NA,NA,NA,NA,NA,NA,NA,NA,NA,NA
Sarmiento,8,1,Gonostomatidae,MOC8-Net1-Gon-8,SG2105_MOC8_Net1_ImageJ,8,18.753,body fragment,8 _ 1,NA,NA,NA,NA,NA,NA,NA,NA,NA,NA,NA,NA,NA,NA,NA,NA,NA,NA,NA,NA,NA,NA,NA,NA
Sarmiento,8,1,Gonostomatidae,MOC8-Net1-Gon-10,SG2105_MOC8_Net1_ImageJ,10,33.285,NA,8 _ 1,NA,NA,NA,NA,NA,NA,NA,NA,NA,NA,NA,NA,NA,NA,NA,NA,NA,NA,NA,NA,NA,NA,NA,NA
Sarmiento,8,1,Gonostomatidae,MOC8-Net1-Gon-11,SG2105_MOC8_Net1_ImageJ,11,28.6545,NA,8 _ 1,NA,NA,NA,NA,NA,NA,NA,NA,NA,NA,NA,NA,NA,NA,NA,NA,NA,NA,NA,NA,NA,NA,NA,NA
Sarmiento,8,1,Gonostomatidae,MOC8-Net1-Gon-12,SG2105_MOC8_Net1_ImageJ,12,33.6735,NA,8 _ 1,NA,NA,NA,NA,NA,NA,NA,NA,NA,NA,NA,NA,NA,NA,NA,NA,NA,NA,NA,NA,NA,NA,NA,NA
Sarmiento,8,1,Gonostomatidae,MOC8-Net1-Gon-13,SG2105_MOC8_Net1_ImageJ,13,24.864,NA,8 _ 1,NA,NA,NA,NA,NA,NA,NA,NA,NA,NA,NA,NA,NA,NA,NA,NA,NA,NA,NA,NA,NA,NA,NA,NA
Sarmiento,8,1,Gonostomatidae,MOC8-Net1-Gon-14,SG2105_MOC8_Net1_ImageJ,14,30.0825,NA,8 _ 1,NA,NA,NA,NA,NA,NA,NA,NA,NA,NA,NA,NA,NA,NA,NA,NA,NA,NA,NA,NA,NA,NA,NA,NA
Sarmiento,8,1,Gonostomatidae,MOC8-Net1-Gon-15,SG2105_MOC8_Net1_ImageJ,15,32.0565,NA,8 _ 1,NA,NA,NA,NA,NA,NA,NA,NA,NA,NA,NA,NA,NA,NA,NA,NA,NA,NA,NA,NA,NA,NA,NA,NA
Sarmiento,8,1,Gonostomatidae,MOC8-Net1-Gon-16,SG2105_MOC8_Net1_ImageJ,16,31.3845,NA,8 _ 1,NA,NA,NA,NA,NA,NA,NA,NA,NA,NA,NA,NA,NA,NA,NA,NA,NA,NA,NA,NA,NA,NA,NA,NA
Sarmiento,8,1,Gonostomatidae,MOC8-Net1-Gon-17,SG2105_MOC8_Net1_ImageJ,17,32.4555,NA,8 _ 1,NA,NA,NA,NA,NA,NA,NA,NA,NA,NA,NA,NA,NA,NA,NA,NA,NA,NA,NA,NA,NA,NA,NA,NA
Sarmiento,8,1,Gonostomatidae,MOC8-Net1-Gon-18,SG2105_MOC8_Net1_ImageJ,18,16.9785,NA,8 _ 1,NA,NA,NA,NA,NA,NA,NA,NA,NA,NA,NA,NA,NA,NA,NA,NA,NA,NA,NA,NA,NA,NA,NA,NA
Sarmiento,8,1,Gonostomatidae,MOC8-Net1-Gon-19,SG2105_MOC8_Net1_ImageJ,19,15.519,NA,8 _ 1,NA,NA,NA,NA,NA,NA,NA,NA,NA,NA,NA,NA,NA,NA,NA,NA,NA,NA,NA,NA,NA,NA,NA,NA
Sarmiento,8,1,Gonostomatidae,MOC8-Net1-Gon-20,SG2105_MOC8_Net1_ImageJ,20,30.1035,NA,8 _ 1,NA,NA,NA,NA,NA,NA,NA,NA,NA,NA,NA,NA,NA,NA,NA,NA,NA,NA,NA,NA,NA,NA,NA,NA
Sarmiento,8,1,Gonostomatidae,MOC8-Net1-Gon-21,SG2105_MOC8_Net1_ImageJ,21,26.4915,NA,8 _ 1,NA,NA,NA,NA,NA,NA,NA,NA,NA,NA,NA,NA,NA,NA,NA,NA,NA,NA,NA,NA,NA,NA,NA,NA
Sarmiento,8,1,Gonostomatidae,MOC8-Net1-Gon-23,SG2105_MOC8_Net1_ImageJ,23,31.941,NA,8 _ 1,NA,NA,NA,NA,NA,NA,NA,NA,NA,NA,NA,NA,NA,NA,NA,NA,NA,NA,NA,NA,NA,NA,NA,NA
Sarmiento,8,1,Gonostomatidae,MOC8-Net1-Gon-24,SG2105_MOC8_Net1_ImageJ,24,28.518,NA,8 _ 1,NA,NA,NA,NA,NA,NA,NA,NA,NA,NA,NA,NA,NA,NA,NA,NA,NA,NA,NA,NA,NA,NA,NA,NA
Sarmiento,8,1,Gonostomatidae,MOC8-Net1-Gon-25,SG2105_MOC8_Net1_ImageJ,25,28.9905,NA,8 _ 1,NA,NA,NA,NA,NA,NA,NA,NA,NA,NA,NA,NA,NA,NA,NA,NA,NA,NA,NA,NA,NA,NA,NA,NA
Sarmiento,8,1,Gonostomatidae,MOC8-Net1-Gon-26,SG2105_MOC8_Net1_ImageJ,26,47.8275,NA,8 _ 1,NA,NA,NA,NA,NA,NA,NA,NA,NA,NA,NA,NA,NA,NA,NA,NA,NA,NA,NA,NA,NA,NA,NA,NA
Sarmiento,8,1,Gonostomatidae,MOC8-Net1-Gon-27,SG2105_MOC8_Net1_ImageJ,27,19.908,NA,8 _ 1,NA,NA,NA,NA,NA,NA,NA,NA,NA,NA,NA,NA,NA,NA,NA,NA,NA,NA,NA,NA,NA,NA,NA,NA
Sarmiento,8,1,Alepocephalidae,MOC8-Net1-Ale-1,SG2105_MOC8_Net1_ImageJ,31,17.892,NA,8 _ 1,NA,NA,NA,NA,NA,NA,NA,NA,NA,NA,NA,NA,NA,NA,NA,NA,NA,NA,NA,NA,NA,NA,NA,NA
Sarmiento,8,1,Myctophidae,MOC8-Net1-Myc-1,SG2105_MOC8_Net1_ImageJ,32,29.232,NA,8 _ 1,NA,NA,NA,NA,NA,NA,NA,NA,NA,NA,NA,NA,NA,NA,NA,NA,NA,NA,NA,NA,NA,NA,NA,NA
Sarmiento,8,1,Myctophidae,MOC8-Net1-Myc-2,SG2105_MOC8_Net1_ImageJ,33,36.1305,NA,8 _ 1,NA,NA,NA,NA,NA,NA,NA,NA,NA,NA,NA,NA,NA,NA,NA,NA,NA,NA,NA,NA,NA,NA,NA,NA
Sarmiento,8,2,Gonostomatidae,MOC8-Net2-Gon-1,SG2105_MOC8_Net2_ImageJ,1,22.26,NA,8 _ 2,NA,NA,NA,NA,NA,NA,NA,NA,NA,NA,NA,NA,NA,NA,NA,NA,NA,NA,NA,NA,NA,NA,NA,NA
Sarmiento,8,2,Gonostomatidae,MOC8-Net2-Gon-2,SG2105_MOC8_Net2_ImageJ,2,22.239,NA,8 _ 2,NA,NA,NA,NA,NA,NA,NA,NA,NA,NA,NA,NA,NA,NA,NA,NA,NA,NA,NA,NA,NA,NA,NA,NA
Sarmiento,8,2,Gonostomatidae,MOC8-Net2-Gon-3,SG2105_MOC8_Net2_ImageJ,3,18.522,NA,8 _ 2,NA,NA,NA,NA,NA,NA,NA,NA,NA,NA,NA,NA,NA,NA,NA,NA,NA,NA,NA,NA,NA,NA,NA,NA
Sarmiento,8,2,Gonostomatidae,MOC8-Net2-Gon-4,SG2105_MOC8_Net2_ImageJ,4,24.234,NA,8 _ 2,NA,NA,NA,NA,NA,NA,NA,NA,NA,NA,NA,NA,NA,NA,NA,NA,NA,NA,NA,NA,NA,NA,NA,NA
Sarmiento,8,2,Gonostomatidae,MOC8-Net2-Gon-5,SG2105_MOC8_Net2_ImageJ,5,16.716,NA,8 _ 2,NA,NA,NA,NA,NA,NA,NA,NA,NA,NA,NA,NA,NA,NA,NA,NA,NA,NA,NA,NA,NA,NA,NA,NA
Sarmiento,8,2,Gonostomatidae,MOC8-Net2-Gon-6,SG2105_MOC8_Net2_ImageJ,6,21.8925,NA,8 _ 2,NA,NA,NA,NA,NA,NA,NA,NA,NA,NA,NA,NA,NA,NA,NA,NA,NA,NA,NA,NA,NA,NA,NA,NA
Sarmiento,8,2,Gonostomatidae,MOC8-Net2-Gon-7,SG2105_MOC8_Net2_ImageJ,7,24.1395,NA,8 _ 2,NA,NA,NA,NA,NA,NA,NA,NA,NA,NA,NA,NA,NA,NA,NA,NA,NA,NA,NA,NA,NA,NA,NA,NA
Sarmiento,8,2,Gonostomatidae,MOC8-Net2-Gon-8,SG2105_MOC8_Net2_ImageJ,8,18.6795,NA,8 _ 2,NA,NA,NA,NA,NA,NA,NA,NA,NA,NA,NA,NA,NA,NA,NA,NA,NA,NA,NA,NA,NA,NA,NA,NA
Sarmiento,8,2,Gonostomatidae,MOC8-Net2-Gon-9,SG2105_MOC8_Net2_ImageJ,9,16.38,headless,8 _ 2,NA,NA,NA,NA,NA,NA,NA,NA,NA,NA,NA,NA,NA,NA,NA,NA,NA,NA,NA,NA,NA,NA,NA,NA
Sarmiento,8,2,Gonostomatidae,MOC8-Net2-Gon-11,SG2105_MOC8_Net2_ImageJ,11,17.2935,NA,8 _ 2,NA,NA,NA,NA,NA,NA,NA,NA,NA,NA,NA,NA,NA,NA,NA,NA,NA,NA,NA,NA,NA,NA,NA,NA
Sarmiento,8,2,Gonostomatidae,MOC8-Net2-Gon-12,SG2105_MOC8_Net2_ImageJ,12,21.378,NA,8 _ 2,NA,NA,NA,NA,NA,NA,NA,NA,NA,NA,NA,NA,NA,NA,NA,NA,NA,NA,NA,NA,NA,NA,NA,NA
Sarmiento,8,2,Gonostomatidae,MOC8-Net2-Gon-13,SG2105_MOC8_Net2_ImageJ,13,19.2465,NA,8 _ 2,NA,NA,NA,NA,NA,NA,NA,NA,NA,NA,NA,NA,NA,NA,NA,NA,NA,NA,NA,NA,NA,NA,NA,NA
Sarmiento,8,2,Gonostomatidae,MOC8-Net2-Gon-14,SG2105_MOC8_Net2_ImageJ,14,17.346,NA,8 _ 2,NA,NA,NA,NA,NA,NA,NA,NA,NA,NA,NA,NA,NA,NA,NA,NA,NA,NA,NA,NA,NA,NA,NA,NA
Sarmiento,8,2,Gonostomatidae,MOC8-Net2-Gon-15,SG2105_MOC8_Net2_ImageJ,15,23.5515,head damaged,8 _ 2,NA,NA,NA,NA,NA,NA,NA,NA,NA,NA,NA,NA,NA,NA,NA,NA,NA,NA,NA,NA,NA,NA,NA,NA
Sarmiento,8,2,Gonostomatidae,MOC8-Net2-Gon-16,SG2105_MOC8_Net2_ImageJ,16,16.9995,headless,8 _ 2,NA,NA,NA,NA,NA,NA,NA,NA,NA,NA,NA,NA,NA,NA,NA,NA,NA,NA,NA,NA,NA,NA,NA,NA
Sarmiento,8,2,Gonostomatidae,MOC8-Net2-Gon-19,SG2105_MOC8_Net2_ImageJ,19,15.141,"body broken, head attached",8 _ 2,NA,NA,NA,NA,NA,NA,NA,NA,NA,NA,NA,NA,NA,NA,NA,NA,NA,NA,NA,NA,NA,NA,NA,NA
Sarmiento,8,3,Sternoptychidae,MOC8-Net3-Ste-1,SG2105_MOC8_Net3_ImageJ,2,14.8365,NA,8 _ 3,NA,NA,NA,NA,NA,NA,NA,NA,NA,NA,NA,NA,NA,NA,NA,NA,NA,NA,NA,NA,NA,NA,NA,NA
Sarmiento,8,4,Myctophidae,MOC8-Net4-Myc-1,SG2105_MOC8_Net4_ImageJ_1,1,23.331,NA,8 _ 4,NA,NA,NA,NA,NA,NA,NA,NA,NA,NA,NA,NA,NA,NA,NA,NA,NA,NA,NA,NA,NA,NA,NA,NA
Sarmiento,8,4,Myctophidae,MOC8-Net4-Myc-2,SG2105_MOC8_Net4_ImageJ_1,2,27.5205,NA,8 _ 4,NA,NA,NA,NA,NA,NA,NA,NA,NA,NA,NA,NA,NA,NA,NA,NA,NA,NA,NA,NA,NA,NA,NA,NA
Sarmiento,8,4,Myctophidae,MOC8-Net4-Myc-3,SG2105_MOC8_Net4_ImageJ_1,3,27.132,NA,8 _ 4,NA,NA,NA,NA,NA,NA,NA,NA,NA,NA,NA,NA,NA,NA,NA,NA,NA,NA,NA,NA,NA,NA,NA,NA
Sarmiento,8,4,Myctophidae,MOC8-Net4-Myc-4,SG2105_MOC8_Net4_ImageJ_1,4,16.779,NA,8 _ 4,NA,NA,NA,NA,NA,NA,NA,NA,NA,NA,NA,NA,NA,NA,NA,NA,NA,NA,NA,NA,NA,NA,NA,NA
Sarmiento,8,4,Myctophidae,MOC8-Net4-Myc-5,SG2105_MOC8_Net4_ImageJ_1,5,15.0675,NA,8 _ 4,NA,NA,NA,NA,NA,NA,NA,NA,NA,NA,NA,NA,NA,NA,NA,NA,NA,NA,NA,NA,NA,NA,NA,NA
Sarmiento,8,4,Myctophidae,MOC8-Net4-Myc-6,SG2105_MOC8_Net4_ImageJ_1,6,26.5335,NA,8 _ 4,NA,NA,NA,NA,NA,NA,NA,NA,NA,NA,NA,NA,NA,NA,NA,NA,NA,NA,NA,NA,NA,NA,NA,NA
Sarmiento,8,4,Myctophidae,MOC8-Net4-Myc-7,SG2105_MOC8_Net4_ImageJ_1,7,15.1095,NA,8 _ 4,NA,NA,NA,NA,NA,NA,NA,NA,NA,NA,NA,NA,NA,NA,NA,NA,NA,NA,NA,NA,NA,NA,NA,NA
Sarmiento,8,4,Myctophidae,MOC8-Net4-Myc-8,SG2105_MOC8_Net4_ImageJ_1,8,25.4625,NA,8 _ 4,NA,NA,NA,NA,NA,NA,NA,NA,NA,NA,NA,NA,NA,NA,NA,NA,NA,NA,NA,NA,NA,NA,NA,NA
Sarmiento,8,4,Myctophidae,MOC8-Net4-Myc-9,SG2105_MOC8_Net4_ImageJ_1,9,18.039,NA,8 _ 4,NA,NA,NA,NA,NA,NA,NA,NA,NA,NA,NA,NA,NA,NA,NA,NA,NA,NA,NA,NA,NA,NA,NA,NA
Sarmiento,8,4,Myctophidae,MOC8-Net4-Myc-10,SG2105_MOC8_Net4_ImageJ_1,10,48.2265,NA,8 _ 4,NA,NA,NA,NA,NA,NA,NA,NA,NA,NA,NA,NA,NA,NA,NA,NA,NA,NA,NA,NA,NA,NA,NA,NA
Sarmiento,8,4,Myctophidae,MOC8-Net4-Myc-11,SG2105_MOC8_Net4_ImageJ_1,11,27.846,NA,8 _ 4,NA,NA,NA,NA,NA,NA,NA,NA,NA,NA,NA,NA,NA,NA,NA,NA,NA,NA,NA,NA,NA,NA,NA,NA
Sarmiento,8,4,Myctophidae,MOC8-Net4-Myc-12,SG2105_MOC8_Net4_ImageJ_1,12,29.7675,NA,8 _ 4,NA,NA,NA,NA,NA,NA,NA,NA,NA,NA,NA,NA,NA,NA,NA,NA,NA,NA,NA,NA,NA,NA,NA,NA
Sarmiento,8,4,Myctophidae,MOC8-Net4-Myc-13,SG2105_MOC8_Net4_ImageJ_1,13,24.6225,NA,8 _ 4,NA,NA,NA,NA,NA,NA,NA,NA,NA,NA,NA,NA,NA,NA,NA,NA,NA,NA,NA,NA,NA,NA,NA,NA
Sarmiento,8,4,Myctophidae,MOC8-Net4-Myc-14,SG2105_MOC8_Net4_ImageJ_1,14,24.5385,NA,8 _ 4,NA,NA,NA,NA,NA,NA,NA,NA,NA,NA,NA,NA,NA,NA,NA,NA,NA,NA,NA,NA,NA,NA,NA,NA
Sarmiento,8,4,Myctophidae,MOC8-Net4-Myc-15,SG2105_MOC8_Net4_ImageJ_1,15,21.8085,NA,8 _ 4,NA,NA,NA,NA,NA,NA,NA,NA,NA,NA,NA,NA,NA,NA,NA,NA,NA,NA,NA,NA,NA,NA,NA,NA
Sarmiento,8,4,Myctophidae,MOC8-Net4-Myc-16,SG2105_MOC8_Net4_ImageJ_1,16,24.3285,NA,8 _ 4,NA,NA,NA,NA,NA,NA,NA,NA,NA,NA,NA,NA,NA,NA,NA,NA,NA,NA,NA,NA,NA,NA,NA,NA
Sarmiento,8,4,Myctophidae,MOC8-Net4-Myc-17,SG2105_MOC8_Net4_ImageJ_1,17,28.182,NA,8 _ 4,NA,NA,NA,NA,NA,NA,NA,NA,NA,NA,NA,NA,NA,NA,NA,NA,NA,NA,NA,NA,NA,NA,NA,NA
Sarmiento,8,4,Myctophidae,MOC8-Net4-Myc-18,SG2105_MOC8_Net4_ImageJ_1,18,19.9815,NA,8 _ 4,NA,NA,NA,NA,NA,NA,NA,NA,NA,NA,NA,NA,NA,NA,NA,NA,NA,NA,NA,NA,NA,NA,NA,NA
Sarmiento,8,4,Myctophidae,MOC8-Net4-Myc-19,SG2105_MOC8_Net4_ImageJ_1,19,12.747,NA,8 _ 4,NA,NA,NA,NA,NA,NA,NA,NA,NA,NA,NA,NA,NA,NA,NA,NA,NA,NA,NA,NA,NA,NA,NA,NA
Sarmiento,8,4,Myctophidae,MOC8-Net4-Myc-20,SG2105_MOC8_Net4_ImageJ_1,20,28.707,NA,8 _ 4,NA,NA,NA,NA,NA,NA,NA,NA,NA,NA,NA,NA,NA,NA,NA,NA,NA,NA,NA,NA,NA,NA,NA,NA
Sarmiento,8,4,Myctophidae,MOC8-Net4-Myc-21,SG2105_MOC8_Net4_ImageJ_1,21,28.686,NA,8 _ 4,NA,NA,NA,NA,NA,NA,NA,NA,NA,NA,NA,NA,NA,NA,NA,NA,NA,NA,NA,NA,NA,NA,NA,NA
Sarmiento,8,4,Myctophidae,MOC8-Net4-Myc-22,SG2105_MOC8_Net4_ImageJ_1,22,29.5155,NA,8 _ 4,NA,NA,NA,NA,NA,NA,NA,NA,NA,NA,NA,NA,NA,NA,NA,NA,NA,NA,NA,NA,NA,NA,NA,NA
Sarmiento,8,4,Myctophidae,MOC8-Net4-Myc-23,SG2105_MOC8_Net4_ImageJ_1,23,28.8855,NA,8 _ 4,NA,NA,NA,NA,NA,NA,NA,NA,NA,NA,NA,NA,NA,NA,NA,NA,NA,NA,NA,NA,NA,NA,NA,NA
Sarmiento,8,4,Myctophidae,MOC8-Net4-Myc-24,SG2105_MOC8_Net4_ImageJ_1,24,27.51,NA,8 _ 4,NA,NA,NA,NA,NA,NA,NA,NA,NA,NA,NA,NA,NA,NA,NA,NA,NA,NA,NA,NA,NA,NA,NA,NA
Sarmiento,8,4,Myctophidae,MOC8-Net4-Myc-25,SG2105_MOC8_Net4_ImageJ_1,25,28.266,NA,8 _ 4,NA,NA,NA,NA,NA,NA,NA,NA,NA,NA,NA,NA,NA,NA,NA,NA,NA,NA,NA,NA,NA,NA,NA,NA
Sarmiento,8,4,Myctophidae,MOC8-Net4-Myc-26,SG2105_MOC8_Net4_ImageJ_1,26,22.764,NA,8 _ 4,NA,NA,NA,NA,NA,NA,NA,NA,NA,NA,NA,NA,NA,NA,NA,NA,NA,NA,NA,NA,NA,NA,NA,NA
Sarmiento,8,4,Myctophidae,MOC8-Net4-Myc-27,SG2105_MOC8_Net4_ImageJ_1,27,11.2665,NA,8 _ 4,NA,NA,NA,NA,NA,NA,NA,NA,NA,NA,NA,NA,NA,NA,NA,NA,NA,NA,NA,NA,NA,NA,NA,NA
Sarmiento,8,4,Myctophidae,MOC8-Net4-Myc-28,SG2105_MOC8_Net4_ImageJ_1,28,22.071,NA,8 _ 4,NA,NA,NA,NA,NA,NA,NA,NA,NA,NA,NA,NA,NA,NA,NA,NA,NA,NA,NA,NA,NA,NA,NA,NA
Sarmiento,8,4,Myctophidae,MOC8-Net4-Myc-29,SG2105_MOC8_Net4_ImageJ_1,29,21.63,NA,8 _ 4,NA,NA,NA,NA,NA,NA,NA,NA,NA,NA,NA,NA,NA,NA,NA,NA,NA,NA,NA,NA,NA,NA,NA,NA
Sarmiento,8,4,Myctophidae,MOC8-Net4-Myc-30,SG2105_MOC8_Net4_ImageJ_1,30,27.594,NA,8 _ 4,NA,NA,NA,NA,NA,NA,NA,NA,NA,NA,NA,NA,NA,NA,NA,NA,NA,NA,NA,NA,NA,NA,NA,NA
Sarmiento,8,4,Myctophidae,MOC8-Net4-Myc-31,SG2105_MOC8_Net4_ImageJ_1,31,27.1635,NA,8 _ 4,NA,NA,NA,NA,NA,NA,NA,NA,NA,NA,NA,NA,NA,NA,NA,NA,NA,NA,NA,NA,NA,NA,NA,NA
Sarmiento,8,4,Myctophidae,MOC8-Net4-Myc-32,SG2105_MOC8_Net4_ImageJ_1,32,13.482,NA,8 _ 4,NA,NA,NA,NA,NA,NA,NA,NA,NA,NA,NA,NA,NA,NA,NA,NA,NA,NA,NA,NA,NA,NA,NA,NA
Sarmiento,8,4,Myctophidae,MOC8-Net4-Myc-33,SG2105_MOC8_Net4_ImageJ_1,33,11.5185,NA,8 _ 4,NA,NA,NA,NA,NA,NA,NA,NA,NA,NA,NA,NA,NA,NA,NA,NA,NA,NA,NA,NA,NA,NA,NA,NA
Sarmiento,8,4,Myctophidae,MOC8-Net4-Myc-34,SG2105_MOC8_Net4_ImageJ_1,34,26.607,NA,8 _ 4,NA,NA,NA,NA,NA,NA,NA,NA,NA,NA,NA,NA,NA,NA,NA,NA,NA,NA,NA,NA,NA,NA,NA,NA
Sarmiento,8,4,Myctophidae,MOC8-Net4-Myc-35,SG2105_MOC8_Net4_ImageJ_1,35,19.8555,NA,8 _ 4,NA,NA,NA,NA,NA,NA,NA,NA,NA,NA,NA,NA,NA,NA,NA,NA,NA,NA,NA,NA,NA,NA,NA,NA
Sarmiento,8,4,Myctophidae,MOC8-Net4-Myc-36,SG2105_MOC8_Net4_ImageJ_1,36,15.561,NA,8 _ 4,NA,NA,NA,NA,NA,NA,NA,NA,NA,NA,NA,NA,NA,NA,NA,NA,NA,NA,NA,NA,NA,NA,NA,NA
Sarmiento,8,4,Myctophidae,MOC8-Net4-Myc-37,SG2105_MOC8_Net4_ImageJ_1,37,32.0145,NA,8 _ 4,NA,NA,NA,NA,NA,NA,NA,NA,NA,NA,NA,NA,NA,NA,NA,NA,NA,NA,NA,NA,NA,NA,NA,NA
Sarmiento,8,4,Myctophidae,MOC8-Net4-Myc-38,SG2105_MOC8_Net4_ImageJ_1,38,28.896,NA,8 _ 4,NA,NA,NA,NA,NA,NA,NA,NA,NA,NA,NA,NA,NA,NA,NA,NA,NA,NA,NA,NA,NA,NA,NA,NA
Sarmiento,8,4,Myctophidae,MOC8-Net4-Myc-39,SG2105_MOC8_Net4_ImageJ_1,39,16.1175,NA,8 _ 4,NA,NA,NA,NA,NA,NA,NA,NA,NA,NA,NA,NA,NA,NA,NA,NA,NA,NA,NA,NA,NA,NA,NA,NA
Sarmiento,8,4,Myctophidae,MOC8-Net4-Myc-40,SG2105_MOC8_Net4_ImageJ_1,40,11.949,headless,8 _ 4,NA,NA,NA,NA,NA,NA,NA,NA,NA,NA,NA,NA,NA,NA,NA,NA,NA,NA,NA,NA,NA,NA,NA,NA
Sarmiento,8,4,Myctophidae,MOC8-Net4-Myc-41,SG2105_MOC8_Net4_ImageJ_1,41,31.0065,NA,8 _ 4,NA,NA,NA,NA,NA,NA,NA,NA,NA,NA,NA,NA,NA,NA,NA,NA,NA,NA,NA,NA,NA,NA,NA,NA
Sarmiento,8,4,Myctophidae,MOC8-Net4-Myc-43,SG2105_MOC8_Net4_ImageJ_1,43,14.3325,NA,8 _ 4,NA,NA,NA,NA,NA,NA,NA,NA,NA,NA,NA,NA,NA,NA,NA,NA,NA,NA,NA,NA,NA,NA,NA,NA
Sarmiento,8,4,Sternoptychidae,MOC8-Net4-Ste-1,SG2105_MOC8_Net4_ImageJ_2,1,23.9085,NA,8 _ 4,NA,NA,NA,NA,NA,NA,NA,NA,NA,NA,NA,NA,NA,NA,NA,NA,NA,NA,NA,NA,NA,NA,NA,NA
Sarmiento,9,1,Gonostomatidae,MOC9-Net1-Gon-1,SG2105_MOC9_Net1_ImageJ,1,27.447,NA,9 _ 1,NA,NA,NA,NA,NA,NA,NA,NA,NA,NA,NA,NA,NA,NA,NA,NA,NA,NA,NA,NA,NA,NA,NA,NA
Sarmiento,9,1,Gonostomatidae,MOC9-Net1-Gon-3,SG2105_MOC9_Net1_ImageJ,3,11.067,body only,9 _ 1,NA,NA,NA,NA,NA,NA,NA,NA,NA,NA,NA,NA,NA,NA,NA,NA,NA,NA,NA,NA,NA,NA,NA,NA
Sarmiento,9,1,Gonostomatidae,MOC9-Net1-Gon-4,SG2105_MOC9_Net1_ImageJ,4,18.5115,"body broken, head present",9 _ 1,NA,NA,NA,NA,NA,NA,NA,NA,NA,NA,NA,NA,NA,NA,NA,NA,NA,NA,NA,NA,NA,NA,NA,NA
Sarmiento,9,1,Gonostomatidae,MOC9-Net1-Gon-5,SG2105_MOC9_Net1_ImageJ,5,11.6025,NA,9 _ 1,NA,NA,NA,NA,NA,NA,NA,NA,NA,NA,NA,NA,NA,NA,NA,NA,NA,NA,NA,NA,NA,NA,NA,NA
Sarmiento,9,2,Myctophidae,MOC9-Net2-Myc-1,SG2105_MOC9_Net2_ImageJ,3,13.881,NA,9 _ 2,NA,NA,NA,NA,NA,NA,NA,NA,NA,NA,NA,NA,NA,NA,NA,NA,NA,NA,NA,NA,NA,NA,NA,NA
Sarmiento,9,2,Alepocephalidae,MOC9-Net2-Ale-1,SG2105_MOC9_Net2_ImageJ,4,18.438,NA,9 _ 2,NA,NA,NA,NA,NA,NA,NA,NA,NA,NA,NA,NA,NA,NA,NA,NA,NA,NA,NA,NA,NA,NA,NA,NA
Sarmiento,9,2,Gonostomatidae,MOC9-Net2-Gon-1,SG2105_MOC9_Net2_ImageJ,8,19.761,NA,9 _ 2,NA,NA,NA,NA,NA,NA,NA,NA,NA,NA,NA,NA,NA,NA,NA,NA,NA,NA,NA,NA,NA,NA,NA,NA
Sarmiento,9,2,Gonostomatidae,MOC9-Net2-Gon-2,SG2105_MOC9_Net2_ImageJ,9,19.236,NA,9 _ 2,NA,NA,NA,NA,NA,NA,NA,NA,NA,NA,NA,NA,NA,NA,NA,NA,NA,NA,NA,NA,NA,NA,NA,NA
Sarmiento,9,2,Gonostomatidae,MOC9-Net2-Gon-3,SG2105_MOC9_Net2_ImageJ,10,32.0355,NA,9 _ 2,NA,NA,NA,NA,NA,NA,NA,NA,NA,NA,NA,NA,NA,NA,NA,NA,NA,NA,NA,NA,NA,NA,NA,NA
Sarmiento,9,2,Gonostomatidae,MOC9-Net2-Gon-4,SG2105_MOC9_Net2_ImageJ,11,18.1965,NA,9 _ 2,NA,NA,NA,NA,NA,NA,NA,NA,NA,NA,NA,NA,NA,NA,NA,NA,NA,NA,NA,NA,NA,NA,NA,NA
Sarmiento,9,3,Myctophidae,MOC9-Net3-Myc-1,SG2105_MOC9_Net3_ImageJ,33,31.605,NA,9 _ 3,NA,NA,NA,NA,NA,NA,NA,NA,NA,NA,NA,NA,NA,NA,NA,NA,NA,NA,NA,NA,NA,NA,NA,NA
Sarmiento,9,3,Myctophidae,MOC9-Net3-Myc-2,SG2105_MOC9_Net3_ImageJ,34,19.719,NA,9 _ 3,NA,NA,NA,NA,NA,NA,NA,NA,NA,NA,NA,NA,NA,NA,NA,NA,NA,NA,NA,NA,NA,NA,NA,NA
Sarmiento,9,4,Myctophidae,MOC9-Net4-Myc-1,SG2105_MOC9_Net4_ImageJ,1,36.918,NA,9 _ 4,NA,NA,NA,NA,NA,NA,NA,NA,NA,NA,NA,NA,NA,NA,NA,NA,NA,NA,NA,NA,NA,NA,NA,NA
Sarmiento,9,4,Myctophidae,MOC9-Net4-Myc-2,SG2105_MOC9_Net4_ImageJ,2,30.135,NA,9 _ 4,NA,NA,NA,NA,NA,NA,NA,NA,NA,NA,NA,NA,NA,NA,NA,NA,NA,NA,NA,NA,NA,NA,NA,NA
Sarmiento,9,4,Myctophidae,MOC9-Net4-Myc-3,SG2105_MOC9_Net4_ImageJ,3,28.9905,NA,9 _ 4,NA,NA,NA,NA,NA,NA,NA,NA,NA,NA,NA,NA,NA,NA,NA,NA,NA,NA,NA,NA,NA,NA,NA,NA
Sarmiento,9,4,Myctophidae,MOC9-Net4-Myc-4,SG2105_MOC9_Net4_ImageJ,4,27.993,NA,9 _ 4,NA,NA,NA,NA,NA,NA,NA,NA,NA,NA,NA,NA,NA,NA,NA,NA,NA,NA,NA,NA,NA,NA,NA,NA
Sarmiento,9,4,Myctophidae,MOC9-Net4-Myc-5,SG2105_MOC9_Net4_ImageJ,5,27.111,NA,9 _ 4,NA,NA,NA,NA,NA,NA,NA,NA,NA,NA,NA,NA,NA,NA,NA,NA,NA,NA,NA,NA,NA,NA,NA,NA
Sarmiento,9,4,Myctophidae,MOC9-Net4-Myc-6,SG2105_MOC9_Net4_ImageJ,6,29.2215,NA,9 _ 4,NA,NA,NA,NA,NA,NA,NA,NA,NA,NA,NA,NA,NA,NA,NA,NA,NA,NA,NA,NA,NA,NA,NA,NA
Sarmiento,9,4,Myctophidae,MOC9-Net4-Myc-7,SG2105_MOC9_Net4_ImageJ,7,38.346,NA,9 _ 4,NA,NA,NA,NA,NA,NA,NA,NA,NA,NA,NA,NA,NA,NA,NA,NA,NA,NA,NA,NA,NA,NA,NA,NA
Sarmiento,9,4,Myctophidae,MOC9-Net4-Myc-8,SG2105_MOC9_Net4_ImageJ,8,27.7095,NA,9 _ 4,NA,NA,NA,NA,NA,NA,NA,NA,NA,NA,NA,NA,NA,NA,NA,NA,NA,NA,NA,NA,NA,NA,NA,NA
Sarmiento,9,4,Myctophidae,MOC9-Net4-Myc-9,SG2105_MOC9_Net4_ImageJ,9,13.209,NA,9 _ 4,NA,NA,NA,NA,NA,NA,NA,NA,NA,NA,NA,NA,NA,NA,NA,NA,NA,NA,NA,NA,NA,NA,NA,NA
Sarmiento,9,4,Myctophidae,MOC9-Net4-Myc-10,SG2105_MOC9_Net4_ImageJ,10,29.169,NA,9 _ 4,NA,NA,NA,NA,NA,NA,NA,NA,NA,NA,NA,NA,NA,NA,NA,NA,NA,NA,NA,NA,NA,NA,NA,NA
Sarmiento,9,4,Myctophidae,MOC9-Net4-Myc-11,SG2105_MOC9_Net4_ImageJ,11,36.33,NA,9 _ 4,NA,NA,NA,NA,NA,NA,NA,NA,NA,NA,NA,NA,NA,NA,NA,NA,NA,NA,NA,NA,NA,NA,NA,NA
Sarmiento,9,4,Myctophidae,MOC9-Net4-Myc-12,SG2105_MOC9_Net4_ImageJ,12,26.9115,NA,9 _ 4,NA,NA,NA,NA,NA,NA,NA,NA,NA,NA,NA,NA,NA,NA,NA,NA,NA,NA,NA,NA,NA,NA,NA,NA
Sarmiento,9,4,Myctophidae,MOC9-Net4-Myc-13,SG2105_MOC9_Net4_ImageJ,13,15.3825,NA,9 _ 4,NA,NA,NA,NA,NA,NA,NA,NA,NA,NA,NA,NA,NA,NA,NA,NA,NA,NA,NA,NA,NA,NA,NA,NA
Sarmiento,9,4,Myctophidae,MOC9-Net4-Myc-14,SG2105_MOC9_Net4_ImageJ,14,10.7835,NA,9 _ 4,NA,NA,NA,NA,NA,NA,NA,NA,NA,NA,NA,NA,NA,NA,NA,NA,NA,NA,NA,NA,NA,NA,NA,NA
Sarmiento,9,4,Myctophidae,MOC9-Net4-Myc-15,SG2105_MOC9_Net4_ImageJ,15,31.6575,NA,9 _ 4,NA,NA,NA,NA,NA,NA,NA,NA,NA,NA,NA,NA,NA,NA,NA,NA,NA,NA,NA,NA,NA,NA,NA,NA
Sarmiento,9,4,Myctophidae,MOC9-Net4-Myc-16,SG2105_MOC9_Net4_ImageJ,16,17.808,body fragment,9 _ 4,NA,NA,NA,NA,NA,NA,NA,NA,NA,NA,NA,NA,NA,NA,NA,NA,NA,NA,NA,NA,NA,NA,NA,NA
Sarmiento,9,4,Myctophidae,MOC9-Net4-Myc-17,SG2105_MOC9_Net4_ImageJ,17,15.729,body fragment,9 _ 4,NA,NA,NA,NA,NA,NA,NA,NA,NA,NA,NA,NA,NA,NA,NA,NA,NA,NA,NA,NA,NA,NA,NA,NA
Sarmiento,9,4,Myctophidae,MOC9-Net4-Myc-18,SG2105_MOC9_Net4_ImageJ,18,20.4015,body fragment,9 _ 4,NA,NA,NA,NA,NA,NA,NA,NA,NA,NA,NA,NA,NA,NA,NA,NA,NA,NA,NA,NA,NA,NA,NA,NA
Sarmiento,9,4,Myctophidae,MOC9-Net4-Myc-19,SG2105_MOC9_Net4_ImageJ,19,11.1405,body fragment,9 _ 4,NA,NA,NA,NA,NA,NA,NA,NA,NA,NA,NA,NA,NA,NA,NA,NA,NA,NA,NA,NA,NA,NA,NA,NA
Sarmiento,9,4,Myctophidae,MOC9-Net4-Myc-20,SG2105_MOC9_Net4_ImageJ,20,14.385,body fragment,9 _ 4,NA,NA,NA,NA,NA,NA,NA,NA,NA,NA,NA,NA,NA,NA,NA,NA,NA,NA,NA,NA,NA,NA,NA,NA
Sarmiento,9,4,Myctophidae,MOC9-Net4-Myc-22,SG2105_MOC9_Net4_ImageJ,22,18.3015,body fragment,9 _ 4,NA,NA,NA,NA,NA,NA,NA,NA,NA,NA,NA,NA,NA,NA,NA,NA,NA,NA,NA,NA,NA,NA,NA,NA
Sarmiento,9,4,Myctophidae,MOC9-Net4-Myc-23,SG2105_MOC9_Net4_ImageJ,23,20.706,"broken, head present",9 _ 4,NA,NA,NA,NA,NA,NA,NA,NA,NA,NA,NA,NA,NA,NA,NA,NA,NA,NA,NA,NA,NA,NA,NA,NA
Sarmiento,9,4,Myctophidae,MOC9-Net4-Myc-24,SG2105_MOC9_Net4_ImageJ,24,11.886,head only,9 _ 4,NA,NA,NA,NA,NA,NA,NA,NA,NA,NA,NA,NA,NA,NA,NA,NA,NA,NA,NA,NA,NA,NA,NA,NA
Sarmiento,9,4,Myctophidae,MOC9-Net4-Myc-25,SG2105_MOC9_Net4_ImageJ,25,10.7835,head only,9 _ 4,NA,NA,NA,NA,NA,NA,NA,NA,NA,NA,NA,NA,NA,NA,NA,NA,NA,NA,NA,NA,NA,NA,NA,NA
Sarmiento,9,4,Myctophidae,MOC9-Net4-Myc-26,SG2105_MOC9_Net4_ImageJ,26,15.9915,head fragments,9 _ 4,NA,NA,NA,NA,NA,NA,NA,NA,NA,NA,NA,NA,NA,NA,NA,NA,NA,NA,NA,NA,NA,NA,NA,NA
Sarmiento,1,1,Gonostomatidae,MOC1-Net1-Gon-1,SG2105_MOC1_Net1_ImageJ,1,30.387,NA,1 _ 1,NA,NA,NA,NA,NA,NA,NA,NA,NA,NA,NA,NA,NA,NA,NA,NA,NA,NA,NA,NA,NA,NA,NA,NA
Sarmiento,1,1,Gonostomatidae,MOC1-Net1-Gon-2,SG2105_MOC1_Net1_ImageJ,2,31.857,NA,1 _ 1,NA,NA,NA,NA,NA,NA,NA,NA,NA,NA,NA,NA,NA,NA,NA,NA,NA,NA,NA,NA,NA,NA,NA,NA
Sarmiento,1,1,Gonostomatidae,MOC1-Net1-Gon-3,SG2105_MOC1_Net1_ImageJ,3,32.3925,NA,1 _ 1,NA,NA,NA,NA,NA,NA,NA,NA,NA,NA,NA,NA,NA,NA,NA,NA,NA,NA,NA,NA,NA,NA,NA,NA
Sarmiento,1,1,Myctophidae,MOC1-Net1-Myc-1,SG2105_MOC1_Net1_ImageJ,4,13.524,NA,1 _ 1,NA,NA,NA,NA,NA,NA,NA,NA,NA,NA,NA,NA,NA,NA,NA,NA,NA,NA,NA,NA,NA,NA,NA,NA
Sarmiento,1,3,Sternoptychidae,MOC1-Net3-Ste-1,SG2105_MOC1_Net3_ImageJ,1,22.722,NA,1 _ 3,NA,NA,NA,NA,NA,NA,NA,NA,NA,NA,NA,NA,NA,NA,NA,NA,NA,NA,NA,NA,NA,NA,NA,NA
Sarmiento,1,3,Myctophidae,MOC1-Net3-Myc-1,SG2105_MOC1_Net3_ImageJ,2,25.452,NA,1 _ 3,NA,NA,NA,NA,NA,NA,NA,NA,NA,NA,NA,NA,NA,NA,NA,NA,NA,NA,NA,NA,NA,NA,NA,NA
Sarmiento,1,3,Paralepididae,MOC1-Net3-Par-1,SG2105_MOC1_Net3_ImageJ,3,39.606,NA,1 _ 3,NA,NA,NA,NA,NA,NA,NA,NA,NA,NA,NA,NA,NA,NA,NA,NA,NA,NA,NA,NA,NA,NA,NA,NA
Sarmiento,2,1,Myctophidae,MOC2-Net1-Myc-1,SG2105_MOC2_Net1_ImageJ,1,11.025,NA,2 _ 1,NA,NA,NA,NA,NA,NA,NA,NA,NA,NA,NA,NA,NA,NA,NA,NA,NA,NA,NA,NA,NA,NA,NA,NA
Sarmiento,2,1,Gonostomatidae,MOC2-Net1-Gon-1,SG2105_MOC2_Net1_ImageJ,2,18.417,NA,2 _ 1,NA,NA,NA,NA,NA,NA,NA,NA,NA,NA,NA,NA,NA,NA,NA,NA,NA,NA,NA,NA,NA,NA,NA,NA
Sarmiento,2,1,Alepocephalidae,MOC2-Net1-Ale-1,SG2105_MOC2_Net1_ImageJ,3,16.3065,NA,2 _ 1,NA,NA,NA,NA,NA,NA,NA,NA,NA,NA,NA,NA,NA,NA,NA,NA,NA,NA,NA,NA,NA,NA,NA,NA
Sarmiento,2,2,Paralepididae,MOC2-Net2-Par-1,SG2105_MOC2_Net2_ImageJ,1,33.642,NA,2 _ 2,NA,NA,NA,NA,NA,NA,NA,NA,NA,NA,NA,NA,NA,NA,NA,NA,NA,NA,NA,NA,NA,NA,NA,NA
Sarmiento,2,3,Paralepididae,MOC2-Net3-Par-1,SG2105_MOC2_Net3_ImageJ,1,17.1045,NA,2 _ 3,NA,NA,NA,NA,NA,NA,NA,NA,NA,NA,NA,NA,NA,NA,NA,NA,NA,NA,NA,NA,NA,NA,NA,NA
Sarmiento,2,3,Paralepididae,MOC2-Net3-Par-2,SG2105_MOC2_Net3_ImageJ,2,21.4095,NA,2 _ 3,NA,NA,NA,NA,NA,NA,NA,NA,NA,NA,NA,NA,NA,NA,NA,NA,NA,NA,NA,NA,NA,NA,NA,NA
Sarmiento,2,3,Paralepididae,MOC2-Net3-Par-3,SG2105_MOC2_Net3_ImageJ,3,21.021,NA,2 _ 3,NA,NA,NA,NA,NA,NA,NA,NA,NA,NA,NA,NA,NA,NA,NA,NA,NA,NA,NA,NA,NA,NA,NA,NA
Sarmiento,2,3,Paralepididae,MOC2-Net3-Par-4,SG2105_MOC2_Net3_ImageJ,4,19.656,NA,2 _ 3,NA,NA,NA,NA,NA,NA,NA,NA,NA,NA,NA,NA,NA,NA,NA,NA,NA,NA,NA,NA,NA,NA,NA,NA
Sarmiento,2,3,Paralepididae,MOC2-Net3-Par-5,SG2105_MOC2_Net3_ImageJ,5,21.966,NA,2 _ 3,NA,NA,NA,NA,NA,NA,NA,NA,NA,NA,NA,NA,NA,NA,NA,NA,NA,NA,NA,NA,NA,NA,NA,NA
Sarmiento,2,3,Paralepididae,MOC2-Net3-Par-6,SG2105_MOC2_Net3_ImageJ,6,20.4225,NA,2 _ 3,NA,NA,NA,NA,NA,NA,NA,NA,NA,NA,NA,NA,NA,NA,NA,NA,NA,NA,NA,NA,NA,NA,NA,NA
Sarmiento,2,3,Sternoptychidae,MOC2-Net3-Ste-1,SG2105_MOC2_Net3_ImageJ,7,14.1225,NA,2 _ 3,NA,NA,NA,NA,NA,NA,NA,NA,NA,NA,NA,NA,NA,NA,NA,NA,NA,NA,NA,NA,NA,NA,NA,NA
Sarmiento,2,3,Sternoptychidae,MOC2-Net3-Ste-2,SG2105_MOC2_Net3_ImageJ,8,17.1465,NA,2 _ 3,NA,NA,NA,NA,NA,NA,NA,NA,NA,NA,NA,NA,NA,NA,NA,NA,NA,NA,NA,NA,NA,NA,NA,NA
Sarmiento,2,4,Myctophidae,MOC2-Net4-Myc-1,SG2105_MOC2_Net4_ImageJ,1,14.2695,NA,2 _ 4,NA,NA,NA,NA,NA,NA,NA,NA,NA,NA,NA,NA,NA,NA,NA,NA,NA,NA,NA,NA,NA,NA,NA,NA
Sarmiento,2,4,Myctophidae,MOC2-Net4-Myc-2,SG2105_MOC2_Net4_ImageJ,2,24.906,NA,2 _ 4,NA,NA,NA,NA,NA,NA,NA,NA,NA,NA,NA,NA,NA,NA,NA,NA,NA,NA,NA,NA,NA,NA,NA,NA
Sarmiento,2,4,Myctophidae,MOC2-Net4-Myc-3,SG2105_MOC2_Net4_ImageJ,3,22.449,NA,2 _ 4,NA,NA,NA,NA,NA,NA,NA,NA,NA,NA,NA,NA,NA,NA,NA,NA,NA,NA,NA,NA,NA,NA,NA,NA
Sarmiento,2,4,Myctophidae,MOC2-Net4-Myc-4,SG2105_MOC2_Net4_ImageJ,4,24.4335,NA,2 _ 4,NA,NA,NA,NA,NA,NA,NA,NA,NA,NA,NA,NA,NA,NA,NA,NA,NA,NA,NA,NA,NA,NA,NA,NA
Sarmiento,2,4,Myctophidae,MOC2-Net4-Myc-5,SG2105_MOC2_Net4_ImageJ,5,24.087,NA,2 _ 4,NA,NA,NA,NA,NA,NA,NA,NA,NA,NA,NA,NA,NA,NA,NA,NA,NA,NA,NA,NA,NA,NA,NA,NA
Sarmiento,2,4,Myctophidae,MOC2-Net4-Myc-6,SG2105_MOC2_Net4_ImageJ,6,26.166,NA,2 _ 4,NA,NA,NA,NA,NA,NA,NA,NA,NA,NA,NA,NA,NA,NA,NA,NA,NA,NA,NA,NA,NA,NA,NA,NA
Sarmiento,2,4,Myctophidae,MOC2-Net4-Myc-7,SG2105_MOC2_Net4_ImageJ,7,24.192,NA,2 _ 4,NA,NA,NA,NA,NA,NA,NA,NA,NA,NA,NA,NA,NA,NA,NA,NA,NA,NA,NA,NA,NA,NA,NA,NA
Sarmiento,3,1,Alepocephalidae,MOC3-Net1-Ale-1,SG2105_MOC3_Net1_ImageJ,1,16.443,NA,3 _ 1,NA,NA,NA,NA,NA,NA,NA,NA,NA,NA,NA,NA,NA,NA,NA,NA,NA,NA,NA,NA,NA,NA,NA,NA
Sarmiento,3,1,Gonostomatidae,MOC3-Net1-Gon-1,SG2105_MOC3_Net1_ImageJ,2,30.408,NA,3 _ 1,NA,NA,NA,NA,NA,NA,NA,NA,NA,NA,NA,NA,NA,NA,NA,NA,NA,NA,NA,NA,NA,NA,NA,NA
Sarmiento,3,1,Gonostomatidae,MOC3-Net1-Gon-2,SG2105_MOC3_Net1_ImageJ,3,27.8985,head only,3 _ 1,NA,NA,NA,NA,NA,NA,NA,NA,NA,NA,NA,NA,NA,NA,NA,NA,NA,NA,NA,NA,NA,NA,NA,NA
Sarmiento,4,1,Gonostomatidae,MOC4-Net1-Gon-1,SG2105_MOC4_Net1_ImageJ,1,32.2875,NA,4 _ 1,NA,NA,NA,NA,NA,NA,NA,NA,NA,NA,NA,NA,NA,NA,NA,NA,NA,NA,NA,NA,NA,NA,NA,NA
Sarmiento,4,1,Gonostomatidae,MOC4-Net1-Gon-3,SG2105_MOC4_Net1_ImageJ,3,13.839,broken body fragment,4 _ 1,NA,NA,NA,NA,NA,NA,NA,NA,NA,NA,NA,NA,NA,NA,NA,NA,NA,NA,NA,NA,NA,NA,NA,NA
Sarmiento,4,1,Gonostomatidae,MOC4-Net1-Gon-4,SG2105_MOC4_Net1_ImageJ,4,11.655,broken body fragment,4 _ 1,NA,NA,NA,NA,NA,NA,NA,NA,NA,NA,NA,NA,NA,NA,NA,NA,NA,NA,NA,NA,NA,NA,NA,NA
Sarmiento,4,1,Gonostomatidae,MOC4-Net1-Gon-5,SG2105_MOC4_Net1_ImageJ,5,30.87,NA,4 _ 1,NA,NA,NA,NA,NA,NA,NA,NA,NA,NA,NA,NA,NA,NA,NA,NA,NA,NA,NA,NA,NA,NA,NA,NA
Sarmiento,4,1,Gonostomatidae,MOC4-Net1-Gon-7,SG2105_MOC4_Net1_ImageJ,7,28.203,"damaged head, full body ",4 _ 1,NA,NA,NA,NA,NA,NA,NA,NA,NA,NA,NA,NA,NA,NA,NA,NA,NA,NA,NA,NA,NA,NA,NA,NA
Sarmiento,4,1,Gonostomatidae,MOC4-Net1-Gon-8,SG2105_MOC4_Net1_ImageJ,8,22.176,NA,4 _ 1,NA,NA,NA,NA,NA,NA,NA,NA,NA,NA,NA,NA,NA,NA,NA,NA,NA,NA,NA,NA,NA,NA,NA,NA
Sarmiento,4,1,Gonostomatidae,MOC4-Net1-Gon-9,SG2105_MOC4_Net1_ImageJ,9,30.135,NA,4 _ 1,NA,NA,NA,NA,NA,NA,NA,NA,NA,NA,NA,NA,NA,NA,NA,NA,NA,NA,NA,NA,NA,NA,NA,NA
Sarmiento,4,1,Gonostomatidae,MOC4-Net1-Gon-10,SG2105_MOC4_Net1_ImageJ,10,22.68,NA,4 _ 1,NA,NA,NA,NA,NA,NA,NA,NA,NA,NA,NA,NA,NA,NA,NA,NA,NA,NA,NA,NA,NA,NA,NA,NA
Sarmiento,4,1,Gonostomatidae,MOC4-Net1-Gon-11,SG2105_MOC4_Net1_ImageJ,11,23.1945,NA,4 _ 1,NA,NA,NA,NA,NA,NA,NA,NA,NA,NA,NA,NA,NA,NA,NA,NA,NA,NA,NA,NA,NA,NA,NA,NA
Sarmiento,4,1,Gonostomatidae,MOC4-Net1-Gon-12,SG2105_MOC4_Net1_ImageJ,12,21.3885,NA,4 _ 1,NA,NA,NA,NA,NA,NA,NA,NA,NA,NA,NA,NA,NA,NA,NA,NA,NA,NA,NA,NA,NA,NA,NA,NA
Sarmiento,4,1,Gonostomatidae,MOC4-Net1-Gon-13,SG2105_MOC4_Net1_ImageJ,13,20.79,NA,4 _ 1,NA,NA,NA,NA,NA,NA,NA,NA,NA,NA,NA,NA,NA,NA,NA,NA,NA,NA,NA,NA,NA,NA,NA,NA
Sarmiento,4,1,Alepocephalidae,MOC4-Net1-Ale-1,SG2105_MOC4_Net1_ImageJ,15,19.6875,NA,4 _ 1,NA,NA,NA,NA,NA,NA,NA,NA,NA,NA,NA,NA,NA,NA,NA,NA,NA,NA,NA,NA,NA,NA,NA,NA
Sarmiento,4,1,Alepocephalidae,MOC4-Net1-Ale-2,SG2105_MOC4_Net1_ImageJ,16,22.0395,NA,4 _ 1,NA,NA,NA,NA,NA,NA,NA,NA,NA,NA,NA,NA,NA,NA,NA,NA,NA,NA,NA,NA,NA,NA,NA,NA
Sarmiento,4,3,Myctophidae,MOC4-Net3-Myc-1,SG2105_MOC4_Net3_ImageJ,1,11.9595,NA,4 _ 3,NA,NA,NA,NA,NA,NA,NA,NA,NA,NA,NA,NA,NA,NA,NA,NA,NA,NA,NA,NA,NA,NA,NA,NA
Sarmiento,4,3,Myctophidae,MOC4-Net3-Myc-2,SG2105_MOC4_Net3_ImageJ,2,13.566,NA,4 _ 3,NA,NA,NA,NA,NA,NA,NA,NA,NA,NA,NA,NA,NA,NA,NA,NA,NA,NA,NA,NA,NA,NA,NA,NA
Sarmiento,4,3,Myctophidae,MOC4-Net3-Myc-3,SG2105_MOC4_Net3_ImageJ,3,13.0935,NA,4 _ 3,NA,NA,NA,NA,NA,NA,NA,NA,NA,NA,NA,NA,NA,NA,NA,NA,NA,NA,NA,NA,NA,NA,NA,NA
Sarmiento,4,4,Gonostomatidae,MOC4-Net4-Gon-1,SG2105_MOC4_Net4_ImageJ,1,18.6165,"body broken, head present",4 _ 4,NA,NA,NA,NA,NA,NA,NA,NA,NA,NA,NA,NA,NA,NA,NA,NA,NA,NA,NA,NA,NA,NA,NA,NA
Sarmiento,4,4,Gonostomatidae,MOC4-Net4-Gon-2,SG2105_MOC4_Net4_ImageJ,2,17.2305,"body broken, head present",4 _ 4,NA,NA,NA,NA,NA,NA,NA,NA,NA,NA,NA,NA,NA,NA,NA,NA,NA,NA,NA,NA,NA,NA,NA,NA
Sarmiento,5,1,Gonostomatidae,MOC5-Net1-Gon-1,SG2105_MOC5_Net1_ImageJ,1,28.917,NA,5 _ 1,NA,NA,NA,NA,NA,NA,NA,NA,NA,NA,NA,NA,NA,NA,NA,NA,NA,NA,NA,NA,NA,NA,NA,NA
Sarmiento,5,1,Gonostomatidae,MOC5-Net1-Gon-2,SG2105_MOC5_Net1_ImageJ,2,23.709,headless,5 _ 1,NA,NA,NA,NA,NA,NA,NA,NA,NA,NA,NA,NA,NA,NA,NA,NA,NA,NA,NA,NA,NA,NA,NA,NA
Sarmiento,5,1,Gonostomatidae,MOC5-Net1-Gon-3,SG2105_MOC5_Net1_ImageJ,3,20.9475,NA,5 _ 1,NA,NA,NA,NA,NA,NA,NA,NA,NA,NA,NA,NA,NA,NA,NA,NA,NA,NA,NA,NA,NA,NA,NA,NA
Sarmiento,5,3,Sternoptychidae,MOC5-Net3-Ste-1,SG2105_MOC5_Net3_ImageJ,1,13.713,NA,5 _ 3,NA,NA,NA,NA,NA,NA,NA,NA,NA,NA,NA,NA,NA,NA,NA,NA,NA,NA,NA,NA,NA,NA,NA,NA
Sarmiento,6,1,Gonostomatidae,MOC6-Net1-Gon-1,SG2105_MOC6_Net1_ImageJ,1,27.531,NA,6 _ 1,NA,NA,NA,NA,NA,NA,NA,NA,NA,NA,NA,NA,NA,NA,NA,NA,NA,NA,NA,NA,NA,NA,NA,NA
Sarmiento,6,1,Gonostomatidae,MOC6-Net1-Gon-2,SG2105_MOC6_Net1_ImageJ,2,20.4645,NA,6 _ 1,NA,NA,NA,NA,NA,NA,NA,NA,NA,NA,NA,NA,NA,NA,NA,NA,NA,NA,NA,NA,NA,NA,NA,NA
Sarmiento,6,1,Gonostomatidae,MOC6-Net1-Gon-3,SG2105_MOC6_Net1_ImageJ,3,20.118,NA,6 _ 1,NA,NA,NA,NA,NA,NA,NA,NA,NA,NA,NA,NA,NA,NA,NA,NA,NA,NA,NA,NA,NA,NA,NA,NA
Sarmiento,6,1,Gonostomatidae,MOC6-Net1-Gon-4,SG2105_MOC6_Net1_ImageJ,4,25.0215,NA,6 _ 1,NA,NA,NA,NA,NA,NA,NA,NA,NA,NA,NA,NA,NA,NA,NA,NA,NA,NA,NA,NA,NA,NA,NA,NA
Sarmiento,6,1,Gonostomatidae,MOC6-Net1-Gon-5,SG2105_MOC6_Net1_ImageJ,5,21.609,NA,6 _ 1,NA,NA,NA,NA,NA,NA,NA,NA,NA,NA,NA,NA,NA,NA,NA,NA,NA,NA,NA,NA,NA,NA,NA,NA
Sarmiento,6,1,Gonostomatidae,MOC6-Net1-Gon-6,SG2105_MOC6_Net1_ImageJ,6,21.84,NA,6 _ 1,NA,NA,NA,NA,NA,NA,NA,NA,NA,NA,NA,NA,NA,NA,NA,NA,NA,NA,NA,NA,NA,NA,NA,NA
Sarmiento,6,1,Gonostomatidae,MOC6-Net1-Gon-7,SG2105_MOC6_Net1_ImageJ,7,20.1705,NA,6 _ 1,NA,NA,NA,NA,NA,NA,NA,NA,NA,NA,NA,NA,NA,NA,NA,NA,NA,NA,NA,NA,NA,NA,NA,NA
Sarmiento,6,1,Gonostomatidae,MOC6-Net1-Gon-8,SG2105_MOC6_Net1_ImageJ,8,35.49,NA,6 _ 1,NA,NA,NA,NA,NA,NA,NA,NA,NA,NA,NA,NA,NA,NA,NA,NA,NA,NA,NA,NA,NA,NA,NA,NA
Sarmiento,6,1,Paralepididae,MOC6-Net1-Par-1,SG2105_MOC6_Net1_ImageJ,9,20.538,NA,6 _ 1,NA,NA,NA,NA,NA,NA,NA,NA,NA,NA,NA,NA,NA,NA,NA,NA,NA,NA,NA,NA,NA,NA,NA,NA
Sarmiento,6,1,Unknown ,MOC6-Net1-Unk-1,SG2105_MOC6_Net1_ImageJ,10,16.023,NA,6 _ 1,NA,NA,NA,NA,NA,NA,NA,NA,NA,NA,NA,NA,NA,NA,NA,NA,NA,NA,NA,NA,NA,NA,NA,NA
Sarmiento,6,2,Sternoptychidae,MOC6-Net2-Ste-1,SG2105_MOC6_Net2_ImageJ,1,30.66,NA,6 _ 2,NA,NA,NA,NA,NA,NA,NA,NA,NA,NA,NA,NA,NA,NA,NA,NA,NA,NA,NA,NA,NA,NA,NA,NA
Sarmiento,6,2,Sternoptychidae,MOC6-Net2-Ste-2,SG2105_MOC6_Net2_ImageJ,2,20.6745,NA,6 _ 2,NA,NA,NA,NA,NA,NA,NA,NA,NA,NA,NA,NA,NA,NA,NA,NA,NA,NA,NA,NA,NA,NA,NA,NA
Sarmiento,6,2,Myctophidae,MOC6-Net2-Myc-1,SG2105_MOC6_Net2_ImageJ,3,14.385,NA,6 _ 2,NA,NA,NA,NA,NA,NA,NA,NA,NA,NA,NA,NA,NA,NA,NA,NA,NA,NA,NA,NA,NA,NA,NA,NA
Sarmiento,6,2,Myctophidae,MOC6-Net2-Myc-2,SG2105_MOC6_Net2_ImageJ,4,13.482,NA,6 _ 2,NA,NA,NA,NA,NA,NA,NA,NA,NA,NA,NA,NA,NA,NA,NA,NA,NA,NA,NA,NA,NA,NA,NA,NA
Sarmiento,6,2,Myctophidae,MOC6-Net2-Myc-3,SG2105_MOC6_Net2_ImageJ,5,11.7075,NA,6 _ 2,NA,NA,NA,NA,NA,NA,NA,NA,NA,NA,NA,NA,NA,NA,NA,NA,NA,NA,NA,NA,NA,NA,NA,NA
Sarmiento,6,3,Sternoptychidae,MOC6-Net3-Ste-1,SG2105_MOC6_Net3_ImageJ,1,13.9335,NA,6 _ 3,NA,NA,NA,NA,NA,NA,NA,NA,NA,NA,NA,NA,NA,NA,NA,NA,NA,NA,NA,NA,NA,NA,NA,NA
Sarmiento,6,4,Stomiidae,MOC6-Net4-Sto-1,SG2105_MOC6_Net4_ImageJ,2,39.8685,NA,6 _ 4,NA,NA,NA,NA,NA,NA,NA,NA,NA,NA,NA,NA,NA,NA,NA,NA,NA,NA,NA,NA,NA,NA,NA,NA
Sarmiento,6,4,Stomiidae,MOC6-Net4-Sto-2,SG2105_MOC6_Net4_ImageJ,3,44.8665,NA,6 _ 4,NA,NA,NA,NA,NA,NA,NA,NA,NA,NA,NA,NA,NA,NA,NA,NA,NA,NA,NA,NA,NA,NA,NA,NA
Sarmiento,6,4,Myctophidae,MOC6-Net4-Myc-1,SG2105_MOC6_Net4_ImageJ,4,14.028,NA,6 _ 4,NA,NA,NA,NA,NA,NA,NA,NA,NA,NA,NA,NA,NA,NA,NA,NA,NA,NA,NA,NA,NA,NA,NA,NA
Sarmiento,6,4,Myctophidae,MOC6-Net4-Myc-2,SG2105_MOC6_Net4_ImageJ,5,14.8365,NA,6 _ 4,NA,NA,NA,NA,NA,NA,NA,NA,NA,NA,NA,NA,NA,NA,NA,NA,NA,NA,NA,NA,NA,NA,NA,NA
Sarmiento,6,4,Myctophidae,MOC6-Net4-Myc-3,SG2105_MOC6_Net4_ImageJ,6,10.647,NA,6 _ 4,NA,NA,NA,NA,NA,NA,NA,NA,NA,NA,NA,NA,NA,NA,NA,NA,NA,NA,NA,NA,NA,NA,NA,NA
Sarmiento,6,4,Myctophidae,MOC6-Net4-Myc-4,SG2105_MOC6_Net4_ImageJ,7,29.2005,NA,6 _ 4,NA,NA,NA,NA,NA,NA,NA,NA,NA,NA,NA,NA,NA,NA,NA,NA,NA,NA,NA,NA,NA,NA,NA,NA
Sarmiento,6,4,Myctophidae,MOC6-Net4-Myc-5,SG2105_MOC6_Net4_ImageJ,8,27.699,NA,6 _ 4,NA,NA,NA,NA,NA,NA,NA,NA,NA,NA,NA,NA,NA,NA,NA,NA,NA,NA,NA,NA,NA,NA,NA,NA
Sarmiento,6,4,Myctophidae,MOC6-Net4-Myc-6,SG2105_MOC6_Net4_ImageJ,9,21.3255,NA,6 _ 4,NA,NA,NA,NA,NA,NA,NA,NA,NA,NA,NA,NA,NA,NA,NA,NA,NA,NA,NA,NA,NA,NA,NA,NA
Sarmiento,6,4,Myctophidae,MOC6-Net4-Myc-7,SG2105_MOC6_Net4_ImageJ,10,24.8325,NA,6 _ 4,NA,NA,NA,NA,NA,NA,NA,NA,NA,NA,NA,NA,NA,NA,NA,NA,NA,NA,NA,NA,NA,NA,NA,NA
Sarmiento,6,4,Myctophidae,MOC6-Net4-Myc-10,SG2105_MOC6_Net4_ImageJ,13,25.473,NA,6 _ 4,NA,NA,NA,NA,NA,NA,NA,NA,NA,NA,NA,NA,NA,NA,NA,NA,NA,NA,NA,NA,NA,NA,NA,NA
Sarmiento,6,4,Myctophidae,MOC6-Net4-Myc-12,SG2105_MOC6_Net4_ImageJ,15,12.747,NA,6 _ 4,NA,NA,NA,NA,NA,NA,NA,NA,NA,NA,NA,NA,NA,NA,NA,NA,NA,NA,NA,NA,NA,NA,NA,NA
Sarmiento,6,4,Myctophidae,MOC6-Net4-Myc-13,SG2105_MOC6_Net4_ImageJ,16,25.032,NA,6 _ 4,NA,NA,NA,NA,NA,NA,NA,NA,NA,NA,NA,NA,NA,NA,NA,NA,NA,NA,NA,NA,NA,NA,NA,NA
Sarmiento,6,4,Myctophidae,MOC6-Net4-Myc-14,SG2105_MOC6_Net4_ImageJ,17,26.1345,NA,6 _ 4,NA,NA,NA,NA,NA,NA,NA,NA,NA,NA,NA,NA,NA,NA,NA,NA,NA,NA,NA,NA,NA,NA,NA,NA
Sarmiento,6,4,Myctophidae,MOC6-Net4-Myc-16,SG2105_MOC6_Net4_ImageJ,19,13.6815,body only,6 _ 4,NA,NA,NA,NA,NA,NA,NA,NA,NA,NA,NA,NA,NA,NA,NA,NA,NA,NA,NA,NA,NA,NA,NA,NA
Sarmiento,6,4,Myctophidae,MOC6-Net4-Myc-18,SG2105_MOC6_Net4_ImageJ,21,14.553,body only,6 _ 4,NA,NA,NA,NA,NA,NA,NA,NA,NA,NA,NA,NA,NA,NA,NA,NA,NA,NA,NA,NA,NA,NA,NA,NA
Sarmiento,6,4,Myctophidae,MOC6-Net4-Myc-19,SG2105_MOC6_Net4_ImageJ,22,12.642,head only,6 _ 4,NA,NA,NA,NA,NA,NA,NA,NA,NA,NA,NA,NA,NA,NA,NA,NA,NA,NA,NA,NA,NA,NA,NA,NA
Sarmiento,6,4,Myctophidae,MOC6-Net4-Myc-20,SG2105_MOC6_Net4_ImageJ,23,16.884,body only,6 _ 4,NA,NA,NA,NA,NA,NA,NA,NA,NA,NA,NA,NA,NA,NA,NA,NA,NA,NA,NA,NA,NA,NA,NA,NA
Sarmiento,6,4,Myctophidae,MOC6-Net4-Myc-22,SG2105_MOC6_Net4_ImageJ,25,26.964,NA,6 _ 4,NA,NA,NA,NA,NA,NA,NA,NA,NA,NA,NA,NA,NA,NA,NA,NA,NA,NA,NA,NA,NA,NA,NA,NA
Sarmiento,7,1,Gonostomatidae,MOC7-Net1-Gon-1,SG2105_MOC7_Net1_ImageJ,1,33.2325,NA,7 _ 1,NA,NA,NA,NA,NA,NA,NA,NA,NA,NA,NA,NA,NA,NA,NA,NA,NA,NA,NA,NA,NA,NA,NA,NA
Sarmiento,7,1,Gonostomatidae,MOC7-Net1-Gon-2,SG2105_MOC7_Net1_ImageJ,2,32.3925,NA,7 _ 1,NA,NA,NA,NA,NA,NA,NA,NA,NA,NA,NA,NA,NA,NA,NA,NA,NA,NA,NA,NA,NA,NA,NA,NA
Sarmiento,7,1,Gonostomatidae,MOC7-Net1-Gon-3,SG2105_MOC7_Net1_ImageJ,3,29.799,NA,7 _ 1,NA,NA,NA,NA,NA,NA,NA,NA,NA,NA,NA,NA,NA,NA,NA,NA,NA,NA,NA,NA,NA,NA,NA,NA
Sarmiento,7,1,Gonostomatidae,MOC7-Net1-Gon-4,SG2105_MOC7_Net1_ImageJ,4,19.383,body fragment,7 _ 1,NA,NA,NA,NA,NA,NA,NA,NA,NA,NA,NA,NA,NA,NA,NA,NA,NA,NA,NA,NA,NA,NA,NA,NA
Sarmiento,7,1,Myctophidae,MOC7-Net1-Myc-1,SG2105_MOC7_Net1_ImageJ,5,28.749,NA,7 _ 1,NA,NA,NA,NA,NA,NA,NA,NA,NA,NA,NA,NA,NA,NA,NA,NA,NA,NA,NA,NA,NA,NA,NA,NA
Sarmiento,7,1,Alepocephalidae,MOC7-Net1-Ale-1,SG2105_MOC7_Net1_ImageJ,8,21.7035,NA,7 _ 1,NA,NA,NA,NA,NA,NA,NA,NA,NA,NA,NA,NA,NA,NA,NA,NA,NA,NA,NA,NA,NA,NA,NA,NA
Sarmiento,7,1,Alepocephalidae,MOC7-Net1-Ale-2,SG2105_MOC7_Net1_ImageJ,9,18.1545,NA,7 _ 1,NA,NA,NA,NA,NA,NA,NA,NA,NA,NA,NA,NA,NA,NA,NA,NA,NA,NA,NA,NA,NA,NA,NA,NA
Sarmiento,7,1,Alepocephalidae,MOC7-Net1-Ale-4,SG2105_MOC7_Net1_ImageJ,11,18.606,NA,7 _ 1,NA,NA,NA,NA,NA,NA,NA,NA,NA,NA,NA,NA,NA,NA,NA,NA,NA,NA,NA,NA,NA,NA,NA,NA
Sarmiento,7,2,Stomiidae,MOC7-Net2-Sto-1,SG2105_MOC7_Net2_ImageJ,1,34.944,NA,7 _ 2,NA,NA,NA,NA,NA,NA,NA,NA,NA,NA,NA,NA,NA,NA,NA,NA,NA,NA,NA,NA,NA,NA,NA,NA
Sarmiento,7,2,Sternoptychidae,MOC7-Net2-Ste-1,SG2105_MOC7_Net2_ImageJ,2,22.1445,NA,7 _ 2,NA,NA,NA,NA,NA,NA,NA,NA,NA,NA,NA,NA,NA,NA,NA,NA,NA,NA,NA,NA,NA,NA,NA,NA
Sarmiento,7,2,Sternoptychidae,MOC7-Net2-Ste-2,SG2105_MOC7_Net2_ImageJ,3,11.634,NA,7 _ 2,NA,NA,NA,NA,NA,NA,NA,NA,NA,NA,NA,NA,NA,NA,NA,NA,NA,NA,NA,NA,NA,NA,NA,NA
Sarmiento,7,2,Paralepididae,MOC7-Net2-Par-1,SG2105_MOC7_Net2_ImageJ,4,35.028,NA,7 _ 2,NA,NA,NA,NA,NA,NA,NA,NA,NA,NA,NA,NA,NA,NA,NA,NA,NA,NA,NA,NA,NA,NA,NA,NA
Sarmiento,7,4,Myctophidae,MOC7-Net4-Myc-1,SG2105_MOC7_Net4_ImageJ,1,24.969,NA,7 _ 4,NA,NA,NA,NA,NA,NA,NA,NA,NA,NA,NA,NA,NA,NA,NA,NA,NA,NA,NA,NA,NA,NA,NA,NA
Sarmiento,8,1,Gonostomatidae,MOC8-Net1-Gon-1,SG2105_MOC8_Net1_ImageJ,1,13.104,NA,8 _ 1,NA,NA,NA,NA,NA,NA,NA,NA,NA,NA,NA,NA,NA,NA,NA,NA,NA,NA,NA,NA,NA,NA,NA,NA
Sarmiento,8,1,Gonostomatidae,MOC8-Net1-Gon-2,SG2105_MOC8_Net1_ImageJ,2,10.563,broken body and mangled head,8 _ 1,NA,NA,NA,NA,NA,NA,NA,NA,NA,NA,NA,NA,NA,NA,NA,NA,NA,NA,NA,NA,NA,NA,NA,NA
Sarmiento,8,1,Gonostomatidae,MOC8-Net1-Gon-3,SG2105_MOC8_Net1_ImageJ,3,17.913,NA,8 _ 1,NA,NA,NA,NA,NA,NA,NA,NA,NA,NA,NA,NA,NA,NA,NA,NA,NA,NA,NA,NA,NA,NA,NA,NA
Sarmiento,8,1,Gonostomatidae,MOC8-Net1-Gon-4,SG2105_MOC8_Net1_ImageJ,4,17.115,NA,8 _ 1,NA,NA,NA,NA,NA,NA,NA,NA,NA,NA,NA,NA,NA,NA,NA,NA,NA,NA,NA,NA,NA,NA,NA,NA
Sarmiento,8,1,Gonostomatidae,MOC8-Net1-Gon-5,SG2105_MOC8_Net1_ImageJ,5,12.957,body fragment,8 _ 1,NA,NA,NA,NA,NA,NA,NA,NA,NA,NA,NA,NA,NA,NA,NA,NA,NA,NA,NA,NA,NA,NA,NA,NA
Sarmiento,8,1,Gonostomatidae,MOC8-Net1-Gon-8,SG2105_MOC8_Net1_ImageJ,8,18.753,body fragment,8 _ 1,NA,NA,NA,NA,NA,NA,NA,NA,NA,NA,NA,NA,NA,NA,NA,NA,NA,NA,NA,NA,NA,NA,NA,NA
Sarmiento,8,1,Gonostomatidae,MOC8-Net1-Gon-10,SG2105_MOC8_Net1_ImageJ,10,33.285,NA,8 _ 1,NA,NA,NA,NA,NA,NA,NA,NA,NA,NA,NA,NA,NA,NA,NA,NA,NA,NA,NA,NA,NA,NA,NA,NA
Sarmiento,8,1,Gonostomatidae,MOC8-Net1-Gon-11,SG2105_MOC8_Net1_ImageJ,11,28.6545,NA,8 _ 1,NA,NA,NA,NA,NA,NA,NA,NA,NA,NA,NA,NA,NA,NA,NA,NA,NA,NA,NA,NA,NA,NA,NA,NA
Sarmiento,8,1,Gonostomatidae,MOC8-Net1-Gon-12,SG2105_MOC8_Net1_ImageJ,12,33.6735,NA,8 _ 1,NA,NA,NA,NA,NA,NA,NA,NA,NA,NA,NA,NA,NA,NA,NA,NA,NA,NA,NA,NA,NA,NA,NA,NA
Sarmiento,8,1,Gonostomatidae,MOC8-Net1-Gon-13,SG2105_MOC8_Net1_ImageJ,13,24.864,NA,8 _ 1,NA,NA,NA,NA,NA,NA,NA,NA,NA,NA,NA,NA,NA,NA,NA,NA,NA,NA,NA,NA,NA,NA,NA,NA
Sarmiento,8,1,Gonostomatidae,MOC8-Net1-Gon-14,SG2105_MOC8_Net1_ImageJ,14,30.0825,NA,8 _ 1,NA,NA,NA,NA,NA,NA,NA,NA,NA,NA,NA,NA,NA,NA,NA,NA,NA,NA,NA,NA,NA,NA,NA,NA
Sarmiento,8,1,Gonostomatidae,MOC8-Net1-Gon-15,SG2105_MOC8_Net1_ImageJ,15,32.0565,NA,8 _ 1,NA,NA,NA,NA,NA,NA,NA,NA,NA,NA,NA,NA,NA,NA,NA,NA,NA,NA,NA,NA,NA,NA,NA,NA
Sarmiento,8,1,Gonostomatidae,MOC8-Net1-Gon-16,SG2105_MOC8_Net1_ImageJ,16,31.3845,NA,8 _ 1,NA,NA,NA,NA,NA,NA,NA,NA,NA,NA,NA,NA,NA,NA,NA,NA,NA,NA,NA,NA,NA,NA,NA,NA
Sarmiento,8,1,Gonostomatidae,MOC8-Net1-Gon-17,SG2105_MOC8_Net1_ImageJ,17,32.4555,NA,8 _ 1,NA,NA,NA,NA,NA,NA,NA,NA,NA,NA,NA,NA,NA,NA,NA,NA,NA,NA,NA,NA,NA,NA,NA,NA
Sarmiento,8,1,Gonostomatidae,MOC8-Net1-Gon-18,SG2105_MOC8_Net1_ImageJ,18,16.9785,NA,8 _ 1,NA,NA,NA,NA,NA,NA,NA,NA,NA,NA,NA,NA,NA,NA,NA,NA,NA,NA,NA,NA,NA,NA,NA,NA
Sarmiento,8,1,Gonostomatidae,MOC8-Net1-Gon-19,SG2105_MOC8_Net1_ImageJ,19,15.519,NA,8 _ 1,NA,NA,NA,NA,NA,NA,NA,NA,NA,NA,NA,NA,NA,NA,NA,NA,NA,NA,NA,NA,NA,NA,NA,NA
Sarmiento,8,1,Gonostomatidae,MOC8-Net1-Gon-20,SG2105_MOC8_Net1_ImageJ,20,30.1035,NA,8 _ 1,NA,NA,NA,NA,NA,NA,NA,NA,NA,NA,NA,NA,NA,NA,NA,NA,NA,NA,NA,NA,NA,NA,NA,NA
Sarmiento,8,1,Gonostomatidae,MOC8-Net1-Gon-21,SG2105_MOC8_Net1_ImageJ,21,26.4915,NA,8 _ 1,NA,NA,NA,NA,NA,NA,NA,NA,NA,NA,NA,NA,NA,NA,NA,NA,NA,NA,NA,NA,NA,NA,NA,NA
Sarmiento,8,1,Gonostomatidae,MOC8-Net1-Gon-23,SG2105_MOC8_Net1_ImageJ,23,31.941,NA,8 _ 1,NA,NA,NA,NA,NA,NA,NA,NA,NA,NA,NA,NA,NA,NA,NA,NA,NA,NA,NA,NA,NA,NA,NA,NA
Sarmiento,8,1,Gonostomatidae,MOC8-Net1-Gon-24,SG2105_MOC8_Net1_ImageJ,24,28.518,NA,8 _ 1,NA,NA,NA,NA,NA,NA,NA,NA,NA,NA,NA,NA,NA,NA,NA,NA,NA,NA,NA,NA,NA,NA,NA,NA
Sarmiento,8,1,Gonostomatidae,MOC8-Net1-Gon-25,SG2105_MOC8_Net1_ImageJ,25,28.9905,NA,8 _ 1,NA,NA,NA,NA,NA,NA,NA,NA,NA,NA,NA,NA,NA,NA,NA,NA,NA,NA,NA,NA,NA,NA,NA,NA
Sarmiento,8,1,Gonostomatidae,MOC8-Net1-Gon-26,SG2105_MOC8_Net1_ImageJ,26,47.8275,NA,8 _ 1,NA,NA,NA,NA,NA,NA,NA,NA,NA,NA,NA,NA,NA,NA,NA,NA,NA,NA,NA,NA,NA,NA,NA,NA
Sarmiento,8,1,Gonostomatidae,MOC8-Net1-Gon-27,SG2105_MOC8_Net1_ImageJ,27,19.908,NA,8 _ 1,NA,NA,NA,NA,NA,NA,NA,NA,NA,NA,NA,NA,NA,NA,NA,NA,NA,NA,NA,NA,NA,NA,NA,NA
Sarmiento,8,1,Alepocephalidae,MOC8-Net1-Ale-1,SG2105_MOC8_Net1_ImageJ,31,17.892,NA,8 _ 1,NA,NA,NA,NA,NA,NA,NA,NA,NA,NA,NA,NA,NA,NA,NA,NA,NA,NA,NA,NA,NA,NA,NA,NA
Sarmiento,8,1,Myctophidae,MOC8-Net1-Myc-1,SG2105_MOC8_Net1_ImageJ,32,29.232,NA,8 _ 1,NA,NA,NA,NA,NA,NA,NA,NA,NA,NA,NA,NA,NA,NA,NA,NA,NA,NA,NA,NA,NA,NA,NA,NA
Sarmiento,8,1,Myctophidae,MOC8-Net1-Myc-2,SG2105_MOC8_Net1_ImageJ,33,36.1305,NA,8 _ 1,NA,NA,NA,NA,NA,NA,NA,NA,NA,NA,NA,NA,NA,NA,NA,NA,NA,NA,NA,NA,NA,NA,NA,NA
Sarmiento,8,2,Gonostomatidae,MOC8-Net2-Gon-1,SG2105_MOC8_Net2_ImageJ,1,22.26,NA,8 _ 2,NA,NA,NA,NA,NA,NA,NA,NA,NA,NA,NA,NA,NA,NA,NA,NA,NA,NA,NA,NA,NA,NA,NA,NA
Sarmiento,8,2,Gonostomatidae,MOC8-Net2-Gon-2,SG2105_MOC8_Net2_ImageJ,2,22.239,NA,8 _ 2,NA,NA,NA,NA,NA,NA,NA,NA,NA,NA,NA,NA,NA,NA,NA,NA,NA,NA,NA,NA,NA,NA,NA,NA
Sarmiento,8,2,Gonostomatidae,MOC8-Net2-Gon-3,SG2105_MOC8_Net2_ImageJ,3,18.522,NA,8 _ 2,NA,NA,NA,NA,NA,NA,NA,NA,NA,NA,NA,NA,NA,NA,NA,NA,NA,NA,NA,NA,NA,NA,NA,NA
Sarmiento,8,2,Gonostomatidae,MOC8-Net2-Gon-4,SG2105_MOC8_Net2_ImageJ,4,24.234,NA,8 _ 2,NA,NA,NA,NA,NA,NA,NA,NA,NA,NA,NA,NA,NA,NA,NA,NA,NA,NA,NA,NA,NA,NA,NA,NA
Sarmiento,8,2,Gonostomatidae,MOC8-Net2-Gon-5,SG2105_MOC8_Net2_ImageJ,5,16.716,NA,8 _ 2,NA,NA,NA,NA,NA,NA,NA,NA,NA,NA,NA,NA,NA,NA,NA,NA,NA,NA,NA,NA,NA,NA,NA,NA
Sarmiento,8,2,Gonostomatidae,MOC8-Net2-Gon-6,SG2105_MOC8_Net2_ImageJ,6,21.8925,NA,8 _ 2,NA,NA,NA,NA,NA,NA,NA,NA,NA,NA,NA,NA,NA,NA,NA,NA,NA,NA,NA,NA,NA,NA,NA,NA
Sarmiento,8,2,Gonostomatidae,MOC8-Net2-Gon-7,SG2105_MOC8_Net2_ImageJ,7,24.1395,NA,8 _ 2,NA,NA,NA,NA,NA,NA,NA,NA,NA,NA,NA,NA,NA,NA,NA,NA,NA,NA,NA,NA,NA,NA,NA,NA
Sarmiento,8,2,Gonostomatidae,MOC8-Net2-Gon-8,SG2105_MOC8_Net2_ImageJ,8,18.6795,NA,8 _ 2,NA,NA,NA,NA,NA,NA,NA,NA,NA,NA,NA,NA,NA,NA,NA,NA,NA,NA,NA,NA,NA,NA,NA,NA
Sarmiento,8,2,Gonostomatidae,MOC8-Net2-Gon-9,SG2105_MOC8_Net2_ImageJ,9,16.38,headless,8 _ 2,NA,NA,NA,NA,NA,NA,NA,NA,NA,NA,NA,NA,NA,NA,NA,NA,NA,NA,NA,NA,NA,NA,NA,NA
Sarmiento,8,2,Gonostomatidae,MOC8-Net2-Gon-11,SG2105_MOC8_Net2_ImageJ,11,17.2935,NA,8 _ 2,NA,NA,NA,NA,NA,NA,NA,NA,NA,NA,NA,NA,NA,NA,NA,NA,NA,NA,NA,NA,NA,NA,NA,NA
Sarmiento,8,2,Gonostomatidae,MOC8-Net2-Gon-12,SG2105_MOC8_Net2_ImageJ,12,21.378,NA,8 _ 2,NA,NA,NA,NA,NA,NA,NA,NA,NA,NA,NA,NA,NA,NA,NA,NA,NA,NA,NA,NA,NA,NA,NA,NA
Sarmiento,8,2,Gonostomatidae,MOC8-Net2-Gon-13,SG2105_MOC8_Net2_ImageJ,13,19.2465,NA,8 _ 2,NA,NA,NA,NA,NA,NA,NA,NA,NA,NA,NA,NA,NA,NA,NA,NA,NA,NA,NA,NA,NA,NA,NA,NA
Sarmiento,8,2,Gonostomatidae,MOC8-Net2-Gon-14,SG2105_MOC8_Net2_ImageJ,14,17.346,NA,8 _ 2,NA,NA,NA,NA,NA,NA,NA,NA,NA,NA,NA,NA,NA,NA,NA,NA,NA,NA,NA,NA,NA,NA,NA,NA
Sarmiento,8,2,Gonostomatidae,MOC8-Net2-Gon-15,SG2105_MOC8_Net2_ImageJ,15,23.5515,head damaged,8 _ 2,NA,NA,NA,NA,NA,NA,NA,NA,NA,NA,NA,NA,NA,NA,NA,NA,NA,NA,NA,NA,NA,NA,NA,NA
Sarmiento,8,2,Gonostomatidae,MOC8-Net2-Gon-16,SG2105_MOC8_Net2_ImageJ,16,16.9995,headless,8 _ 2,NA,NA,NA,NA,NA,NA,NA,NA,NA,NA,NA,NA,NA,NA,NA,NA,NA,NA,NA,NA,NA,NA,NA,NA
Sarmiento,8,2,Gonostomatidae,MOC8-Net2-Gon-19,SG2105_MOC8_Net2_ImageJ,19,15.141,"body broken, head attached",8 _ 2,NA,NA,NA,NA,NA,NA,NA,NA,NA,NA,NA,NA,NA,NA,NA,NA,NA,NA,NA,NA,NA,NA,NA,NA
Sarmiento,8,3,Sternoptychidae,MOC8-Net3-Ste-1,SG2105_MOC8_Net3_ImageJ,2,14.8365,NA,8 _ 3,NA,NA,NA,NA,NA,NA,NA,NA,NA,NA,NA,NA,NA,NA,NA,NA,NA,NA,NA,NA,NA,NA,NA,NA
Sarmiento,8,4,Myctophidae,MOC8-Net4-Myc-1,SG2105_MOC8_Net4_ImageJ_1,1,23.331,NA,8 _ 4,NA,NA,NA,NA,NA,NA,NA,NA,NA,NA,NA,NA,NA,NA,NA,NA,NA,NA,NA,NA,NA,NA,NA,NA
Sarmiento,8,4,Myctophidae,MOC8-Net4-Myc-2,SG2105_MOC8_Net4_ImageJ_1,2,27.5205,NA,8 _ 4,NA,NA,NA,NA,NA,NA,NA,NA,NA,NA,NA,NA,NA,NA,NA,NA,NA,NA,NA,NA,NA,NA,NA,NA
Sarmiento,8,4,Myctophidae,MOC8-Net4-Myc-3,SG2105_MOC8_Net4_ImageJ_1,3,27.132,NA,8 _ 4,NA,NA,NA,NA,NA,NA,NA,NA,NA,NA,NA,NA,NA,NA,NA,NA,NA,NA,NA,NA,NA,NA,NA,NA
Sarmiento,8,4,Myctophidae,MOC8-Net4-Myc-4,SG2105_MOC8_Net4_ImageJ_1,4,16.779,NA,8 _ 4,NA,NA,NA,NA,NA,NA,NA,NA,NA,NA,NA,NA,NA,NA,NA,NA,NA,NA,NA,NA,NA,NA,NA,NA
Sarmiento,8,4,Myctophidae,MOC8-Net4-Myc-5,SG2105_MOC8_Net4_ImageJ_1,5,15.0675,NA,8 _ 4,NA,NA,NA,NA,NA,NA,NA,NA,NA,NA,NA,NA,NA,NA,NA,NA,NA,NA,NA,NA,NA,NA,NA,NA
Sarmiento,8,4,Myctophidae,MOC8-Net4-Myc-6,SG2105_MOC8_Net4_ImageJ_1,6,26.5335,NA,8 _ 4,NA,NA,NA,NA,NA,NA,NA,NA,NA,NA,NA,NA,NA,NA,NA,NA,NA,NA,NA,NA,NA,NA,NA,NA
Sarmiento,8,4,Myctophidae,MOC8-Net4-Myc-7,SG2105_MOC8_Net4_ImageJ_1,7,15.1095,NA,8 _ 4,NA,NA,NA,NA,NA,NA,NA,NA,NA,NA,NA,NA,NA,NA,NA,NA,NA,NA,NA,NA,NA,NA,NA,NA
Sarmiento,8,4,Myctophidae,MOC8-Net4-Myc-8,SG2105_MOC8_Net4_ImageJ_1,8,25.4625,NA,8 _ 4,NA,NA,NA,NA,NA,NA,NA,NA,NA,NA,NA,NA,NA,NA,NA,NA,NA,NA,NA,NA,NA,NA,NA,NA
Sarmiento,8,4,Myctophidae,MOC8-Net4-Myc-9,SG2105_MOC8_Net4_ImageJ_1,9,18.039,NA,8 _ 4,NA,NA,NA,NA,NA,NA,NA,NA,NA,NA,NA,NA,NA,NA,NA,NA,NA,NA,NA,NA,NA,NA,NA,NA
Sarmiento,8,4,Myctophidae,MOC8-Net4-Myc-10,SG2105_MOC8_Net4_ImageJ_1,10,48.2265,NA,8 _ 4,NA,NA,NA,NA,NA,NA,NA,NA,NA,NA,NA,NA,NA,NA,NA,NA,NA,NA,NA,NA,NA,NA,NA,NA
Sarmiento,8,4,Myctophidae,MOC8-Net4-Myc-11,SG2105_MOC8_Net4_ImageJ_1,11,27.846,NA,8 _ 4,NA,NA,NA,NA,NA,NA,NA,NA,NA,NA,NA,NA,NA,NA,NA,NA,NA,NA,NA,NA,NA,NA,NA,NA
Sarmiento,8,4,Myctophidae,MOC8-Net4-Myc-12,SG2105_MOC8_Net4_ImageJ_1,12,29.7675,NA,8 _ 4,NA,NA,NA,NA,NA,NA,NA,NA,NA,NA,NA,NA,NA,NA,NA,NA,NA,NA,NA,NA,NA,NA,NA,NA
Sarmiento,8,4,Myctophidae,MOC8-Net4-Myc-13,SG2105_MOC8_Net4_ImageJ_1,13,24.6225,NA,8 _ 4,NA,NA,NA,NA,NA,NA,NA,NA,NA,NA,NA,NA,NA,NA,NA,NA,NA,NA,NA,NA,NA,NA,NA,NA
Sarmiento,8,4,Myctophidae,MOC8-Net4-Myc-14,SG2105_MOC8_Net4_ImageJ_1,14,24.5385,NA,8 _ 4,NA,NA,NA,NA,NA,NA,NA,NA,NA,NA,NA,NA,NA,NA,NA,NA,NA,NA,NA,NA,NA,NA,NA,NA
Sarmiento,8,4,Myctophidae,MOC8-Net4-Myc-15,SG2105_MOC8_Net4_ImageJ_1,15,21.8085,NA,8 _ 4,NA,NA,NA,NA,NA,NA,NA,NA,NA,NA,NA,NA,NA,NA,NA,NA,NA,NA,NA,NA,NA,NA,NA,NA
Sarmiento,8,4,Myctophidae,MOC8-Net4-Myc-16,SG2105_MOC8_Net4_ImageJ_1,16,24.3285,NA,8 _ 4,NA,NA,NA,NA,NA,NA,NA,NA,NA,NA,NA,NA,NA,NA,NA,NA,NA,NA,NA,NA,NA,NA,NA,NA
Sarmiento,8,4,Myctophidae,MOC8-Net4-Myc-17,SG2105_MOC8_Net4_ImageJ_1,17,28.182,NA,8 _ 4,NA,NA,NA,NA,NA,NA,NA,NA,NA,NA,NA,NA,NA,NA,NA,NA,NA,NA,NA,NA,NA,NA,NA,NA
Sarmiento,8,4,Myctophidae,MOC8-Net4-Myc-18,SG2105_MOC8_Net4_ImageJ_1,18,19.9815,NA,8 _ 4,NA,NA,NA,NA,NA,NA,NA,NA,NA,NA,NA,NA,NA,NA,NA,NA,NA,NA,NA,NA,NA,NA,NA,NA
Sarmiento,8,4,Myctophidae,MOC8-Net4-Myc-19,SG2105_MOC8_Net4_ImageJ_1,19,12.747,NA,8 _ 4,NA,NA,NA,NA,NA,NA,NA,NA,NA,NA,NA,NA,NA,NA,NA,NA,NA,NA,NA,NA,NA,NA,NA,NA
Sarmiento,8,4,Myctophidae,MOC8-Net4-Myc-20,SG2105_MOC8_Net4_ImageJ_1,20,28.707,NA,8 _ 4,NA,NA,NA,NA,NA,NA,NA,NA,NA,NA,NA,NA,NA,NA,NA,NA,NA,NA,NA,NA,NA,NA,NA,NA
Sarmiento,8,4,Myctophidae,MOC8-Net4-Myc-21,SG2105_MOC8_Net4_ImageJ_1,21,28.686,NA,8 _ 4,NA,NA,NA,NA,NA,NA,NA,NA,NA,NA,NA,NA,NA,NA,NA,NA,NA,NA,NA,NA,NA,NA,NA,NA
Sarmiento,8,4,Myctophidae,MOC8-Net4-Myc-22,SG2105_MOC8_Net4_ImageJ_1,22,29.5155,NA,8 _ 4,NA,NA,NA,NA,NA,NA,NA,NA,NA,NA,NA,NA,NA,NA,NA,NA,NA,NA,NA,NA,NA,NA,NA,NA
Sarmiento,8,4,Myctophidae,MOC8-Net4-Myc-23,SG2105_MOC8_Net4_ImageJ_1,23,28.8855,NA,8 _ 4,NA,NA,NA,NA,NA,NA,NA,NA,NA,NA,NA,NA,NA,NA,NA,NA,NA,NA,NA,NA,NA,NA,NA,NA
Sarmiento,8,4,Myctophidae,MOC8-Net4-Myc-24,SG2105_MOC8_Net4_ImageJ_1,24,27.51,NA,8 _ 4,NA,NA,NA,NA,NA,NA,NA,NA,NA,NA,NA,NA,NA,NA,NA,NA,NA,NA,NA,NA,NA,NA,NA,NA
Sarmiento,8,4,Myctophidae,MOC8-Net4-Myc-25,SG2105_MOC8_Net4_ImageJ_1,25,28.266,NA,8 _ 4,NA,NA,NA,NA,NA,NA,NA,NA,NA,NA,NA,NA,NA,NA,NA,NA,NA,NA,NA,NA,NA,NA,NA,NA
Sarmiento,8,4,Myctophidae,MOC8-Net4-Myc-26,SG2105_MOC8_Net4_ImageJ_1,26,22.764,NA,8 _ 4,NA,NA,NA,NA,NA,NA,NA,NA,NA,NA,NA,NA,NA,NA,NA,NA,NA,NA,NA,NA,NA,NA,NA,NA
Sarmiento,8,4,Myctophidae,MOC8-Net4-Myc-27,SG2105_MOC8_Net4_ImageJ_1,27,11.2665,NA,8 _ 4,NA,NA,NA,NA,NA,NA,NA,NA,NA,NA,NA,NA,NA,NA,NA,NA,NA,NA,NA,NA,NA,NA,NA,NA
Sarmiento,8,4,Myctophidae,MOC8-Net4-Myc-28,SG2105_MOC8_Net4_ImageJ_1,28,22.071,NA,8 _ 4,NA,NA,NA,NA,NA,NA,NA,NA,NA,NA,NA,NA,NA,NA,NA,NA,NA,NA,NA,NA,NA,NA,NA,NA
Sarmiento,8,4,Myctophidae,MOC8-Net4-Myc-29,SG2105_MOC8_Net4_ImageJ_1,29,21.63,NA,8 _ 4,NA,NA,NA,NA,NA,NA,NA,NA,NA,NA,NA,NA,NA,NA,NA,NA,NA,NA,NA,NA,NA,NA,NA,NA
Sarmiento,8,4,Myctophidae,MOC8-Net4-Myc-30,SG2105_MOC8_Net4_ImageJ_1,30,27.594,NA,8 _ 4,NA,NA,NA,NA,NA,NA,NA,NA,NA,NA,NA,NA,NA,NA,NA,NA,NA,NA,NA,NA,NA,NA,NA,NA
Sarmiento,8,4,Myctophidae,MOC8-Net4-Myc-31,SG2105_MOC8_Net4_ImageJ_1,31,27.1635,NA,8 _ 4,NA,NA,NA,NA,NA,NA,NA,NA,NA,NA,NA,NA,NA,NA,NA,NA,NA,NA,NA,NA,NA,NA,NA,NA
Sarmiento,8,4,Myctophidae,MOC8-Net4-Myc-32,SG2105_MOC8_Net4_ImageJ_1,32,13.482,NA,8 _ 4,NA,NA,NA,NA,NA,NA,NA,NA,NA,NA,NA,NA,NA,NA,NA,NA,NA,NA,NA,NA,NA,NA,NA,NA
Sarmiento,8,4,Myctophidae,MOC8-Net4-Myc-33,SG2105_MOC8_Net4_ImageJ_1,33,11.5185,NA,8 _ 4,NA,NA,NA,NA,NA,NA,NA,NA,NA,NA,NA,NA,NA,NA,NA,NA,NA,NA,NA,NA,NA,NA,NA,NA
Sarmiento,8,4,Myctophidae,MOC8-Net4-Myc-34,SG2105_MOC8_Net4_ImageJ_1,34,26.607,NA,8 _ 4,NA,NA,NA,NA,NA,NA,NA,NA,NA,NA,NA,NA,NA,NA,NA,NA,NA,NA,NA,NA,NA,NA,NA,NA
Sarmiento,8,4,Myctophidae,MOC8-Net4-Myc-35,SG2105_MOC8_Net4_ImageJ_1,35,19.8555,NA,8 _ 4,NA,NA,NA,NA,NA,NA,NA,NA,NA,NA,NA,NA,NA,NA,NA,NA,NA,NA,NA,NA,NA,NA,NA,NA
Sarmiento,8,4,Myctophidae,MOC8-Net4-Myc-36,SG2105_MOC8_Net4_ImageJ_1,36,15.561,NA,8 _ 4,NA,NA,NA,NA,NA,NA,NA,NA,NA,NA,NA,NA,NA,NA,NA,NA,NA,NA,NA,NA,NA,NA,NA,NA
Sarmiento,8,4,Myctophidae,MOC8-Net4-Myc-37,SG2105_MOC8_Net4_ImageJ_1,37,32.0145,NA,8 _ 4,NA,NA,NA,NA,NA,NA,NA,NA,NA,NA,NA,NA,NA,NA,NA,NA,NA,NA,NA,NA,NA,NA,NA,NA
Sarmiento,8,4,Myctophidae,MOC8-Net4-Myc-38,SG2105_MOC8_Net4_ImageJ_1,38,28.896,NA,8 _ 4,NA,NA,NA,NA,NA,NA,NA,NA,NA,NA,NA,NA,NA,NA,NA,NA,NA,NA,NA,NA,NA,NA,NA,NA
Sarmiento,8,4,Myctophidae,MOC8-Net4-Myc-39,SG2105_MOC8_Net4_ImageJ_1,39,16.1175,NA,8 _ 4,NA,NA,NA,NA,NA,NA,NA,NA,NA,NA,NA,NA,NA,NA,NA,NA,NA,NA,NA,NA,NA,NA,NA,NA
Sarmiento,8,4,Myctophidae,MOC8-Net4-Myc-40,SG2105_MOC8_Net4_ImageJ_1,40,11.949,headless,8 _ 4,NA,NA,NA,NA,NA,NA,NA,NA,NA,NA,NA,NA,NA,NA,NA,NA,NA,NA,NA,NA,NA,NA,NA,NA
Sarmiento,8,4,Myctophidae,MOC8-Net4-Myc-41,SG2105_MOC8_Net4_ImageJ_1,41,31.0065,NA,8 _ 4,NA,NA,NA,NA,NA,NA,NA,NA,NA,NA,NA,NA,NA,NA,NA,NA,NA,NA,NA,NA,NA,NA,NA,NA
Sarmiento,8,4,Myctophidae,MOC8-Net4-Myc-43,SG2105_MOC8_Net4_ImageJ_1,43,14.3325,NA,8 _ 4,NA,NA,NA,NA,NA,NA,NA,NA,NA,NA,NA,NA,NA,NA,NA,NA,NA,NA,NA,NA,NA,NA,NA,NA
Sarmiento,8,4,Sternoptychidae,MOC8-Net4-Ste-1,SG2105_MOC8_Net4_ImageJ_2,1,23.9085,NA,8 _ 4,NA,NA,NA,NA,NA,NA,NA,NA,NA,NA,NA,NA,NA,NA,NA,NA,NA,NA,NA,NA,NA,NA,NA,NA
Sarmiento,9,1,Gonostomatidae,MOC9-Net1-Gon-1,SG2105_MOC9_Net1_ImageJ,1,27.447,NA,9 _ 1,NA,NA,NA,NA,NA,NA,NA,NA,NA,NA,NA,NA,NA,NA,NA,NA,NA,NA,NA,NA,NA,NA,NA,NA
Sarmiento,9,1,Gonostomatidae,MOC9-Net1-Gon-3,SG2105_MOC9_Net1_ImageJ,3,11.067,body only,9 _ 1,NA,NA,NA,NA,NA,NA,NA,NA,NA,NA,NA,NA,NA,NA,NA,NA,NA,NA,NA,NA,NA,NA,NA,NA
Sarmiento,9,1,Gonostomatidae,MOC9-Net1-Gon-4,SG2105_MOC9_Net1_ImageJ,4,18.5115,"body broken, head present",9 _ 1,NA,NA,NA,NA,NA,NA,NA,NA,NA,NA,NA,NA,NA,NA,NA,NA,NA,NA,NA,NA,NA,NA,NA,NA
Sarmiento,9,1,Gonostomatidae,MOC9-Net1-Gon-5,SG2105_MOC9_Net1_ImageJ,5,11.6025,NA,9 _ 1,NA,NA,NA,NA,NA,NA,NA,NA,NA,NA,NA,NA,NA,NA,NA,NA,NA,NA,NA,NA,NA,NA,NA,NA
Sarmiento,9,2,Myctophidae,MOC9-Net2-Myc-1,SG2105_MOC9_Net2_ImageJ,3,13.881,NA,9 _ 2,NA,NA,NA,NA,NA,NA,NA,NA,NA,NA,NA,NA,NA,NA,NA,NA,NA,NA,NA,NA,NA,NA,NA,NA
Sarmiento,9,2,Alepocephalidae,MOC9-Net2-Ale-1,SG2105_MOC9_Net2_ImageJ,4,18.438,NA,9 _ 2,NA,NA,NA,NA,NA,NA,NA,NA,NA,NA,NA,NA,NA,NA,NA,NA,NA,NA,NA,NA,NA,NA,NA,NA
Sarmiento,9,2,Gonostomatidae,MOC9-Net2-Gon-1,SG2105_MOC9_Net2_ImageJ,8,19.761,NA,9 _ 2,NA,NA,NA,NA,NA,NA,NA,NA,NA,NA,NA,NA,NA,NA,NA,NA,NA,NA,NA,NA,NA,NA,NA,NA
Sarmiento,9,2,Gonostomatidae,MOC9-Net2-Gon-2,SG2105_MOC9_Net2_ImageJ,9,19.236,NA,9 _ 2,NA,NA,NA,NA,NA,NA,NA,NA,NA,NA,NA,NA,NA,NA,NA,NA,NA,NA,NA,NA,NA,NA,NA,NA
Sarmiento,9,2,Gonostomatidae,MOC9-Net2-Gon-3,SG2105_MOC9_Net2_ImageJ,10,32.0355,NA,9 _ 2,NA,NA,NA,NA,NA,NA,NA,NA,NA,NA,NA,NA,NA,NA,NA,NA,NA,NA,NA,NA,NA,NA,NA,NA
Sarmiento,9,2,Gonostomatidae,MOC9-Net2-Gon-4,SG2105_MOC9_Net2_ImageJ,11,18.1965,NA,9 _ 2,NA,NA,NA,NA,NA,NA,NA,NA,NA,NA,NA,NA,NA,NA,NA,NA,NA,NA,NA,NA,NA,NA,NA,NA
Sarmiento,9,3,Myctophidae,MOC9-Net3-Myc-1,SG2105_MOC9_Net3_ImageJ,33,31.605,NA,9 _ 3,NA,NA,NA,NA,NA,NA,NA,NA,NA,NA,NA,NA,NA,NA,NA,NA,NA,NA,NA,NA,NA,NA,NA,NA
Sarmiento,9,3,Myctophidae,MOC9-Net3-Myc-2,SG2105_MOC9_Net3_ImageJ,34,19.719,NA,9 _ 3,NA,NA,NA,NA,NA,NA,NA,NA,NA,NA,NA,NA,NA,NA,NA,NA,NA,NA,NA,NA,NA,NA,NA,NA
Sarmiento,9,4,Myctophidae,MOC9-Net4-Myc-1,SG2105_MOC9_Net4_ImageJ,1,36.918,NA,9 _ 4,NA,NA,NA,NA,NA,NA,NA,NA,NA,NA,NA,NA,NA,NA,NA,NA,NA,NA,NA,NA,NA,NA,NA,NA
Sarmiento,9,4,Myctophidae,MOC9-Net4-Myc-2,SG2105_MOC9_Net4_ImageJ,2,30.135,NA,9 _ 4,NA,NA,NA,NA,NA,NA,NA,NA,NA,NA,NA,NA,NA,NA,NA,NA,NA,NA,NA,NA,NA,NA,NA,NA
Sarmiento,9,4,Myctophidae,MOC9-Net4-Myc-3,SG2105_MOC9_Net4_ImageJ,3,28.9905,NA,9 _ 4,NA,NA,NA,NA,NA,NA,NA,NA,NA,NA,NA,NA,NA,NA,NA,NA,NA,NA,NA,NA,NA,NA,NA,NA
Sarmiento,9,4,Myctophidae,MOC9-Net4-Myc-4,SG2105_MOC9_Net4_ImageJ,4,27.993,NA,9 _ 4,NA,NA,NA,NA,NA,NA,NA,NA,NA,NA,NA,NA,NA,NA,NA,NA,NA,NA,NA,NA,NA,NA,NA,NA
Sarmiento,9,4,Myctophidae,MOC9-Net4-Myc-5,SG2105_MOC9_Net4_ImageJ,5,27.111,NA,9 _ 4,NA,NA,NA,NA,NA,NA,NA,NA,NA,NA,NA,NA,NA,NA,NA,NA,NA,NA,NA,NA,NA,NA,NA,NA
Sarmiento,9,4,Myctophidae,MOC9-Net4-Myc-6,SG2105_MOC9_Net4_ImageJ,6,29.2215,NA,9 _ 4,NA,NA,NA,NA,NA,NA,NA,NA,NA,NA,NA,NA,NA,NA,NA,NA,NA,NA,NA,NA,NA,NA,NA,NA
Sarmiento,9,4,Myctophidae,MOC9-Net4-Myc-7,SG2105_MOC9_Net4_ImageJ,7,38.346,NA,9 _ 4,NA,NA,NA,NA,NA,NA,NA,NA,NA,NA,NA,NA,NA,NA,NA,NA,NA,NA,NA,NA,NA,NA,NA,NA
Sarmiento,9,4,Myctophidae,MOC9-Net4-Myc-8,SG2105_MOC9_Net4_ImageJ,8,27.7095,NA,9 _ 4,NA,NA,NA,NA,NA,NA,NA,NA,NA,NA,NA,NA,NA,NA,NA,NA,NA,NA,NA,NA,NA,NA,NA,NA
Sarmiento,9,4,Myctophidae,MOC9-Net4-Myc-9,SG2105_MOC9_Net4_ImageJ,9,13.209,NA,9 _ 4,NA,NA,NA,NA,NA,NA,NA,NA,NA,NA,NA,NA,NA,NA,NA,NA,NA,NA,NA,NA,NA,NA,NA,NA
Sarmiento,9,4,Myctophidae,MOC9-Net4-Myc-10,SG2105_MOC9_Net4_ImageJ,10,29.169,NA,9 _ 4,NA,NA,NA,NA,NA,NA,NA,NA,NA,NA,NA,NA,NA,NA,NA,NA,NA,NA,NA,NA,NA,NA,NA,NA
Sarmiento,9,4,Myctophidae,MOC9-Net4-Myc-11,SG2105_MOC9_Net4_ImageJ,11,36.33,NA,9 _ 4,NA,NA,NA,NA,NA,NA,NA,NA,NA,NA,NA,NA,NA,NA,NA,NA,NA,NA,NA,NA,NA,NA,NA,NA
Sarmiento,9,4,Myctophidae,MOC9-Net4-Myc-12,SG2105_MOC9_Net4_ImageJ,12,26.9115,NA,9 _ 4,NA,NA,NA,NA,NA,NA,NA,NA,NA,NA,NA,NA,NA,NA,NA,NA,NA,NA,NA,NA,NA,NA,NA,NA
Sarmiento,9,4,Myctophidae,MOC9-Net4-Myc-13,SG2105_MOC9_Net4_ImageJ,13,15.3825,NA,9 _ 4,NA,NA,NA,NA,NA,NA,NA,NA,NA,NA,NA,NA,NA,NA,NA,NA,NA,NA,NA,NA,NA,NA,NA,NA
Sarmiento,9,4,Myctophidae,MOC9-Net4-Myc-14,SG2105_MOC9_Net4_ImageJ,14,10.7835,NA,9 _ 4,NA,NA,NA,NA,NA,NA,NA,NA,NA,NA,NA,NA,NA,NA,NA,NA,NA,NA,NA,NA,NA,NA,NA,NA
Sarmiento,9,4,Myctophidae,MOC9-Net4-Myc-15,SG2105_MOC9_Net4_ImageJ,15,31.6575,NA,9 _ 4,NA,NA,NA,NA,NA,NA,NA,NA,NA,NA,NA,NA,NA,NA,NA,NA,NA,NA,NA,NA,NA,NA,NA,NA
Sarmiento,9,4,Myctophidae,MOC9-Net4-Myc-16,SG2105_MOC9_Net4_ImageJ,16,17.808,body fragment,9 _ 4,NA,NA,NA,NA,NA,NA,NA,NA,NA,NA,NA,NA,NA,NA,NA,NA,NA,NA,NA,NA,NA,NA,NA,NA
Sarmiento,9,4,Myctophidae,MOC9-Net4-Myc-17,SG2105_MOC9_Net4_ImageJ,17,15.729,body fragment,9 _ 4,NA,NA,NA,NA,NA,NA,NA,NA,NA,NA,NA,NA,NA,NA,NA,NA,NA,NA,NA,NA,NA,NA,NA,NA
Sarmiento,9,4,Myctophidae,MOC9-Net4-Myc-18,SG2105_MOC9_Net4_ImageJ,18,20.4015,body fragment,9 _ 4,NA,NA,NA,NA,NA,NA,NA,NA,NA,NA,NA,NA,NA,NA,NA,NA,NA,NA,NA,NA,NA,NA,NA,NA
Sarmiento,9,4,Myctophidae,MOC9-Net4-Myc-19,SG2105_MOC9_Net4_ImageJ,19,11.1405,body fragment,9 _ 4,NA,NA,NA,NA,NA,NA,NA,NA,NA,NA,NA,NA,NA,NA,NA,NA,NA,NA,NA,NA,NA,NA,NA,NA
Sarmiento,9,4,Myctophidae,MOC9-Net4-Myc-20,SG2105_MOC9_Net4_ImageJ,20,14.385,body fragment,9 _ 4,NA,NA,NA,NA,NA,NA,NA,NA,NA,NA,NA,NA,NA,NA,NA,NA,NA,NA,NA,NA,NA,NA,NA,NA
Sarmiento,9,4,Myctophidae,MOC9-Net4-Myc-22,SG2105_MOC9_Net4_ImageJ,22,18.3015,body fragment,9 _ 4,NA,NA,NA,NA,NA,NA,NA,NA,NA,NA,NA,NA,NA,NA,NA,NA,NA,NA,NA,NA,NA,NA,NA,NA
Sarmiento,9,4,Myctophidae,MOC9-Net4-Myc-23,SG2105_MOC9_Net4_ImageJ,23,20.706,"broken, head present",9 _ 4,NA,NA,NA,NA,NA,NA,NA,NA,NA,NA,NA,NA,NA,NA,NA,NA,NA,NA,NA,NA,NA,NA,NA,NA
Sarmiento,9,4,Myctophidae,MOC9-Net4-Myc-24,SG2105_MOC9_Net4_ImageJ,24,11.886,head only,9 _ 4,NA,NA,NA,NA,NA,NA,NA,NA,NA,NA,NA,NA,NA,NA,NA,NA,NA,NA,NA,NA,NA,NA,NA,NA
Sarmiento,9,4,Myctophidae,MOC9-Net4-Myc-25,SG2105_MOC9_Net4_ImageJ,25,10.7835,head only,9 _ 4,NA,NA,NA,NA,NA,NA,NA,NA,NA,NA,NA,NA,NA,NA,NA,NA,NA,NA,NA,NA,NA,NA,NA,NA
Sarmiento,9,4,Myctophidae,MOC9-Net4-Myc-26,SG2105_MOC9_Net4_ImageJ,26,15.9915,head fragments,9 _ 4,NA,NA,NA,NA,NA,NA,NA,NA,NA,NA,NA,NA,NA,NA,NA,NA,NA,NA,NA,NA,NA,NA,NA,NA
Sarmiento,2,4,Myctophidae,NA,NA,NA,39,NA,2 _ 4,SG2105,3,33,Benthosema glaciale,BEGL,genetic,MYCT,20230725,,IMG_6732,0.8429,NA,NA,,NA,,NA,Y,not retained,Used for respirometry. Caudal fin missing,20210719,JC,BEGL,Benthosema glaciale
Sarmiento,2,4,Myctophidae,NA,NA,NA,34,NA,2 _ 4,SG2105,4,34,Benthosema glaciale,BEGL,genetic,BEGL,20230725,L,IMG_6733,0.4717,NA,NA,,NA,,NA,Y,not retained,Used for respirometry. Caudal fin damaged. ID Notes: can't see POL or Prc but appears to be BEGL,20210719,JC,BEGL,Benthosema glaciale
Sarmiento,6,4,Myctophidae,NA,NA,NA,80,NA,6 _ 4,SG2105,11,83,Myctophum punctatum,MYPU,genetic,MYPU,20230725,M,IMG_6886,8.2952,NA,NA,,NA,,NA,Y,not retained,"Used for resipirometry. ID Notes: think 2 low Prc, SAO straigh line; AOP=10",20210720,JC,MYPU,Myctophum punctatum
Sarmiento,8,4,Myctophidae,NA,NA,NA,69,NA,8 _ 4,SG2105,18,105,Myctophum punctatum,MYPU,genetic,MYPU,20230725,M,IMG_6938,5.11,NA,NA,,NA,,NA,Y,not retained,"Used for resipirometry. Caudal fin damaged, no TL taken.ID Notes: think 2 low Prc, SAO straigh line; AOP=10",20210720,JC,MYPU,Myctophum punctatum
Sarmiento,8,4,Myctophidae,NA,NA,NA,50,NA,8 _ 4,SG2105,19,110,Symbolophorus veranyi,SYVE,genetic,SYSP,20230725,M,IMG_6942,1.9002,NA,NA,,NA,,NA,Y,not retained,Used for resipirometry. ID Notes: pretty sure SAO form right angle,20210720,JC,SYVE,Symbolophorus veranyi
Sarmiento,9,4,Myctophidae,NA,NA,NA,28,NA,9 _ 4,SG2105,23,121,Benthosema glaciale,BEGL,genetic,MYCT,20230725,,IMG_6963,0.2737,NA,NA,,NA,,NA,Y,not retained,Used for resipirometry. ,20210722,JC,BEGL,Benthosema glaciale
Sarmiento,9,4,Myctophidae,NA,NA,NA,43,NA,9 _ 4,SG2105,24,123,Benthosema glaciale,BEGL,genetic,MYCT,20230725,,IMG_6966,1.1004,NA,NA,,NA,,NA,Y,not retained,Used for resipirometry. Caudal fin damaged. ID Notes: seems to be same species as fish#3,20210722,JC,BEGL,Benthosema glaciale
Sarmiento,9,4,Myctophidae,NA,NA,NA,35,NA,9 _ 4,SG2105,25,124,Benthosema glaciale,BEGL,genetic,BEGL,20230725,M,IMG_6968,0.5708,NA,NA,,NA,,NA,Y,not retained,Used for resipirometry. ,20210722,JC,BEGL,Benthosema glaciale
Sarmiento,2,2,Myctophidae,NA,NA,NA,32,NA,2 _ 2,SG2105,32,24,Protomyctophum arcticum,PRAR,genetic,PRAR,20230725,M,SG2105_ORG32_MOC2_NET2,0.5015,NA,NA,,NA,,NA,Y,not retained,Used for resipirometry. Missing caudal fin but vertebrae do not appear to be truncated (full standard length).,20210708,JC,PRAR,Protomyctophum arcticum
Sarmiento,2,3,Myctophidae,NA,NA,NA,22,NA,2 _ 3,SG2105,33,26,Benthosema glaciale,BEGL,genetic,PRAR,20230725,L,SG2105_ORG33_MOC2_NET3,0.096,NA,NA,,NA,,NA,Y,not retained,Used for resipirometry. ,20210708,JC,BEGL,Benthosema glaciale
Sarmiento,2,4,Myctophidae,NA,NA,NA,39,NA,2 _ 4,SG2105,34,35,Benthosema glaciale,BEGL,genetic,BEGL,20230725,L,SG2105_ORG34_MOC2_NET4,0.7034,NA,NA,,NA,,NA,Y,not retained,Used for resipirometry. ,20210711,JC,BEGL,Benthosema glaciale
Sarmiento,2,4,Myctophidae,NA,NA,NA,37,NA,2 _ 4,SG2105,35,35,Benthosema glaciale,BEGL,genetic,BEGL,20230725,L,SG2105_ORG35_MOC2_NET4,0.6342,NA,NA,,NA,,NA,Y,not retained,Used for resipirometry. ,20210711,JC,BEGL,Benthosema glaciale
Sarmiento,8,3,Sternoptychidae,NA,NA,NA,27,NA,8 _ 3,SG2105,36,102,Argyropelecus olfersii,AROL,genetic,AROL,20230725,M,SG2105_ORG36_MOC8_NET3,0.5202,NA,NA,,NA,,NA,Y,not retained,"Used for resipirometry. Caudal fin broke off but found it in packer, added for measurements. ID Notes: anterior postabdominal spine curved forward",20210712,JC,AROL,Argyropelecus olfersii
Sarmiento,8,3,Sternoptychidae,NA,NA,NA,24,NA,8 _ 3,SG2105,37,102,Argyropelecus hemigymnus,ARHE,visual,ARHE,NA,,SG2105_ORG37_MOC8_NET3,0.2996,NA,NA,,NA,,NA,Y,not retained,Used for resipirometry. Caudal fin rays broken. ID Notes: can't see postab spine in image but overall appearance like ARHE,20210712,JC,ARHE,Argyropelecus hemigymnus
Sarmiento,6,4,Gonostomatidae,NA,NA,NA,30,NA,6 _ 4,SG2105,38,79,Cyclothone braueri,CYBR,genetic,CYSP,20230725,,SG2105_ORG38_MOC6_NET4,0.16,NA,NA,,NA,,NA,Y,not retained,Used for resipirometry. ,20210712,JC,CYBR,Cyclothone braueri
Sarmiento,8,4,Myctophidae,NA,NA,NA,90,NA,8 _ 4,SG2105,41,106,Myctophum punctatum,MYPU,genetic,DISU,20230725,M,SG2105_ORG41_MOC8_NET4,12.32,NA,NA,,NA,,NA,Y,not retained,"Used for resipirometry. Very large Myctophid, used the warmth from my hands to melt ice on the surface. Caudal fin broke off, but still present and included in TL. Large amphipods in stomach, stomach burst. ",20210715,JC,MYPU,Myctophum punctatum
Sarmiento,6,4,Myctophidae,NA,NA,NA,30,NA,6 _ 4,SG2105,42,80,Benthosema glaciale,BEGL,genetic,BEGL,20230725,L,SG2105_ORG42_MOC6_NET4,0.531,NA,NA,,NA,,NA,Y,not retained,Used for resipirometry. ,20210715,JC,BEGL,Benthosema glaciale
Sarmiento,6,4,Gonostomatidae,NA,NA,NA,34,NA,6 _ 4,SG2105,43,79,Cyclothone braueri,CYBR,genetic,CYSP,20230725,,SG2105_ORG43_MOC6_NET4,0.2116,NA,NA,,NA,,NA,Y,not retained,Used for resipirometry. ,20210715,JC,CYBR,Cyclothone braueri
Sarmiento,7,2,Myctophidae,NA,NA,NA,25,NA,7 _ 2,SG2105,46,86,Benthosema glaciale,BEGL,genetic,BEGL,20230725,L,SG2105_ORG46_MOC7_NET2,0.2322,NA,NA,,NA,,NA,Y,not retained,Used for resipirometry. ,20210716,JC,BEGL,Benthosema glaciale
Sarmiento,7,2,Myctophidae,NA,NA,NA,27,NA,7 _ 2,SG2105,47,86,Benthosema glaciale,BEGL,genetic,BEGL,20230725,L,SG2105_ORG47_MOC7_NET2,0.2274,NA,NA,,NA,,NA,Y,not retained,"Used for resipirometry. Caudal fin rays damaged, no TL recorded",20210716,JC,BEGL,Benthosema glaciale
Sarmiento,5,1,Myctophidae,NA,NA,NA,23,NA,5 _ 1,SG2105,48,63,Benthosema glaciale,BEGL,genetic,MYCT,20230725,,SG2105_ORG48_MOC5_NET1,0.1322,NA,NA,,NA,,NA,Y,not retained,"Used for resipirometry. Caudal fin missing, no TL recorded",20210716,JC,BEGL,Benthosema glaciale
Sarmiento,8,1,Melamphaidae,NA,NA,NA,26,NA,8 _ 1,SG2105,49,97,Poromitra megalops,POME,genetic,MELA,20230725,,SG2105_ORG49_MOC8_NET1,0.3142,NA,NA,,NA,,NA,Y,not retained,Used for resipirometry. ,20210716,JC,POME,Poromitra megalops
Sarmiento,9,1,Myctophidae,NA,NA,NA,29,NA,9 _ 1,SG2105,50,114,Lampanyctus macdonaldi,LAMA,genetic,MYCT,20230725,,SG2105_ORG50_MOC9_NET1,0.1355,NA,NA,,NA,,NA,Y,not retained,Used for resipirometry. ID Notes: this looks more like Cyclothone to LL but can't assess well enough from image,20210716,JC,LAMA,Lampanyctus macdonaldi
Sarmiento,9,1,Myctophidae,NA,NA,NA,28,NA,9 _ 1,SG2105,51,114,Lampanyctus macdonaldi,LAMA,genetic,MYCT,20230725,,SG2105_ORG51_MOC9_NET1,0.1978,NA,NA,,NA,,NA,Y,not retained,"Used for resipirometry. Caudal fin missing. Black pointy snout. ID Notes: Looks to be cyclothone, not myctophid",20210719,JC,LAMA,Lampanyctus macdonaldi
Sarmiento,9,1,Myctophidae,NA,NA,NA,106,NA,9 _ 1,SG2105,52,114,Nannobrachium atrum,NAAT,genetic,LASP,20230725,M,SG2105_ORG52_MOC9_NET1,10.4363,NA,NA,,NA,,NA,Y,not retained,"Used for resipirometry. Fish broke in half in the freezer, but could piece together for measurement. Genetic ID as lampanyctus ater (invalid: Nannobrachium atrum)",20210719,JC,NAAT,Nannobrachium atrum
Sarmiento,5,1,Myctophidae,NA,NA,NA,24,NA,5 _ 1,SG2105,53,63,Benthosema glaciale,BEGL,genetic,MYCT,20230725,,SG2105_ORG53_MOC5_NET1,0.1704,NA,NA,,NA,,NA,Y,not retained,Used for resipirometry. Caudal fin missing . ID Notes: can't see well in image but appears to be BEGL,20210719,JC,BEGL,Benthosema glaciale
Sarmiento,8,1,Myctophidae,NA,NA,NA,32,NA,8 _ 1,SG2105,54,97,Lampanyctus macdonaldi,LAMA,genetic,LASP,20230725,,SG2105_ORG54_MOC8_NET1,0.1875,NA,NA,,NA,,NA,Y,not retained,Used for resipirometry. ID Notes: maybe nannobrachium,20210720,JC,LAMA,Lampanyctus macdonaldi
Sarmiento,4,1,Myctophidae,NA,NA,NA,145,NA,4 _ 1,SG2105,55,43,Lampanyctus sp.,LASP,genetic,LASP,20230725,M,SG2105_ORG55_MOC4_NET1,29.3514,NA,NA,,NA,,NA,Y,not retained,"Used for resipirometry. Took out early to that, very large fish. Ripe ovaries. ID NOTES: maybe Nannobrachium",20210720,JC,LASP,Lampanyctus sp.
Sarmiento,8,3,Sternoptychidae,NA,NA,NA,27,NA,8 _ 3,SG2105,56,102,Argyropelecus hemigymnus,ARHE,genetic,ARHE,20230725,M,SG2105_ORG56_MOC8_NET3,0.4611,NA,NA,,NA,,NA,Y,not retained,"Used for resipirometry. Damaged caudal fin rays, ovaries? ID NOTES: post ab spine broken but pretty confident",20210731,JC,ARHE,Argyropelecus hemigymnus
Sarmiento,8,3,Sternoptychidae,NA,NA,NA,28,NA,8 _ 3,SG2105,57,102,Argyropelecus hemigymnus,ARHE,genetic,ARHE,20230725,M,SG2105_ORG57_MOC8_NET3,0.5161,NA,NA,,NA,,NA,Y,not retained,Used for resipirometry. Ovaries? ID NOTES: maybe A. hemigymnus,20210731,JC,ARHE,Argyropelecus hemigymnus
Sarmiento,7,2,Sternoptychidae,NA,NA,NA,25,NA,7 _ 2,SG2105,58,87,Argyropelecus hemigymnus,ARHE,genetic,ARHE,20230725,M,SG2105_ORG58_MOC7_NET2,0.4281,NA,NA,,NA,,NA,Y,not retained,Used for resipirometry. Caudal fin damaged. ID NOTES: maybe A. hemigymnus,20210802,JC,ARHE,Argyropelecus hemigymnus
Sarmiento,7,2,Sternoptychidae,NA,NA,NA,23,NA,7 _ 2,SG2105,59,87,Argyropelecus hemigymnus,ARHE,genetic,ARHE,20230725,H,SG2105_ORG59_MOC7_NET2,0.267,NA,NA,,NA,,NA,Y,not retained,Used for resipirometry. ID NOTES: obvious postab spine,20210802,JC,ARHE,Argyropelecus hemigymnus
Sarmiento,7,2,Sternoptychidae,NA,NA,NA,29,NA,7 _ 2,SG2105,60,87,Argyropelecus hemigymnus,ARHE,genetic,ARHE,20230725,H,SG2105_ORG60_MOC7_NET2,0.4908,NA,NA,,NA,,NA,Y,not retained,Used for resipirometry. Caudal fin damaged. ID NOTES: obvious postab spine,20210802,JC,ARHE,Argyropelecus hemigymnus
Sarmiento,7,2,Sternoptychidae,NA,NA,NA,25,NA,7 _ 2,SG2105,61,87,Argyropelecus hemigymnus,ARHE,genetic,ARHE,20230725,M,SG2105_ORG61_MOC7_NET2,0.3046,NA,NA,,NA,,NA,Y,not retained,"Used for resipirometry. Caudal fin damaged. ID NOTES: broken spine, but pretty confident",20210802,JC,ARHE,Argyropelecus hemigymnus
Sarmiento,7,2,Sternoptychidae,NA,NA,NA,33,NA,7 _ 2,SG2105,62,87,Argyropelecus hemigymnus,ARHE,genetic,ARHE,20230725,H,SG2105_ORG62_MOC7_NET2,0.8271,NA,NA,,NA,,NA,Y,not retained,Used for resipirometry. Ovaries? ID NOTES: maybe A. hemigymnus,20210802,JC,ARHE,Argyropelecus hemigymnus
Sarmiento,7,2,Sternoptychidae,NA,NA,NA,26,NA,7 _ 2,SG2105,63,87,Argyropelecus hemigymnus,ARHE,genetic,ARHE,20230725,M,SG2105_ORG63_MOC7_NET2,0.3358,NA,NA,,NA,,NA,Y,not retained,"Used for resipirometry. Caudal fin damaged, ovaries? ID NOTES: broken spine but pretty confident",20210803,JC,ARHE,Argyropelecus hemigymnus
Sarmiento,7,2,Sternoptychidae,NA,NA,NA,29,NA,7 _ 2,SG2105,64,87,Argyropelecus hemigymnus,ARHE,genetic,ARHE,20230725,H,SG2105_ORG64_MOC7_NET2,0.5618,NA,NA,,NA,,NA,Y,not retained,Used for resipirometry. Ovaries? ID NOTES: maybe A. hemigymnus,20210803,JC,ARHE,Argyropelecus hemigymnus
Sarmiento,7,2,Sternoptychidae,NA,NA,NA,17,NA,7 _ 2,SG2105,65,87,Argyropelecus olfersii,AROL,genetic,ARSP,20230725,,SG2105_ORG65_MOC7_NET2,0.2016,NA,NA,,NA,,NA,Y,not retained,"Used for resipirometry. ID NOTES: 2 postab spines appear to be straight down, but posterior is broken; can't asess preopercular spines to distinguish between aculeatus and lychnus",20210803,JC,AROL,Argyropelecus olfersii
Sarmiento,6,2,Sternoptychidae,NA,NA,NA,28,NA,6 _ 2,SG2105,66,77,Argyropelecus hemigymnus,ARHE,genetic,ARSP,20230725,,SG2105_ORG66_MOC6_NET2,0.3986,NA,NA,,NA,,NA,Y,not retained,Used for resipirometry. Ovaries? ID NOTES: maybe A. hemigymnus but can't assess postab spines,20210803,JC,ARHE,Argyropelecus hemigymnus
Sarmiento,6,2,Sternoptychidae,NA,NA,NA,33,NA,6 _ 2,SG2105,67,77,Argyropelecus hemigymnus,ARHE,genetic,ARHE,20230725,M,SG2105_ORG67_MOC6_NET2,0.6018,NA,NA,,NA,,NA,Y,not retained,Used for resipirometry. Caudal fin damaged. Large ovaries? not much in gut.  ID NOTES: maybe A. hemigymnus,20210803,JC,ARHE,Argyropelecus hemigymnus
Sarmiento,6,2,Sternoptychidae,NA,NA,NA,27,NA,6 _ 2,SG2105,68,77,Argyropelecus hemigymnus,ARHE,genetic,ARHE,20230725,M,SG2105_ORG68_MOC6_NET2,0.3394,NA,NA,,NA,,NA,Y,not retained,Used for resipirometry. ID NOTES: maybe A. hemigymnus,20210804,JC,ARHE,Argyropelecus hemigymnus
Sarmiento,8,3,Sternoptychidae,NA,NA,NA,34,NA,8 _ 3,SG2105,69,102,Argyropelecus hemigymnus,ARHE,genetic,ARHE,20230725,H,SG2105_ORG69_MOC8_NET3,0.7329,NA,NA,,NA,,NA,Y,not retained,Used for resipirometry. Caudal fin damaged. Large ovaries? not much in gut. ID NOTES: maybe A. hemigymnus,20210804,JC,ARHE,Argyropelecus hemigymnus
Sarmiento,5,3,Sternoptychidae,NA,NA,NA,24,NA,5 _ 3,SG2105,70,66,Argyropelecus olfersii,AROL,genetic,AROL,20230725,L,SG2105_ORG70_MOC5_NET3,0.3576,NA,NA,,NA,,NA,Y,not retained,"Used for resipirometry. Fish was quite squished/folded from flash freezing. Was able to flatten it out. ID NOTES: Maybe A. aculeatus. Anterior postab spine slightly curved forward, so might be either",20210804,JC,AROL,Argyropelecus olfersii
Sarmiento,9,3,Sternoptychidae,NA,NA,NA,42,NA,9 _ 3,SG2105,71,117,Argyropelecus olfersii,AROL,genetic,AROL,20230725,L,SG2105_ORG71_MOC9_NET3,2.1565,NA,NA,,NA,,NA,Y,not retained,"Used for resipirometry. Caudal fin damaged, ovaries?",20210804,JC,AROL,Argyropelecus olfersii
Sarmiento,9,3,Sternoptychidae,NA,NA,NA,26,NA,9 _ 3,SG2105,72,117,Argyropelecus olfersii,AROL,genetic,ARAC,20230725,L,SG2105_ORG72_MOC9_NET3,0.48,NA,NA,,NA,,NA,Y,not retained,Used for resipirometry. Fish ripped open from flash freezing I assume. ID Notes: likely aculeatus but not sure if postab spines broken,20210804,JC,AROL,Argyropelecus olfersii
Sarmiento,9,3,Sternoptychidae,NA,NA,NA,22,NA,9 _ 3,SG2105,73,117,Argyropelecus olfersii,AROL,genetic,ARSP,20230725,,SG2105_ORG73_MOC9_NET3,0.3995,NA,NA,,NA,,NA,Y,not retained,"Used for resipirometry. Caudal fin missing, body cavity ripped open from flash freezing, very full stomach",20210805,JC,AROL,Argyropelecus olfersii
Sarmiento,5,1,Gonostomatidae,NA,NA,NA,30,NA,5 _ 1,SG2105,74,62,Cyclothone braueri,CYBR,genetic,CYSP,20230725,,SG2105_ORG74_MOC5_NET1,0.1396,NA,NA,,NA,,NA,Y,not retained,"Used for resipirometry. Broken in half, caudal fin missing",20210805,JC,CYBR,Cyclothone braueri
Sarmiento,5,1,Gonostomatidae,NA,NA,NA,29,NA,5 _ 1,SG2105,75,62,Cyclothone braueri,CYBR,genetic,CYSP,20230725,,SG2105_ORG75_MOC5_NET1,0.1459,NA,NA,,NA,,NA,Y,not retained,"Used for resipirometry. Caudal fin missing, had something that looked like large gonads, but could not tell",20210805,JC,CYBR,Cyclothone braueri
Sarmiento,5,1,Gonostomatidae,NA,NA,NA,35,NA,5 _ 1,SG2105,76,62,Cyclothone sp.,CYSP,visual,CYSP,NA,,SG2105_ORG76_MOC5_NET1,0.1816,NA,NA,,NA,,NA,Y,not retained,Used for resipirometry. ,20210805,JC,CYSP,Cyclothone sp.
Sarmiento,5,1,Gonostomatidae,NA,NA,NA,19,NA,5 _ 1,SG2105,77,62,Cyclothone braueri,CYBR,genetic,CYSP,20230725,,SG2105_ORG77_MOC5_NET1,0.0526,NA,NA,,NA,,NA,Y,not retained,Used for resipirometry. Caudal fin missing,20210805,JC,CYBR,Cyclothone braueri
Sarmiento,5,1,Gonostomatidae,NA,NA,NA,45,NA,5 _ 1,SG2105,78,62,Gonostomatidae,GONO,visual,GONO,NA,,,0.9504,NA,NA,,NA,,NA,Y,not retained,"Used for resipirometry. Caudal fin damaged. Fish was frozen folded in half, and ripped when thawed. No picture",20210806,JC,GONO,Gonostomatidae
Sarmiento,5,1,Gonostomatidae,NA,NA,NA,29,NA,5 _ 1,SG2105,79,62,Cyclothone braueri,CYBR,genetic,CYSP,20230725,,SG2105_ORG79_MOC5_NET1,0.1458,NA,NA,,NA,,NA,Y,not retained,Used for resipirometry. ID Notes: maybe C. microdon,20210806,JC,CYBR,Cyclothone braueri
Sarmiento,5,1,Gonostomatidae,NA,NA,NA,36,NA,5 _ 1,SG2105,80,62,Cyclothone braueri,CYSP,genetic,CYSP,20230725,,SG2105_ORG80_MOC5_NET1,0.1762,NA,NA,,NA,,NA,Y,not retained,Used for resipirometry. Caudal fin damaged,20210806,JC,CYSP,Cyclothone braueri
Sarmiento,5,1,Gonostomatidae,NA,NA,NA,32,NA,5 _ 1,SG2105,81,62,Cyclothone sp.,CYSP,visual,CYSP,NA,,SG2105_ORG81_MOC5_NET1,0.1279,NA,NA,,NA,,NA,Y,not retained,Used for resipirometry. Caudal fin damaged,20210806,JC,CYSP,Cyclothone sp.
Sarmiento,5,1,Gonostomatidae,NA,NA,NA,32,NA,5 _ 1,SG2105,82,62,Cyclothone sp.,CYSP,visual,CYSP,NA,,SG2105_ORG82_MOC5_NET1,0.1538,NA,NA,,NA,,NA,Y,not retained,Used for resipirometry. Caudal fin damaged,20210806,JC,CYSP,Cyclothone sp.
Sarmiento,4,4,Gonostomatidae,NA,NA,NA,30,NA,4 _ 4,SG2105,83,52,Cyclothone braueri,CYSP,genetic,CYSP,20230725,,SG2105_ORG83_MOC4_NET4,0.152,NA,NA,,NA,,NA,Y,not retained,"Used for resipirometry. Caudal fin broken off, but present and able to piece together for measurement. ID NOTES: maybe C. microdon",20210808,JC,CYSP,Cyclothone braueri
Sarmiento,4,4,Gonostomatidae,NA,NA,NA,45,NA,4 _ 4,SG2105,84,52,Cyclothone pallida,CYPA,genetic,CYSP,20230725,,SG2105_ORG84_MOC4_NET4,0.4034,NA,NA,,NA,,NA,Y,not retained,Used for resipirometry. Black one. ID NOTES: maybe C. microdon,20210808,JC,CYPA,Cyclothone pallida
Sarmiento,9,1,Gonostomatidae,NA,NA,NA,34,NA,9 _ 1,SG2105,85,115,Cyclothone sp.,CYSP,visual,CYSP,NA,,SG2105_ORG85_MOC9_NET1,0.2003,NA,NA,,NA,,NA,Y,not retained,Used for resipirometry. Used for resipirometry. Caudal fin damaged,20210808,JC,CYSP,Cyclothone sp.
Sarmiento,9,1,Gonostomatidae,NA,NA,NA,35,NA,9 _ 1,SG2105,86,115,Cyclothone microdon,CYMI,genetic,CYSP,20230725,,SG2105_ORG86_MOC9_NET1,0.2095,NA,NA,,NA,,NA,Y,not retained,Used for resipirometry. ,20210808,JC,CYMI,Cyclothone microdon
Sarmiento,9,1,Gonostomatidae,NA,NA,NA,59,NA,9 _ 1,SG2105,87,115,Cyclothone sp.,CYSP,visual,CYSP,NA,,SG2105_ORG87_MOC9_NET1,0.9818,NA,NA,,NA,,NA,Y,not retained,"Used for resipirometry. Caudal fin damaged, black one",20210808,JC,CYSP,Cyclothone sp.
Sarmiento,8,1,Gonostomatidae,NA,NA,NA,180,NA,8 _ 1,SG2105,88,99,Sigmops elongatus,SIEL,genetic,SIEL,20230725,,SG2105_ORG88_MOC8_NET1,25.405,NA,NA,,NA,,NA,Y,not retained,"Used for resipirometry. Caudal fin damaged, huge bristlemouth.",20210809,JC,SIEL,Sigmops elongatus
Sarmiento,7,1,Gonostomatidae,NA,NA,NA,62,NA,7 _ 1,SG2105,89,84,Cyclothone sp.,CYSP,visual,CYSP,NA,,SG2105_ORG89_MOC7_NET1,1.2205,NA,NA,,NA,,NA,Y,not retained,"Used for resipirometry. Caudal fin damaged, black bristlemouth. ID Notes: maybe C. microdon",20210809,JC,CYSP,Cyclothone sp.
Sarmiento,5,1,Gonostomatidae,NA,NA,NA,52,NA,5 _ 1,SG2105,90,70,Cyclothone sp.,CYSP,visual,CYSP,NA,,SG2105_ORG90_MOC5_NET1,0.6095,NA,NA,,NA,,NA,Y,not retained,"Used for resipirometry. Caudal fin damaged, black bristlemouth. ID Notes: maybe C. microdon",20210809,JC,CYSP,Cyclothone sp.
Sarmiento,9,1,Gonostomatidae,NA,NA,NA,32,NA,9 _ 1,SG2105,91,115,Cyclothone braueri,CYSP,genetic,CYSP,20230725,,SG2105_ORG91_MOC9_NET1,0.182,NA,NA,,NA,,NA,Y,not retained,"Used for resipirometry. Caudal fin damaged, Cyclothone",20210809,JC,CYSP,Cyclothone braueri
Sarmiento,1,1,Myctophidae,NA,NA,NA,23,NA,1 _ 1,SG2105,105,1,Benthosema glaciale,BEGL,visual,BEGL,NA,H,SG2105_ORG105_MOC1_NET1,0.1452,NA,NA,,NA,,NA,,neg80,All fish in packet 1 broken (in freezing) and thawed to separate. Original fish_no=1,20210820,LSL,BEGL,Benthosema glaciale
Sarmiento,1,1,Myctophidae,NA,NA,NA,25,NA,1 _ 1,SG2105,106,1,Benthosema glaciale,BEGL,visual,BEGL,NA,H,SG2105_ORG106_MOC1_NET1,0.1597,NA,NA,,NA,,NA,,neg80,Thawed to separate. Original fish_no=2,20210820,LSL,BEGL,Benthosema glaciale
Sarmiento,1,1,Myctophidae,NA,NA,NA,25,NA,1 _ 1,SG2105,107,1,Benthosema glaciale,BEGL,visual,BEGL,NA,M,SG2105_ORG107-110_MOC1_NET1,0.1757,NA,NA,,NA,,NA,,neg80,All fish in packet 1 broken (in freezing) and thawed to separate; pretty confident body parts matched correctly. Standard length and weight are estimates. Fish 107-110 in foil together (labeled 3-6). Original fish_no=3,20210820,LSL,BEGL,Benthosema glaciale
Sarmiento,1,1,Myctophidae,NA,NA,NA,26,NA,1 _ 1,SG2105,108,1,Benthosema glaciale,BEGL,visual,BEGL,NA,M,SG2105_ORG107-110_MOC1_NET1,0.1866,NA,NA,,NA,,NA,,neg80,All fish in packet 1 broken (in freezing) and thawed to separate; pretty confident body parts matched correctly. Standard length and weight are estimates. Fish 107-110 in foil together (labeled 3-6). Original fish_no=4,20210820,LSL,BEGL,Benthosema glaciale
Sarmiento,1,1,Myctophidae,NA,NA,NA,25,NA,1 _ 1,SG2105,109,1,Benthosema glaciale,BEGL,visual,BEGL,NA,M,SG2105_ORG107-110_MOC1_NET1,0.1722,NA,NA,,NA,,NA,,neg80,All fish in packet 1 broken (in freezing) and thawed to separate; pretty confident body parts matched correctly. Standard length and weight are estimates. Fish 107-110 in foil together (labeled 3-6). Original fish_no=5,20210820,LSL,BEGL,Benthosema glaciale
Sarmiento,1,1,Myctophidae,NA,NA,NA,25,NA,1 _ 1,SG2105,110,1,Benthosema glaciale,BEGL,visual,BEGL,NA,M,SG2105_ORG107-110_MOC1_NET1,0.1756,NA,NA,,NA,,NA,,neg80,All fish in packet 1 broken (in freezing) and thawed to separate; pretty confident body parts matched correctly. Standard length and weight are estimates. Fish 107-110 in foil together (labeled 3-6). Original fish_no=6,20210820,LSL,BEGL,Benthosema glaciale
Sarmiento,1,1,Myctophidae,NA,NA,NA,22,NA,1 _ 1,SG2105,111,1,Myctophum punctatum,MYPU,visual,MYPU,NA,H,SG2105_ORG111_MOC1_NET1,0.0856,NA,NA,,NA,,NA,,neg80,Original fish_no=7,20210820,LSL,MYPU,Myctophum punctatum
Sarmiento,1,3,Myctophidae,NA,NA,NA,25,NA,1 _ 3,SG2105,114,6,Benthosema glaciale,BEGL,visual,BEGL,NA,M,SG2105_ORG114_MOC1_NET3,0.1768,NA,NA,,NA,,NA,,neg80,Original fish_no=10,20210820,LSL,BEGL,Benthosema glaciale
Sarmiento,1,3,Sternoptychidae,NA,NA,NA,26,NA,1 _ 3,SG2105,123,5,Argyropelecus hemigymnus,ARHE,visual,ARHE,NA,H,SG2105_ORG123_MOC1_NET3,0.3361,NA,NA,,NA,,NA,,neg80,Original fish_no=19,20210820,LSL,ARHE,Argyropelecus hemigymnus
Sarmiento,1,3,Sternoptychidae,NA,NA,NA,24,NA,1 _ 3,SG2105,124,5,Argyropelecus hemigymnus,ARHE,visual,ARHE,NA,H,SG2105_ORG124-126_MOC1_NET3,0.3102,NA,NA,,NA,,NA,,neg80,Fish 124-130 in foil together (labeled 20-26). Original fish_no=20,20210820,LSL,ARHE,Argyropelecus hemigymnus
Sarmiento,1,3,Sternoptychidae,NA,NA,NA,18,NA,1 _ 3,SG2105,125,5,Argyropelecus hemigymnus,ARHE,visual,ARHE,NA,H,SG2105_ORG124-126_MOC1_NET3,0.2443,NA,NA,,NA,,NA,,neg80,Fish 124-130 in foil together (labeled 20-26). Original fish_no=21,20210820,LSL,ARHE,Argyropelecus hemigymnus
Sarmiento,1,3,Sternoptychidae,NA,NA,NA,21,NA,1 _ 3,SG2105,126,5,Argyropelecus hemigymnus,ARHE,visual,ARHE,NA,H,SG2105_ORG124-126_MOC1_NET3,0.1856,NA,NA,,NA,,NA,,neg80,Fish 124-130 in foil together (labeled 20-26). Original fish_no=22,20210820,LSL,ARHE,Argyropelecus hemigymnus
Sarmiento,1,3,Sternoptychidae,NA,NA,NA,19,NA,1 _ 3,SG2105,127,5,Argyropelecus hemigymnus,ARHE,visual,ARHE,NA,H,SG2105_ORG127-130_MOC1_NET3,0.1402,NA,NA,,NA,,NA,,neg80,Fish 124-130 in foil together (labeled 20-26). Original fish_no=23,20210820,LSL,ARHE,Argyropelecus hemigymnus
Sarmiento,1,3,Sternoptychidae,NA,NA,NA,18,NA,1 _ 3,SG2105,128,5,Argyropelecus hemigymnus,ARHE,visual,ARHE,NA,H,SG2105_ORG127-130_MOC1_NET3,0.1366,NA,NA,,NA,,NA,,neg80,Fish 124-130 in foil together (labeled 20-26). Original fish_no=24,20210820,LSL,ARHE,Argyropelecus hemigymnus
Sarmiento,1,3,Sternoptychidae,NA,NA,NA,16,NA,1 _ 3,SG2105,129,5,Argyropelecus hemigymnus,ARHE,visual,ARHE,NA,H,SG2105_ORG127-130_MOC1_NET3,0.0999,NA,NA,,NA,,NA,,neg80,Fish 124-130 in foil together (labeled 20-26). Original fish_no=25,20210820,LSL,ARHE,Argyropelecus hemigymnus
Sarmiento,1,3,Sternoptychidae,NA,NA,NA,14,NA,1 _ 3,SG2105,130,5,Argyropelecus hemigymnus,ARHE,visual,ARHE,NA,H,SG2105_ORG127-130_MOC1_NET3,0.0822,NA,NA,,NA,,NA,,neg80,Fish 124-130 in foil together (labeled 20-26). Original fish_no=26,20210820,LSL,ARHE,Argyropelecus hemigymnus
Sarmiento,1,1,Alepocephalidae,NA,NA,NA,41,NA,1 _ 1,SG2105,131,3,Xenodermichthys copei,XECO,visual,XECO,NA,M,SG2105_ORG131_MOC1_NET1,0.5858,NA,NA,,NA,,NA,,neg80,Thawed during ID. Original fish_no=27,20210820,LSL,XECO,Xenodermichthys copei
Sarmiento,1,1,Gonostomatidae,NA,NA,NA,31,NA,1 _ 1,SG2105,133,2,Cyclothone sp.,CYSP,visual,CYSP,NA,M,SG2105_ORG133-137_MOC1_NET1,0.1818,NA,NA,,NA,,NA,,neg80,133-137 same species (sp. b); All fish in packet 2 in bad shape. Original fish_no=29,20210820,LSL,CYSP,Cyclothone sp.
Sarmiento,1,1,Gonostomatidae,NA,NA,NA,31,NA,1 _ 1,SG2105,134,2,Cyclothone sp.,CYSP,visual,CYSP,NA,M,SG2105_ORG133-137_MOC1_NET1,0.1495,NA,NA,,NA,,NA,,neg80,133-137 same species (sp. b); frozen in foil fogether (labeled 30-32); All fish in packet 2 in bad shape. Original fish_no=30,20210820,LSL,CYSP,Cyclothone sp.
Sarmiento,1,1,Gonostomatidae,NA,NA,NA,34,NA,1 _ 1,SG2105,135,2,Cyclothone sp.,CYSP,visual,CYSP,NA,M,SG2105_ORG133-137_MOC1_NET1,0.1688,NA,NA,,NA,,NA,,neg80,133-137 same species (sp. b); frozen in foil fogether (labeled 30-32); All fish in packet 2 in bad shape. Original fish_no=31,20210820,LSL,CYSP,Cyclothone sp.
Sarmiento,1,1,Gonostomatidae,NA,NA,NA,34,NA,1 _ 1,SG2105,136,2,Cyclothone sp.,CYSP,visual,CYSP,NA,M,SG2105_ORG133-137_MOC1_NET1,0.1835,NA,NA,,NA,,NA,,neg80,133-137 same species (sp. b); frozen in foil fogether (labeled 30-32); All fish in packet 2 in bad shape. Original fish_no=32,20210820,LSL,CYSP,Cyclothone sp.
Sarmiento,1,1,Gonostomatidae,NA,NA,NA,35,NA,1 _ 1,SG2105,137,2,Cyclothone sp.,CYSP,visual,CYSP,NA,H,SG2105_ORG133-137_MOC1_NET1,0.1445,NA,NA,,NA,,NA,,neg80,133-137 same species (sp. b); frozen in foil fogether (labeled 30-32); All fish in packet 2 in bad shape. Original fish_no=33,20210820,LSL,CYSP,Cyclothone sp.
Sarmiento,1,1,Gonostomatidae,NA,NA,NA,40,NA,1 _ 1,SG2105,138,2,Cyclothone sp.,CYSP,visual,CYSP,NA,H,SG2105_ORG138-140_MOC1_NET1,0.2881,NA,NA,,NA,,NA,,neg80,"Fish 138-140 same species (sp. A, microcon?). Body intact. Original fish_no=34",20210820,LSL,CYSP,Cyclothone sp.
Sarmiento,1,1,Gonostomatidae,NA,NA,NA,33,NA,1 _ 1,SG2105,139,2,Cyclothone sp.,CYSP,visual,CYSP,NA,M,SG2105_ORG138-140_MOC1_NET1,0.1846,NA,NA,,NA,,NA,,neg80,"Fish 138-140 same species (sp. A, microcon?). Body intact. Original fish_no=35",20210820,LSL,CYSP,Cyclothone sp.
Sarmiento,1,1,Gonostomatidae,NA,NA,NA,53,NA,1 _ 1,SG2105,140,2,Cyclothone sp.,CYSP,visual,CYSP,NA,M,SG2105_ORG138-140_MOC1_NET1,0.8086,NA,NA,,NA,,NA,,neg80,"Fish 138-140 same species (sp. A, microcon?). Body intact. Original fish_no=36",20210820,LSL,CYSP,Cyclothone sp.
Sarmiento,1,1,Myctophidae,NA,NA,NA,28,NA,1 _ 1,SG2105,141,2,Nannobrachium sp.,NASP,visual,NASP,NA,M,SG2105_ORG141_MOC1_NET1,0.1375,NA,NA,,NA,,NA,,neg80,"ID Notes: narrow caudal peduncle compared to most NASP I'm used to seeing. Pectoral fin broken though, so could be Lampanyctus. Original fish_no=37",20210820,LSL,NASP,Nannobrachium sp.
Sarmiento,2,3,Sternoptychidae,NA,NA,NA,24.68,NA,2 _ 3,SG2105,156,25,Argyropelecus sp.,ARSP,visual,ARSP,NA,H,SG2105_ORG156-160_MOC2_NET3,0.4401,NA,NA,,NA,,NA,,neg80,"ID Notes: Fish 155-160 are the same species of Argyropelecus; not hemigymnus based on 2 postabdominal spines of equal length; DF V,8; closest key in suggon was olfersii but very different body shape. Fish 155-160 frozen in foil together (labled 52-56). Original fish_no=52",20210827,LSL,ARSP,Argyropelecus sp.
Sarmiento,2,3,Sternoptychidae,NA,NA,NA,16.45,NA,2 _ 3,SG2105,157,25,Argyropelecus sp.,ARSP,visual,ARSP,NA,H,SG2105_ORG156-160_MOC2_NET3,0.1367,NA,NA,,NA,,NA,,neg80,"ID Notes: Fish 155-160 are the same species of Argyropelecus; not hemigymnus based on 2 postabdominal spines of equal length; DF V,8; closest key in suggon was olfersii but very different body shape. Fish 155-160 frozen in foil together (labled 52-56). Original fish_no=53",20210827,LSL,ARSP,Argyropelecus sp.
Sarmiento,2,3,Sternoptychidae,NA,NA,NA,15.78,NA,2 _ 3,SG2105,158,25,Argyropelecus sp.,ARSP,visual,ARSP,NA,H,SG2105_ORG156-160_MOC2_NET3,0.1329,NA,NA,,NA,,NA,,neg80,"ID Notes: Fish 155-160 are the same species of Argyropelecus; not hemigymnus based on 2 postabdominal spines of equal length; DF V,8; closest key in suggon was olfersii but very different body shape. Fish 155-160 frozen in foil together (labled 52-56). Original fish_no=54",20210827,LSL,ARSP,Argyropelecus sp.
Sarmiento,2,3,Sternoptychidae,NA,NA,NA,14.31,NA,2 _ 3,SG2105,159,25,Argyropelecus sp.,ARSP,visual,ARSP,NA,H,SG2105_ORG156-160_MOC2_NET3,0.0841,NA,NA,,NA,,NA,,neg80,"ID Notes: Fish 155-160 are the same species of Argyropelecus; not hemigymnus based on 2 postabdominal spines of equal length; DF V,8; closest key in suggon was olfersii but very different body shape. Fish 155-160 frozen in foil together (labled 52-56). Original fish_no=55",20210827,LSL,ARSP,Argyropelecus sp.
Sarmiento,2,3,Sternoptychidae,NA,NA,NA,15.07,NA,2 _ 3,SG2105,160,25,Argyropelecus sp.,ARSP,visual,ARSP,NA,H,SG2105_ORG156-160_MOC2_NET3,0.0927,NA,NA,,NA,,NA,,neg80,"ID Notes: Fish 155-160 are the same species of Argyropelecus; not hemigymnus based on 2 postabdominal spines of equal length; DF V,8; closest key in suggon was olfersii but very different body shape. Fish 155-160 frozen in foil together (labled 52-56). Original fish_no=56",20210827,LSL,ARSP,Argyropelecus sp.
Sarmiento,2,3,Sternoptychidae,NA,NA,NA,27.74,NA,2 _ 3,SG2105,161,25,Argyropelecus hemigymnus,ARHE,visual,ARHE,NA,M,SG2105_ORG161-165_MOC2_NET3,0.4253,NA,NA,,NA,,NA,,neg80,"ID Notes: Fish 161-172 are the same species of Argyropelecus, tentatively hemigymnus although it looks different than other ARHE (bars more diffuse-like crayon, not marker- and body darker), but affter seeing 173-185 will call these ARHE.  Fish 161-166 frozen in foil together (labled 57-62). Original fish_no=57",20210827,LSL,ARHE,Argyropelecus hemigymnus
Sarmiento,2,3,Sternoptychidae,NA,NA,NA,20.93,NA,2 _ 3,SG2105,162,25,Argyropelecus hemigymnus,ARHE,visual,ARHE,NA,M,SG2105_ORG161-165_MOC2_NET3,0.2056,NA,NA,,NA,,NA,,neg80,"ID Notes: Fish 161-172 are the same species of Argyropelecus, tentatively hemigymnus although it looks different than other ARHE (bars more diffuse-like crayon, not marker- and body darker), but affter seeing 173-185 will call these ARHE.  Fish 161-166 frozen in foil together (labled 57-62). Original fish_no=58",20210827,LSL,ARHE,Argyropelecus hemigymnus
Sarmiento,2,3,Sternoptychidae,NA,NA,NA,27.84,NA,2 _ 3,SG2105,163,25,Argyropelecus hemigymnus,ARHE,visual,ARHE,NA,M,SG2105_ORG161-165_MOC2_NET3,0.4568,NA,NA,,NA,,NA,,neg80,"ID Notes: Fish 161-172 are the same species of Argyropelecus, tentatively hemigymnus although it looks different than other ARHE (bars more diffuse-like crayon, not marker- and body darker), but affter seeing 173-185 will call these ARHE.  Fish 161-166 frozen in foil together (labled 57-62). Original fish_no=59",20210827,LSL,ARHE,Argyropelecus hemigymnus
Sarmiento,2,3,Sternoptychidae,NA,NA,NA,22.88,NA,2 _ 3,SG2105,164,25,Argyropelecus hemigymnus,ARHE,visual,ARHE,NA,M,SG2105_ORG161-165_MOC2_NET3,0.2577,NA,NA,,NA,,NA,,neg80,"ID Notes: Fish 161-172 are the same species of Argyropelecus, tentatively hemigymnus although it looks different than other ARHE (bars more diffuse-like crayon, not marker- and body darker), but affter seeing 173-185 will call these ARHE.  Fish 161-166 frozen in foil together (labled 57-62). Original fish_no=60",20210827,LSL,ARHE,Argyropelecus hemigymnus
Sarmiento,2,3,Sternoptychidae,NA,NA,NA,18.16,NA,2 _ 3,SG2105,165,25,Argyropelecus hemigymnus,ARHE,visual,ARHE,NA,M,SG2105_ORG161-165_MOC2_NET3,0.1391,NA,NA,,NA,,NA,,neg80,"ID Notes: Fish 161-172 are the same species of Argyropelecus, tentatively hemigymnus although it looks different than other ARHE (bars more diffuse-like crayon, not marker- and body darker), but affter seeing 173-185 will call these ARHE.  Fish 161-166 frozen in foil together (labled 57-62). Original fish_no=61",20210827,LSL,ARHE,Argyropelecus hemigymnus
Sarmiento,2,3,Sternoptychidae,NA,NA,NA,20.44,NA,2 _ 3,SG2105,166,25,Argyropelecus hemigymnus,ARHE,visual,ARHE,NA,M,SG2105_ORG166-170_MOC2_NET3,0.1594,NA,NA,,NA,,NA,,neg80,"ID Notes: Fish 161-172 are the same species of Argyropelecus, tentatively hemigymnus although it looks different than other ARHE (bars more diffuse-like crayon, not marker- and body darker), but affter seeing 173-185 will call these ARHE.  Fish 161-166 frozen in foil together (labled 57-62). Original fish_no=62",20210827,LSL,ARHE,Argyropelecus hemigymnus
Sarmiento,2,3,Sternoptychidae,NA,NA,NA,20.52,NA,2 _ 3,SG2105,167,25,Argyropelecus hemigymnus,ARHE,visual,ARHE,NA,M,SG2105_ORG166-170_MOC2_NET3,0.2164,NA,NA,,NA,,NA,,neg80,"ID Notes: Fish 161-172 are the same species of Argyropelecus, tentatively hemigymnus although it looks different than other ARHE (bars more diffuse-like crayon, not marker- and body darker), but affter seeing 173-185 will call these ARHE.  Fish 161-166 frozen in foil together (labled 57-62). Original fish_no=63",20210827,LSL,ARHE,Argyropelecus hemigymnus
Sarmiento,2,3,Sternoptychidae,NA,NA,NA,17.61,NA,2 _ 3,SG2105,168,25,Argyropelecus hemigymnus,ARHE,visual,ARHE,NA,M,SG2105_ORG166-170_MOC2_NET3,0.1179,NA,NA,,NA,,NA,,neg80,"ID Notes: Fish 161-172 are the same species of Argyropelecus, tentatively hemigymnus although it looks different than other ARHE (bars more diffuse-like crayon, not marker- and body darker), but affter seeing 173-185 will call these ARHE.  Fish 167-172 frozen in foil together (labled 63-68). Original fish_no=64",20210827,LSL,ARHE,Argyropelecus hemigymnus
Sarmiento,2,3,Sternoptychidae,NA,NA,NA,23.93,NA,2 _ 3,SG2105,169,25,Argyropelecus hemigymnus,ARHE,visual,ARHE,NA,M,SG2105_ORG166-170_MOC2_NET3,0.3145,NA,NA,,NA,,NA,,neg80,"ID Notes: Fish 161-172 are the same species of Argyropelecus, tentatively hemigymnus although it looks different than other ARHE (bars more diffuse-like crayon, not marker- and body darker), but affter seeing 173-185 will call these ARHE.  Fish 167-172 frozen in foil together (labled 63-68). Original fish_no=65",20210827,LSL,ARHE,Argyropelecus hemigymnus
Sarmiento,2,3,Sternoptychidae,NA,NA,NA,16.11,NA,2 _ 3,SG2105,170,25,Argyropelecus hemigymnus,ARHE,visual,ARHE,NA,M,SG2105_ORG166-170_MOC2_NET3,0.0971,NA,NA,,NA,,NA,,neg80,"ID Notes: Fish 161-172 are the same species of Argyropelecus, tentatively hemigymnus although it looks different than other ARHE (bars more diffuse-like crayon, not marker- and body darker), but affter seeing 173-185 will call these ARHE.  Fish 167-172 frozen in foil together (labled 63-68). Original fish_no=66",20210827,LSL,ARHE,Argyropelecus hemigymnus
Sarmiento,2,3,Sternoptychidae,NA,NA,NA,22.33,NA,2 _ 3,SG2105,171,25,Argyropelecus hemigymnus,ARHE,visual,ARHE,NA,M,SG2105_ORG171-172_MOC2_NET3,0.2275,NA,NA,,NA,,NA,,neg80,"ID Notes: Fish 161-172 are the same species of Argyropelecus, tentatively hemigymnus although it looks different than other ARHE (bars more diffuse-like crayon, not marker- and body darker), but affter seeing 173-185 will call these ARHE.  Fish 167-172 frozen in foil together (labled 63-68). body broken. Original fish_no=67",20210827,LSL,ARHE,Argyropelecus hemigymnus
Sarmiento,2,3,Sternoptychidae,NA,NA,NA,23.23,NA,2 _ 3,SG2105,172,25,Argyropelecus hemigymnus,ARHE,visual,ARHE,NA,M,SG2105_ORG171-172_MOC2_NET3,0.268,NA,NA,,NA,,NA,,neg80,"ID Notes: Fish 161-172 are the same species of Argyropelecus, tentatively hemigymnus although it looks different than other ARHE (bars more diffuse-like crayon, not marker- and body darker), but affter seeing 173-185 will call these ARHE.  Fish 167-172 frozen in foil together (labled 63-68). body broken. Original fish_no=68",20210827,LSL,ARHE,Argyropelecus hemigymnus
Sarmiento,2,2,Sternoptychidae,NA,NA,NA,29.59,NA,2 _ 2,SG2105,173,23,Argyropelecus hemigymnus,ARHE,visual,ARHE,NA,H,SG2105_ORG173-178_MOC2_NET2,0.4908,NA,NA,,NA,,NA,,neg80,"ID Notes: Fish 173-184 are the same species; single hook ondorsal spine visible but broken in many fish; DF V,7. Fish 173-178 in foil together (labeled 69-74). Original fish_no=69",20210901,LSL,ARHE,Argyropelecus hemigymnus
Sarmiento,2,2,Sternoptychidae,NA,NA,NA,23,NA,2 _ 2,SG2105,174,23,Argyropelecus hemigymnus,ARHE,visual,ARHE,NA,H,SG2105_ORG173-178_MOC2_NET2,0.243,NA,NA,,NA,,NA,,neg80,"ID Notes: Fish 173-184 are the same species; single hook ondorsal spine visible but broken in many fish; DF V,7. Fish 173-178 in foil together (labeled 69-74). Original fish_no=70",20210901,LSL,ARHE,Argyropelecus hemigymnus
Sarmiento,2,2,Sternoptychidae,NA,NA,NA,20.18,NA,2 _ 2,SG2105,175,23,Argyropelecus hemigymnus,ARHE,visual,ARHE,NA,H,SG2105_ORG173-178_MOC2_NET2,0.1783,NA,NA,,NA,,NA,,neg80,"ID Notes: Fish 173-184 are the same species; single hook ondorsal spine visible but broken in many fish; DF V,7. Fish 173-178 in foil together (labeled 69-74). DF spine present. Original fish_no=71",20210901,LSL,ARHE,Argyropelecus hemigymnus
Sarmiento,2,2,Sternoptychidae,NA,NA,NA,20.04,NA,2 _ 2,SG2105,176,23,Argyropelecus hemigymnus,ARHE,visual,ARHE,NA,H,SG2105_ORG173-178_MOC2_NET2,0.179,NA,NA,,NA,,NA,,neg80,"ID Notes: Fish 173-184 are the same species; single hook ondorsal spine visible but broken in many fish; DF V,7. Fish 173-178 in foil together (labeled 69-74). DF spine present. Original fish_no=72",20210901,LSL,ARHE,Argyropelecus hemigymnus
Sarmiento,2,2,Sternoptychidae,NA,NA,NA,27.48,NA,2 _ 2,SG2105,177,23,Argyropelecus hemigymnus,ARHE,visual,ARHE,NA,H,SG2105_ORG173-178_MOC2_NET2,0.4585,NA,NA,,NA,,NA,,neg80,"ID Notes: Fish 173-184 are the same species; single hook ondorsal spine visible but broken in many fish; DF V,7. Fish 173-178 in foil together (labeled 69-74). Original fish_no=73",20210901,LSL,ARHE,Argyropelecus hemigymnus
Sarmiento,2,2,Sternoptychidae,NA,NA,NA,17.08,NA,2 _ 2,SG2105,178,23,Argyropelecus hemigymnus,ARHE,visual,ARHE,NA,H,SG2105_ORG173-178_MOC2_NET2,0.1077,NA,NA,,NA,,NA,,neg80,"ID Notes: Fish 173-184 are the same species; single hook ondorsal spine visible but broken in many fish; DF V,7. Fish 173-178 in foil together (labeled 69-74). Original fish_no=74",20210901,LSL,ARHE,Argyropelecus hemigymnus
Sarmiento,2,2,Sternoptychidae,NA,NA,NA,23.97,NA,2 _ 2,SG2105,179,23,Argyropelecus hemigymnus,ARHE,visual,ARHE,NA,H,SG2105_ORG179-184_MOC2_NET2,0.3163,NA,NA,,NA,,NA,,neg80,"ID Notes: Fish 173-184 are the same species; single hook ondorsal spine visible but broken in many fish; DF V,7. Fish 179-184 in foil together (labeled 75-80). Original fish_no=75",20210901,LSL,ARHE,Argyropelecus hemigymnus
Sarmiento,2,2,Sternoptychidae,NA,NA,NA,15.78,NA,2 _ 2,SG2105,180,23,Argyropelecus hemigymnus,ARHE,visual,ARHE,NA,H,SG2105_ORG179-184_MOC2_NET2,0.0968,NA,NA,,NA,,NA,,neg80,"ID Notes: Fish 173-184 are the same species; single hook ondorsal spine visible but broken in many fish; DF V,7. Fish 179-184 in foil together (labeled 75-80). Original fish_no=76",20210901,LSL,ARHE,Argyropelecus hemigymnus
Sarmiento,2,2,Sternoptychidae,NA,NA,NA,23.26,NA,2 _ 2,SG2105,181,23,Argyropelecus hemigymnus,ARHE,visual,ARHE,NA,H,SG2105_ORG179-184_MOC2_NET2,0.2905,NA,NA,,NA,,NA,,neg80,"ID Notes: Fish 173-184 are the same species; single hook ondorsal spine visible but broken in many fish; DF V,7. Fish 179-184 in foil together (labeled 75-80). Original fish_no=77",20210901,LSL,ARHE,Argyropelecus hemigymnus
Sarmiento,2,2,Sternoptychidae,NA,NA,NA,23.69,NA,2 _ 2,SG2105,182,23,Argyropelecus hemigymnus,ARHE,visual,ARHE,NA,H,SG2105_ORG179-184_MOC2_NET2,0.2733,NA,NA,,NA,,NA,,neg80,"ID Notes: Fish 173-184 are the same species; single hook ondorsal spine visible but broken in many fish; DF V,7. Fish 179-184 in foil together (labeled 75-80). Body broken in initial freezing just posterior to body cavity. Original fish_no=78",20210901,LSL,ARHE,Argyropelecus hemigymnus
Sarmiento,2,2,Sternoptychidae,NA,NA,NA,18.83,NA,2 _ 2,SG2105,183,23,Argyropelecus hemigymnus,ARHE,visual,ARHE,NA,H,SG2105_ORG179-184_MOC2_NET2,0.1546,NA,NA,,NA,,NA,,neg80,"ID Notes: Fish 173-184 are the same species; single hook ondorsal spine visible but broken in many fish; DF V,7. Fish 179-184 in foil together (labeled 75-80). Caudal peduncle broken. Original fish_no=79",20210901,LSL,ARHE,Argyropelecus hemigymnus
Sarmiento,2,2,Sternoptychidae,NA,NA,NA,20.75,NA,2 _ 2,SG2105,184,23,Argyropelecus hemigymnus,ARHE,visual,ARHE,NA,H,SG2105_ORG179-184_MOC2_NET2,0.1979,NA,NA,,NA,,NA,,neg80,"ID Notes: Fish 173-184 are the same species; single hook ondorsal spine visible but broken in many fish; DF V,7. Fish 179-184 in foil together (labeled 75-80). Body broken horizontally at midline. Original fish_no=80",20210901,LSL,ARHE,Argyropelecus hemigymnus
Sarmiento,2,1,Melamphaidae,NA,NA,NA,165,NA,2 _ 1,SG2105,186,19,Scopelogadus sp.,SCSP,visual,SCSP,NA,H,SG2105_ORG186_MOC2_NET1,46.1404,NA,NA,,NA,,NA,,neg80,Did not thaw to ID to species. Total_weight over-estimate due to tag and other material frozen on fish. Original fish_no=82,20210901,LSL,SCSP,Scopelogadus sp.
Sarmiento,2,1,Myctophidae,NA,NA,NA,30.55,NA,2 _ 1,SG2105,187,21,Nannobrachium sp.,NASP,visual,NASP,NA,M,SG2105_ORG187_MOC2_NET1,0.1439,NA,NA,,NA,,NA,,neg80,"ID Notes: 3 PRC, no visible pectoral fin. Body squished and broken @ posterior 1/3. Original fish_no=83",20210901,LSL,NASP,Nannobrachium sp.
Sarmiento,2,1,Myctophidae,NA,NA,NA,32.05,NA,2 _ 1,SG2105,188,21,Nannobrachium sp.,NASP,visual,NASP,NA,M,SG2105_ORG188_MOC2_NET1,0.1868,NA,NA,,NA,,NA,,neg80,"ID Notes: 3 PRC, no visible pectoral fin. Original fish_no=84",20210901,LSL,NASP,Nannobrachium sp.
Sarmiento,2,1,Myctophidae,NA,NA,NA,23.36,NA,2 _ 1,SG2105,189,21,Benthosema glaciale,BEGL,visual,BEGL,NA,L,SG2105_ORG189_MOC2_NET1,0.1428,NA,NA,,NA,,NA,,neg80,"ID Notes: fish in really poor condition, not all photophores present; taxon is a guess. Original fish_no=85",20210901,LSL,BEGL,Benthosema glaciale
Sarmiento,2,1,Myctophidae,NA,NA,NA,20.92,NA,2 _ 1,SG2105,190,21,Benthosema glaciale,BEGL,visual,BEGL,NA,M,SG2105_ORG190_MOC2_NET1,0.1066,NA,NA,,NA,,NA,,neg80,Original fish_no=86,20210901,LSL,BEGL,Benthosema glaciale
Sarmiento,2,4,Myctophidae,NA,NA,NA,53.81,NA,2 _ 4,SG2105,192,37,Benthosema glaciale,BEGL,visual,BEGL,NA,H,SG2105_ORG192_MOC2_NET4,0.4745,NA,NA,,NA,,NA,,neg80,ID Notes: AO 6+7; darker scales but keyes to BEGL. Head and guts squished,20210917,LSL,BEGL,Benthosema glaciale
Sarmiento,2,1,Gonostomatidae,NA,NA,NA,34.93,NA,2 _ 1,SG2105,200,20,Cyclothone sp.,CYSP,visual,CYSP,NA,H,SG2105_ORG200-203_MOC2_NET1,0.1838,NA,NA,,NA,,NA,,neg80,ID Notes: translucent bodied Cyclothone (sp. B noted earlier?). Fish 200-203 refrozen in foil together,20210917,LSL,CYSP,Cyclothone sp.
Sarmiento,2,1,Gonostomatidae,NA,NA,NA,32.89,NA,2 _ 1,SG2105,201,20,Cyclothone sp.,CYSP,visual,CYSP,NA,H,SG2105_ORG200-203_MOC2_NET1,0.192,NA,NA,,NA,,NA,,neg80,Body broken. ID Notes: translucent bodied Cyclothone (sp. B noted earlier?). Fish 200-203 refrozen in foil together.,20210917,LSL,CYSP,Cyclothone sp.
Sarmiento,2,1,Gonostomatidae,NA,NA,NA,31.02,NA,2 _ 1,SG2105,202,20,Cyclothone sp.,CYSP,visual,CYSP,NA,H,SG2105_ORG200-203_MOC2_NET1,0.1832,NA,NA,,NA,,NA,,neg80,Body broken. ID Notes: translucent bodied Cyclothone (sp. B noted earlier?). Fish 200-203 refrozen in foil together,20210917,LSL,CYSP,Cyclothone sp.
Sarmiento,2,1,Gonostomatidae,NA,NA,NA,32.29,NA,2 _ 1,SG2105,203,20,Cyclothone sp.,CYSP,visual,CYSP,NA,H,SG2105_ORG200-203_MOC2_NET1,0.2059,NA,NA,,NA,,NA,,neg80,Body broken. ID Notes: translucent bodied Cyclothone (sp. B noted earlier?). Fish 200-203 refrozen in foil together,20210917,LSL,CYSP,Cyclothone sp.
Sarmiento,2,1,Gonostomatidae,NA,NA,NA,35.41,NA,2 _ 1,SG2105,204,20,Cyclothone sp.,CYSP,visual,CYSP,NA,H,SG2105_ORG204-207_MOC2_NET1,0.1925,NA,NA,,NA,,NA,,neg80,"204-211 potentially same sp. ID Notes: darker bodied Cyclothone, though maybe not as dark as microdon. 204-207 refrozen in foil together",20210917,LSL,CYSP,Cyclothone sp.
Sarmiento,2,1,Gonostomatidae,NA,NA,NA,37.71,NA,2 _ 1,SG2105,205,20,Cyclothone sp.,CYSP,visual,CYSP,NA,H,SG2105_ORG204-207_MOC2_NET1,0.2403,NA,NA,,NA,,NA,,neg80,"204-211 potentially same sp. ID Notes: darker bodied Cyclothone, though maybe not as dark as microdon. 204-207 refrozen in foil together",20210917,LSL,CYSP,Cyclothone sp.
Sarmiento,2,1,Gonostomatidae,NA,NA,NA,40.09,NA,2 _ 1,SG2105,206,20,Cyclothone sp.,CYSP,visual,CYSP,NA,H,SG2105_ORG204-207_MOC2_NET1,0.3098,NA,NA,,NA,,NA,,neg80,"204-211 potentially same sp. ID Notes: darker bodied Cyclothone, though maybe not as dark as microdon. 204-207 refrozen in foil together",20210917,LSL,CYSP,Cyclothone sp.
Sarmiento,2,1,Gonostomatidae,NA,NA,NA,29.67,NA,2 _ 1,SG2105,207,20,Cyclothone sp.,CYSP,visual,CYSP,NA,H,SG2105_ORG204-207_MOC2_NET1,0.1224,NA,NA,,NA,,NA,,neg80,"204-211 potentially same sp. ID Notes: darker bodied Cyclothone, though maybe not as dark as microdon. 204-207 refrozen in foil together",20210917,LSL,CYSP,Cyclothone sp.
Sarmiento,2,1,Gonostomatidae,NA,NA,NA,35.87,NA,2 _ 1,SG2105,208,20,Cyclothone sp.,CYSP,visual,CYSP,NA,H,SG2105_ORG208-211_MOC2_NET1,0.2165,NA,NA,,NA,,NA,,neg80,"Body broken. 204-211 potentially same sp. ID Notes: darker bodied Cyclothone, though maybe not as dark as microdon. 208-211 refrozen in foil together",20210917,LSL,CYSP,Cyclothone sp.
Sarmiento,2,1,Gonostomatidae,NA,NA,NA,33.75,NA,2 _ 1,SG2105,209,20,Cyclothone sp.,CYSP,visual,CYSP,NA,H,SG2105_ORG208-211_MOC2_NET1,0.1689,NA,NA,,NA,,NA,,neg80,"204-211 potentially same sp. ID Notes: darker bodied Cyclothone, though maybe not as dark as microdon. 208-211 refrozen in foil together",20210917,LSL,CYSP,Cyclothone sp.
Sarmiento,2,1,Gonostomatidae,NA,NA,NA,36.47,NA,2 _ 1,SG2105,210,20,Cyclothone sp.,CYSP,visual,CYSP,NA,H,SG2105_ORG208-211_MOC2_NET1,0.2249,NA,NA,,NA,,NA,,neg80,"204-211 potentially same sp. ID Notes: darker bodied Cyclothone, though maybe not as dark as microdon. 208-211 refrozen in foil together",20210917,LSL,CYSP,Cyclothone sp.
Sarmiento,2,1,Gonostomatidae,NA,NA,NA,47.26,NA,2 _ 1,SG2105,211,20,Cyclothone sp.,CYSP,visual,CYSP,NA,H,SG2105_ORG208-211_MOC2_NET1,0.4994,NA,NA,,NA,,NA,,neg80,"Body broken. 204-211 potentially same sp. ID Notes: darker bodied Cyclothone, though maybe not as dark as microdon. 208-211 refrozen in foil together",20210917,LSL,CYSP,Cyclothone sp.
Sarmiento,2,4,Myctophidae,NA,NA,NA,37.71,NA,2 _ 4,SG2105,212,27,Benthosema glaciale,BEGL,visual,BEGL,NA,M,SG2105_ORG212_MOC2_NET4,0.6804,NA,NA,,NA,,NA,,neg80,,20210917,LSL,BEGL,Benthosema glaciale
Sarmiento,2,4,Myctophidae,NA,NA,NA,43.34,NA,2 _ 4,SG2105,213,27,Benthosema glaciale,BEGL,visual,BEGL,NA,H,SG2105_ORG213_MOC2_NET4,0.89,NA,NA,,NA,,NA,,neg80,,20210917,LSL,BEGL,Benthosema glaciale
Sarmiento,2,4,Myctophidae,NA,NA,NA,37.9,NA,2 _ 4,SG2105,214,27,Benthosema glaciale,BEGL,visual,BEGL,NA,H,SG2105_ORG214_MOC2_NET4,0.5735,NA,NA,,NA,,NA,,neg80,,20210917,LSL,BEGL,Benthosema glaciale
Sarmiento,2,4,Myctophidae,NA,NA,NA,36.61,NA,2 _ 4,SG2105,215,27,Benthosema glaciale,BEGL,visual,BEGL,NA,H,SG2105_ORG215_MOC2_NET4,0.5585,NA,NA,,NA,,NA,,neg80,,20210917,LSL,BEGL,Benthosema glaciale
Sarmiento,2,4,Myctophidae,NA,NA,NA,34.48,NA,2 _ 4,SG2105,216,27,Benthosema glaciale,BEGL,visual,BEGL,NA,H,SG2105_ORG216-217_MOC2_NET4,0.4988,NA,NA,,NA,,NA,,neg80,216-217 refrozen in foil together,20210917,LSL,BEGL,Benthosema glaciale
Sarmiento,2,4,Myctophidae,NA,NA,NA,31.94,NA,2 _ 4,SG2105,217,27,Benthosema glaciale,BEGL,visual,BEGL,NA,H,SG2105_ORG216-217_MOC2_NET4,0.4995,NA,NA,,NA,,NA,,neg80,216-217 refrozen in foil together. Head squished,20210917,LSL,BEGL,Benthosema glaciale
Sarmiento,2,4,Myctophidae,NA,NA,NA,23.23,NA,2 _ 4,SG2105,218,27,Benthosema glaciale,BEGL,visual,BEGL,NA,H,SG2105_ORG218-220_MOC2_NET4,0.1628,NA,NA,,NA,,NA,,neg80,218-220 refrozen in foil together,20210917,LSL,BEGL,Benthosema glaciale
Sarmiento,2,4,Myctophidae,NA,NA,NA,30.37,NA,2 _ 4,SG2105,219,27,Benthosema glaciale,BEGL,visual,BEGL,NA,H,SG2105_ORG218-220_MOC2_NET4,0.3508,NA,NA,,NA,,NA,,neg80,218-220 refrozen in foil together,20210917,LSL,BEGL,Benthosema glaciale
Sarmiento,2,4,Myctophidae,NA,NA,NA,24.66,NA,2 _ 4,SG2105,220,27,Benthosema glaciale,BEGL,visual,BEGL,NA,H,SG2105_ORG218-220_MOC2_NET4,0.2021,NA,NA,,NA,,NA,,neg80,218-220 refrozen in foil together,20210917,LSL,BEGL,Benthosema glaciale
Sarmiento,2,4,Myctophidae,NA,NA,NA,24.99,NA,2 _ 4,SG2105,221,27,Benthosema glaciale,BEGL,visual,BEGL,NA,H,SG2105_ORG221-224_MOC2_NET4,0.2045,NA,NA,,NA,,NA,,neg80,221-224 refrozen in foil together,20210917,LSL,BEGL,Benthosema glaciale
Sarmiento,2,4,Myctophidae,NA,NA,NA,26.66,NA,2 _ 4,SG2105,222,27,Benthosema glaciale,BEGL,visual,BEGL,NA,H,SG2105_ORG221-224_MOC2_NET4,0.2052,NA,NA,,NA,,NA,,neg80,221-224 refrozen in foil together,20210917,LSL,BEGL,Benthosema glaciale
Sarmiento,2,4,Myctophidae,NA,NA,NA,33.33,NA,2 _ 4,SG2105,223,27,Benthosema glaciale,BEGL,visual,BEGL,NA,H,SG2105_ORG221-224_MOC2_NET4,0.4407,NA,NA,,NA,,NA,,neg80,221-224 refrozen in foil together,20210917,LSL,BEGL,Benthosema glaciale
Sarmiento,2,4,Myctophidae,NA,NA,NA,24.52,NA,2 _ 4,SG2105,224,27,Benthosema glaciale,BEGL,visual,BEGL,NA,H,SG2105_ORG221-224_MOC2_NET4,0.1755,NA,NA,,NA,,NA,,neg80,221-224 refrozen in foil together,20210917,LSL,BEGL,Benthosema glaciale
Sarmiento,2,4,Myctophidae,NA,NA,NA,22.82,NA,2 _ 4,SG2105,225,27,Benthosema glaciale,BEGL,visual,BEGL,NA,H,SG2105_ORG225-227_MOC2_NET4,0.1545,NA,NA,,NA,,NA,,neg80,225-227 refrozen in foil together,20210917,LSL,BEGL,Benthosema glaciale
Sarmiento,2,4,Myctophidae,NA,NA,NA,24.48,NA,2 _ 4,SG2105,226,27,Benthosema glaciale,BEGL,visual,BEGL,NA,H,SG2105_ORG225-227_MOC2_NET4,0.1748,NA,NA,,NA,,NA,,neg80,225-227 refrozen in foil together,20210917,LSL,BEGL,Benthosema glaciale
Sarmiento,2,4,Myctophidae,NA,NA,NA,23.82,NA,2 _ 4,SG2105,227,27,Benthosema glaciale,BEGL,visual,BEGL,NA,H,SG2105_ORG225-227_MOC2_NET4,0.1755,NA,NA,,NA,,NA,,neg80,225-227 refrozen in foil together. Head squished,20210917,LSL,BEGL,Benthosema glaciale
Sarmiento,2,4,Myctophidae,NA,NA,NA,30.99,NA,2 _ 4,SG2105,228,27,Benthosema glaciale,BEGL,visual,BEGL,NA,H,SG2105_ORG228-230_MOC2_NET4,0.4062,NA,NA,,NA,,NA,,neg80,228-230 refrozen in foil together,20210917,LSL,BEGL,Benthosema glaciale
Sarmiento,2,4,Myctophidae,NA,NA,NA,21.07,NA,2 _ 4,SG2105,229,27,Benthosema glaciale,BEGL,visual,BEGL,NA,H,SG2105_ORG228-230_MOC2_NET4,0.1295,NA,NA,,NA,,NA,,neg80,228-230 refrozen in foil together,20210917,LSL,BEGL,Benthosema glaciale
Sarmiento,2,4,Myctophidae,NA,NA,NA,25.84,NA,2 _ 4,SG2105,230,27,Benthosema glaciale,BEGL,visual,BEGL,NA,H,SG2105_ORG228-230_MOC2_NET4,0.1913,NA,NA,,NA,,NA,,neg80,228-230 refrozen in foil together. Gut squished,20210917,LSL,BEGL,Benthosema glaciale
Sarmiento,2,4,Myctophidae,NA,NA,NA,30.96,NA,2 _ 4,SG2105,231,27,Benthosema glaciale,BEGL,visual,BEGL,NA,H,SG2105_ORG231-233_MOC2_NET4,0.3717,NA,NA,,NA,,NA,,neg80,231-233 refrozen in foil together,20210917,LSL,BEGL,Benthosema glaciale
Sarmiento,2,4,Myctophidae,NA,NA,NA,24.6,NA,2 _ 4,SG2105,232,27,Benthosema glaciale,BEGL,visual,BEGL,NA,H,SG2105_ORG231-233_MOC2_NET4,0.1899,NA,NA,,NA,,NA,,neg80,231-233 refrozen in foil together. Body broken; in poor condition,20210917,LSL,BEGL,Benthosema glaciale
Sarmiento,2,4,Myctophidae,NA,NA,NA,22.9,NA,2 _ 4,SG2105,233,27,Benthosema glaciale,BEGL,visual,BEGL,NA,H,SG2105_ORG231-233_MOC2_NET4,0.1452,NA,NA,,NA,,NA,,neg80,231-233 refrozen in foil together. Gut squished; tail broken,20210917,LSL,BEGL,Benthosema glaciale
Sarmiento,2,4,Myctophidae,NA,NA,NA,24.04,NA,2 _ 4,SG2105,234,27,Benthosema glaciale,BEGL,visual,BEGL,NA,H,SG2105_ORG234-237_MOC2_NET4,0.1728,NA,NA,,NA,,NA,,neg80,234-237 refrozen in foil together,20210917,LSL,BEGL,Benthosema glaciale
Sarmiento,2,4,Myctophidae,NA,NA,NA,24.11,NA,2 _ 4,SG2105,235,27,Benthosema glaciale,BEGL,visual,BEGL,NA,H,SG2105_ORG234-237_MOC2_NET4,0.1711,NA,NA,,NA,,NA,,neg80,234-237 refrozen in foil together. Head squished,20210917,LSL,BEGL,Benthosema glaciale
Sarmiento,2,4,Myctophidae,NA,NA,NA,24.7,NA,2 _ 4,SG2105,236,27,Benthosema glaciale,BEGL,visual,BEGL,NA,H,SG2105_ORG234-237_MOC2_NET4,0.1948,NA,NA,,NA,,NA,,neg80,234-237 refrozen in foil together,20210917,LSL,BEGL,Benthosema glaciale
Sarmiento,2,4,Myctophidae,NA,NA,NA,25.77,NA,2 _ 4,SG2105,237,27,Benthosema glaciale,BEGL,visual,BEGL,NA,H,SG2105_ORG234-237_MOC2_NET4,0.204,NA,NA,,NA,,NA,,neg80,234-237 refrozen in foil together. Gut damaged,20210917,LSL,BEGL,Benthosema glaciale
Sarmiento,2,4,Myctophidae,NA,NA,NA,23.78,NA,2 _ 4,SG2105,238,27,Benthosema glaciale,BEGL,visual,BEGL,NA,H,SG2105_ORG238-240_MOC2_NET4,0.1678,NA,NA,,NA,,NA,,neg80,238-240 refrozen in foil together,20210917,LSL,BEGL,Benthosema glaciale
Sarmiento,2,4,Myctophidae,NA,NA,NA,24.03,NA,2 _ 4,SG2105,239,27,Benthosema glaciale,BEGL,visual,BEGL,NA,H,SG2105_ORG238-240_MOC2_NET4,0.1724,NA,NA,,NA,,NA,,neg80,238-240 refrozen in foil together,20210917,LSL,BEGL,Benthosema glaciale
Sarmiento,2,4,Myctophidae,NA,NA,NA,23.95,NA,2 _ 4,SG2105,240,27,Benthosema glaciale,BEGL,visual,BEGL,NA,H,SG2105_ORG238-240_MOC2_NET4,0.1798,NA,NA,,NA,,NA,,neg80,238-240 refrozen in foil together. Tail broken,20210917,LSL,BEGL,Benthosema glaciale
Sarmiento,2,4,Myctophidae,NA,NA,NA,25.27,NA,2 _ 4,SG2105,241,27,Benthosema glaciale,BEGL,visual,BEGL,NA,H,SG2105_ORG241-243_MOC2_NET4,0.2135,NA,NA,,NA,,NA,,neg80,241-243 refrozen in foil together.,20210917,LSL,BEGL,Benthosema glaciale
Sarmiento,2,4,Myctophidae,NA,NA,NA,22.4,NA,2 _ 4,SG2105,242,27,Benthosema glaciale,BEGL,visual,BEGL,NA,H,SG2105_ORG241-243_MOC2_NET4,0.1614,NA,NA,,NA,,NA,,neg80,241-243 refrozen in foil together. Body in poor condition,20210917,LSL,BEGL,Benthosema glaciale
Sarmiento,2,4,Myctophidae,NA,NA,NA,24.69,NA,2 _ 4,SG2105,243,27,Benthosema glaciale,BEGL,visual,BEGL,NA,H,SG2105_ORG241-243_MOC2_NET4,0.1805,NA,NA,,NA,,NA,,neg80,241-243 refrozen in foil together. Body in poor condition; body in pieces,20210917,LSL,BEGL,Benthosema glaciale
Sarmiento,2,1,Alepocephalidae,NA,NA,NA,41.94,NA,2 _ 1,SG2105,244,22,Xenodermichthys copei,XECO,visual,XECO,NA,H,SG2105_ORG244_MOC2_NET1,0.5291,NA,NA,,NA,,NA,,neg80,ID Notes: like fish 131-132. Thawed to ID,20210930,LSL,XECO,Xenodermichthys copei
Sarmiento,2,1,Alepocephalidae,NA,NA,NA,58.15,NA,2 _ 1,SG2105,245,22,Xenodermichthys copei,XECO,visual,XECO,NA,H,SG2105_ORG245-247_MOC2_NET1,1.4328,NA,NA,,NA,,NA,,neg80,245-247 refrozen in foil together; partially thawed,20210930,LSL,XECO,Xenodermichthys copei
Sarmiento,2,1,Alepocephalidae,NA,NA,NA,46.43,NA,2 _ 1,SG2105,246,22,Xenodermichthys copei,XECO,visual,XECO,NA,H,SG2105_ORG245-247_MOC2_NET1,0.8161,NA,NA,,NA,,NA,,neg80,245-247 refrozen in foil together; partially thawed,20210930,LSL,XECO,Xenodermichthys copei
Sarmiento,2,1,Alepocephalidae,NA,NA,NA,44.41,NA,2 _ 1,SG2105,247,22,Xenodermichthys copei,XECO,visual,XECO,NA,H,SG2105_ORG245-247_MOC2_NET1,0.677,NA,NA,,NA,,NA,,neg80,245-247 refrozen in foil together; partially thawed,20210930,LSL,XECO,Xenodermichthys copei
Sarmiento,4,1,Alepocephalidae,NA,NA,NA,61.33,NA,4 _ 1,SG2105,248,46,Xenodermichthys copei,XECO,visual,XECO,NA,H,SG2105_ORG248-249_MOC4_NET1,1.932,NA,NA,,NA,,NA,,neg80,Weight may be over estamte due to zooplankton frozen on body. Not thawed,20210930,LSL,XECO,Xenodermichthys copei
Sarmiento,4,1,Alepocephalidae,NA,NA,NA,52.84,NA,4 _ 1,SG2105,249,46,Xenodermichthys copei,XECO,visual,XECO,NA,H,SG2105_ORG248-249_MOC4_NET1,1.212,NA,NA,,NA,,NA,,neg80,Not thawed,20210930,LSL,XECO,Xenodermichthys copei
Sarmiento,4,2,Platytroctidae,NA,NA,NA,38.08,NA,4 _ 2,SG2105,250,48,Platytroctidae,PLAT,visual,PLAT,NA,H,SG2105_ORG250_MOC4_NET2,0.4105,NA,NA,,NA,,NA,,neg80,"Thawed trying to ID. ID Notes: Tubeshoulder, but was not able to find a good key to get to species; Body light colored with black mysentery; no obvious tusks; maxillary ends jjust anterior to posterior margin of eye; body shape like Sagamichthys",20210930,LSL,PLAT,Platytroctidae
Sarmiento,4,4,Sternoptychidae,NA,NA,NA,27.09,NA,4 _ 4,SG2105,251,51,Argyropelecus hemigymnus,ARHE,visual,ARHE,NA,H,SG2105_ORG251-252_MOC4_NET4,0.4404,NA,NA,,NA,,NA,,neg80,Minimal thaw,20210930,LSL,ARHE,Argyropelecus hemigymnus
Sarmiento,4,4,Sternoptychidae,NA,NA,NA,25.46,NA,4 _ 4,SG2105,252,51,Argyropelecus hemigymnus,ARHE,visual,ARHE,NA,H,SG2105_ORG251-252_MOC4_NET4,0.3666,NA,NA,,NA,,NA,,neg80,Minimal thaw,20210930,LSL,ARHE,Argyropelecus hemigymnus
Sarmiento,6,4,Merlucciidae,NA,NA,NA,77.87,NA,6 _ 4,SG2105,266,79,Merluccius merluccius,MEME,visual,MEME,NA,H,SG2105_ORG266_MOC6_NET4,3.6088,NA,NA,,NA,,NA,,neg80,Did not thaw to straighten,20211001,LSL,MEME,Merluccius merluccius
Sarmiento,6,3,Sternoptychidae,NA,NA,NA,24.13,NA,6 _ 3,SG2105,267,78,Argyropelecus hemigymnus,ARHE,visual,ARHE,NA,H,SG2105_ORG267_MOC6_NET3,0.3457,NA,NA,,NA,,NA,,neg80,,20211001,LSL,ARHE,Argyropelecus hemigymnus
Sarmiento,6,3,Microstomatidae,NA,NA,NA,40.53,NA,6 _ 3,SG2105,268,78,Nansenia sp.,NNSP,visual,NNSP,NA,L,SG2105_ORG268_MOC6_NET3,0.3428,NA,NA,,NA,,NA,,neg80,Mostly thawed to ID. ID Notes long thin adipose; DF inserted at mid-body; AF below adipose; Pelvic fin below DF base; pectoral fin base on side (not low or near ventral surface); body silvery,20211001,LSL,NNSP,Nansenia sp.
Sarmiento,6,1,Alepocephalidae,NA,NA,NA,51,NA,6 _ 1,SG2105,269,76,Xenodermichthys copei,XECO,visual,XECO,NA,H,SG2105_ORG269_MOC6_NET1,1.0914,NA,NA,,NA,,NA,,neg80,Not thawed,20211001,LSL,XECO,Xenodermichthys copei
Sarmiento,6,1,Bathylagidae,NA,NA,NA,29.37,NA,6 _ 1,SG2105,270,76,Bathylagus euryops,BAEU,visual,BAEU,NA,M,SG2105_ORG270_MOC6_NET1,0.176,NA,NA,,NA,,NA,,neg80,ID Notes: Anal fin=210; less confident to species,20211001,LSL,BAEU,Bathylagus euryops
Sarmiento,6,1,Gonostomatidae,NA,NA,NA,27.52,NA,6 _ 1,SG2105,271,76,Gonostoma sp.,GOSP,visual,GOSP,NA,L,SG2105_ORG271_MOC6_NET1,0.0989,NA,NA,,NA,,NA,,neg80,"Thawed. ID Notes: based on caudal peduncle, photophore pattern and maxillary, don't believe myctophid; Gonostomatid but not cyclothone; anal fin damged but ≥14 rays; dorsal fin inserts anterior to analfin; some photophores, but fish in bad shape; moderate sized eye; maybe Gonostoma",20211001,LSL,GOSP,Gonostoma sp.
Sarmiento,6,1,Gonostomatidae,NA,NA,NA,33.63,NA,6 _ 1,SG2105,272,76,Gonostoma sp.,GOSP,visual,GOSP,NA,L,SG2105_ORG272_MOC6_NET1,0.2079,NA,NA,,NA,,NA,,neg80,"Body broken.  ID Notes: based on caudal peduncle, photophore pattern and maxillary, don't believe myctophid; appears to be different species than 271 but not myct.",20211001,LSL,GOSP,Gonostoma sp.
Sarmiento,6,1,Gonostomatidae,NA,NA,NA,40.86,NA,6 _ 1,SG2105,273,76,Cyclothone sp.,CYSP,visual,CYSP,NA,H,SG2105_ORG273_MOC6_NET1,0.3635,NA,NA,,NA,,NA,,neg80,ID Notes: not microdon (based on 1 gill raker at corner of 1st arch),20211001,LSL,CYSP,Cyclothone sp.
Sarmiento,6,1,Melamphaidae,NA,NA,NA,114.06,NA,6 _ 1,SG2105,274,74,Scopelogadus beanii,SCBE,visual,SCBE,NA,H,SG2105_ORG274_MOC6_NET1,37.8125,NA,NA,,NA,,NA,,neg80,"Not thawed. ID Notes: DF II,10",20211001,LSL,SCBE,Scopelogadus beanii
Sarmiento,3,2,Sternoptychidae,NA,NA,NA,18.75,NA,3 _ 2,SG2105,279,41,Argyropelecus hemigymnus,ARHE,visual,ARHE,NA,H,SG2105_ORG279_MOC3_NET2,0.1532,NA,NA,,NA,,NA,,neg80,,20211104,LSL,ARHE,Argyropelecus hemigymnus
Sarmiento,3,1,Sternoptychidae,NA,NA,NA,28.99,NA,3 _ 1,SG2105,280,40,Argyropelecus sp.,ARSP,visual,ARSP,NA,H,SG2105_ORG280_MOC3_NET1,0.8252,NA,NA,,NA,,NA,,neg80,"ID Notes: 6 IP, 6 BR and 12 PV photophores; DF VI,9; pelvic fin 4; anal fin 7",20211104,LSL,ARSP,Argyropelecus sp.
Sarmiento,3,1,Sternoptychidae,NA,NA,NA,17.01,NA,3 _ 1,SG2105,281,40,Argyropelecus sp.,ARSP,visual,ARSP,NA,H,SG2105_ORG281_MOC3_NET1,0.138,NA,NA,,NA,,NA,,neg80,,20211104,LSL,ARSP,Argyropelecus sp.
Sarmiento,3,1,Sternoptychidae,NA,NA,NA,19.95,NA,3 _ 1,SG2105,282,40,Argyropelecus hemigymnus,ARHE,visual,ARHE,NA,H,SG2105_ORG282-285_MOC3_NET1,0.2086,NA,NA,,NA,,NA,,neg80,,20211104,LSL,ARHE,Argyropelecus hemigymnus
Sarmiento,3,1,Sternoptychidae,NA,NA,NA,14.77,NA,3 _ 1,SG2105,283,40,Argyropelecus hemigymnus,ARHE,visual,ARHE,NA,H,SG2105_ORG282-285_MOC3_NET1,0.0808,NA,NA,,NA,,NA,,neg80,,20211104,LSL,ARHE,Argyropelecus hemigymnus
Sarmiento,3,1,Sternoptychidae,NA,NA,NA,22.17,NA,3 _ 1,SG2105,284,40,Argyropelecus hemigymnus,ARHE,visual,ARHE,NA,H,SG2105_ORG282-285_MOC3_NET1,0.2792,NA,NA,,NA,,NA,,neg80,PopGen: small,20211104,LSL,ARHE,Argyropelecus hemigymnus
Sarmiento,3,1,Sternoptychidae,NA,NA,NA,21.83,NA,3 _ 1,SG2105,285,40,Argyropelecus hemigymnus,ARHE,visual,ARHE,NA,H,SG2105_ORG282-285_MOC3_NET1,0.2251,NA,NA,,NA,,NA,,neg80,,20211104,LSL,ARHE,Argyropelecus hemigymnus
Sarmiento,3,1,Gonostomatidae,NA,NA,NA,31.66,NA,3 _ 1,SG2105,286,38,Cyclothone sp.,CYSP,visual,CYSP,NA,H,SG2105_ORG286-288_MOC3_NET1,0.1406,NA,NA,,NA,,NA,,neg80,PopGen: okay sample,20211104,LSL,CYSP,Cyclothone sp.
Sarmiento,3,1,Gonostomatidae,NA,NA,NA,41.57,NA,3 _ 1,SG2105,287,38,Cyclothone sp.,CYSP,visual,CYSP,NA,H,SG2105_ORG286-288_MOC3_NET1,0.2352,NA,NA,,NA,,NA,,neg80,PopGen: small bits of tissue,20211104,LSL,CYSP,Cyclothone sp.
Sarmiento,3,1,Gonostomatidae,NA,NA,NA,35.57,NA,3 _ 1,SG2105,288,38,Cyclothone sp.,CYSP,visual,CYSP,NA,H,SG2105_ORG286-288_MOC3_NET1,0.2313,NA,NA,,NA,,NA,,neg80,PopGen: caudal region broken and but that in vial,20211104,LSL,CYSP,Cyclothone sp.
Sarmiento,3,1,Myctophidae,NA,NA,NA,22.17,NA,3 _ 1,SG2105,289,39,Benthosema glaciale,BEGL,visual,BEGL,NA,H,SG2105_ORG289-290_MOC3_NET1,0.1405,NA,NA,,NA,,NA,,neg80,PopGen: small,20211104,LSL,BEGL,Benthosema glaciale
Sarmiento,3,1,Myctophidae,NA,NA,NA,24.04,NA,3 _ 1,SG2105,290,39,Benthosema glaciale,BEGL,visual,BEGL,NA,H,SG2105_ORG289-290_MOC3_NET1,0.1513,NA,NA,,NA,,NA,,neg80,PopGen: small,20211104,LSL,BEGL,Benthosema glaciale
Sarmiento,4,2,Myctophidae,NA,NA,NA,24.22,NA,4 _ 2,SG2105,298,49,Myctophidae,MYCT,visual,MYCT,NA,,SG2105_ORG298_MOC4_NET2,0.1913,NA,NA,,NA,,NA,,neg80,"ID Notes: body in bad shape; skin and photophores and missing head squished, can't get to genus",20211104,LSL,MYCT,Myctophidae
Sarmiento,4,2,Gonostomatidae,NA,NA,NA,45.12,NA,4 _ 2,SG2105,299,60,Cyclothone microdon,CYMI,visual,CYMI,NA,M,SG2105_ORG299-300_MOC4_NET2,0.4276,NA,NA,,NA,,NA,,neg80,ID Notes: maybe microdon,20211104,LSL,CYMI,Cyclothone microdon
Sarmiento,4,2,Gonostomatidae,NA,NA,NA,53.3,NA,4 _ 2,SG2105,300,60,Cyclothone braueri,CYBR,visual,CYBR,NA,M,SG2105_ORG299-300_MOC4_NET2,0.8999,NA,NA,,NA,,NA,,neg80,ID Notes: guess on brauerei based on OA photophores,20211104,LSL,CYBR,Cyclothone braueri
Sarmiento,4,1,Myctophidae,NA,NA,NA,32.44,NA,4 _ 1,SG2105,323,45,Lampanyctus macdonaldi,LAMA,visual,LAMA,NA,M,SG2105_ORG323-324_MOC4_NET1,0.179,NA,NA,,NA,,NA,,neg80,"ID Notes: 23+ gill rakers on first arch, so not a nannobrachium sp",20211105,LSL,LAMA,Lampanyctus macdonaldi
Sarmiento,4,1,Myctophidae,NA,NA,NA,31.29,NA,4 _ 1,SG2105,324,45,Lampanyctus macdonaldi,LAMA,visual,LAMA,NA,M,SG2105_ORG323-324_MOC4_NET1,0.2363,NA,NA,,NA,,NA,,neg80,"ID Notes: 23+ gill rakers on first arch, so not a nannobrachium sp. Fish in bad shape",20211105,LSL,LAMA,Lampanyctus macdonaldi
Sarmiento,4,3,Myctophidae,NA,NA,NA,24.21,NA,4 _ 3,SG2105,325,50,Benthosema glaciale,BEGL,visual,BEGL,NA,H,SG2105_ORG325_MOC4_NET3,0.1774,NA,NA,visual,NA,,NA,,neg80,,20211105,LSL,BEGL,Benthosema glaciale
Sarmiento,4,3,Sternoptychidae,NA,NA,NA,31.06,NA,4 _ 3,SG2105,326,50,Argyropelecus hemigymnus,ARHE,visual,ARHE,NA,H,SG2105_ORG326_MOC4_NET3,0.8264,NA,NA,visual,NA,,NA,,neg80,"Ovaries coming out vent (saved just because they were there). Gut in mouth but not inverted, contents should be okay",20211105,LSL,ARHE,Argyropelecus hemigymnus
Sarmiento,4,2,Sternoptychidae,NA,NA,NA,24.2,NA,4 _ 2,SG2105,327,47,Argyropelecus hemigymnus,ARHE,visual,ARHE,NA,H,SG2105_ORG327_MOC4_NET2,0.3003,0.0082,NA,mb,1,M,NA,,neg80,Gut in mouth but think it was not inverted and I got it all,20211119,LSL,ARHE,Argyropelecus hemigymnus
Sarmiento,4,2,Sternoptychidae,NA,NA,NA,23.72,NA,4 _ 2,SG2105,328,47,Argyropelecus hemigymnus,ARHE,visual,ARHE,NA,H,SG2105_ORG328_MOC4_NET2,0.3373,0.014,NA,mb,2,H,NA,,neg80,,20211119,LSL,ARHE,Argyropelecus hemigymnus
Sarmiento,4,2,Sternoptychidae,NA,NA,NA,29.67,NA,4 _ 2,SG2105,329,47,Argyropelecus hemigymnus,ARHE,visual,ARHE,NA,H,SG2105_ORG329_MOC4_NET2,0.718,0.0569,NA,mb,2,H,NA,,neg80,,20211119,LSL,ARHE,Argyropelecus hemigymnus
Sarmiento,4,2,Sternoptychidae,NA,NA,NA,29.38,NA,4 _ 2,SG2105,330,47,Argyropelecus hemigymnus,ARHE,visual,ARHE,NA,H,SG2105_ORG330_MOC4_NET2,0.6738,0.0299,NA,mb,2,H,NA,,neg80,"Gut in mouth, not inverted but may have lost some",20211119,LSL,ARHE,Argyropelecus hemigymnus
Sarmiento,4,2,Sternoptychidae,NA,NA,NA,27.35,NA,4 _ 2,SG2105,331,47,Argyropelecus hemigymnus,ARHE,visual,ARHE,NA,H,SG2105_ORG331_MOC4_NET2,0.4871,NA,NA,mb,2,H,NA,,neg80,"Gut in mouth, not inverted but may have lost some",20211119,LSL,ARHE,Argyropelecus hemigymnus
Sarmiento,4,2,Sternoptychidae,NA,NA,NA,24.96,NA,4 _ 2,SG2105,332,47,Argyropelecus hemigymnus,ARHE,visual,ARHE,NA,H,SG2105_ORG332_MOC4_NET2,0.3908,NA,NA,mb,2,H,NA,,neg80,,20211119,LSL,ARHE,Argyropelecus hemigymnus
Sarmiento,4,2,Sternoptychidae,NA,NA,NA,21.22,NA,4 _ 2,SG2105,333,47,Argyropelecus hemigymnus,ARHE,visual,ARHE,NA,H,SG2105_ORG333_MOC4_NET2,0.1989,0.0137,NA,mb,2,H,NA,,neg80,,20211119,LSL,ARHE,Argyropelecus hemigymnus
Sarmiento,4,2,Sternoptychidae,NA,NA,NA,14.64,NA,4 _ 2,SG2105,334,47,Argyropelecus hemigymnus,ARHE,visual,ARHE,NA,H,SG2105_ORG334_MOC4_NET2,0.0787,0.0026,NA,mb,2,M,NA,,neg80,,20211119,LSL,ARHE,Argyropelecus hemigymnus
Sarmiento,4,2,Sternoptychidae,NA,NA,NA,14.45,NA,4 _ 2,SG2105,335,47,Argyropelecus lychnus,ARLY,visual,ARLY,NA,H,SG2105_ORG335_MOC4_NET2,0.08,0.0034,NA,mb,9,,NA,,neg80,ID Notes: changed to ARLY on 12/20/2021,20211119,LSL,ARLY,Argyropelecus lychnus
Sarmiento,4,1,Gonostomatidae,NA,NA,NA,31,NA,4 _ 1,SG2105,336,44,Cyclothone microdon,CYMI,visual,CYMI,NA,L,SG2105_ORG336-339_MOC4_NET1,0.1652,NA,NA,,NA,,NA,,neg80,ID Notes: maybe microdon but damaged. Fish 336-341 refrozen in foil together; bodies too damaged to collect guts,20211130,LSL,CYMI,Cyclothone microdon
Sarmiento,4,1,Gonostomatidae,NA,NA,NA,37,NA,4 _ 1,SG2105,337,44,Cyclothone microdon,CYMI,visual,CYMI,NA,L,SG2105_ORG336-339_MOC4_NET1,0.2099,NA,NA,,NA,,NA,,neg80,ID Notes: maybe microdon but damaged. Fish 336-341 refrozen in foil together; bodies too damaged to collect guts,20211130,LSL,CYMI,Cyclothone microdon
Sarmiento,4,1,Gonostomatidae,NA,NA,NA,32,NA,4 _ 1,SG2105,338,44,Cyclothone sp.,CYSP,visual,CYSP,NA,H,SG2105_ORG336-339_MOC4_NET1,0.155,NA,NA,,NA,,NA,,neg80,Fish 336-341 refrozen in foil together; bodies too damaged to collect guts,20211130,LSL,CYSP,Cyclothone sp.
Sarmiento,4,1,Gonostomatidae,NA,NA,NA,31,NA,4 _ 1,SG2105,339,44,Cyclothone sp.,CYSP,visual,CYSP,NA,H,SG2105_ORG336-339_MOC4_NET1,0.1526,NA,NA,,NA,,NA,,neg80,Fish 336-341 refrozen in foil together; bodies too damaged to collect guts,20211130,LSL,CYSP,Cyclothone sp.
Sarmiento,4,1,Gonostomatidae,NA,NA,NA,34,NA,4 _ 1,SG2105,340,44,Cyclothone sp.,CYSP,visual,CYSP,NA,H,SG2105_ORG340-341_MOC4_NET1,0.1598,NA,NA,,NA,,NA,,neg80,Fish 336-341 refrozen in foil together; bodies too damaged to collect guts,20211130,LSL,CYSP,Cyclothone sp.
Sarmiento,4,1,Gonostomatidae,NA,NA,NA,32,NA,4 _ 1,SG2105,341,44,Cyclothone sp.,CYSP,visual,CYSP,NA,H,SG2105_ORG340-341_MOC4_NET1,0.1437,NA,NA,,NA,,NA,,neg80,Fish 336-341 refrozen in foil together; bodies too damaged to collect guts,20211130,LSL,CYSP,Cyclothone sp.
Sarmiento,4,1,Gonostomatidae,NA,NA,NA,30.89,NA,4 _ 1,SG2105,342,44,Cyclothone sp.,CYSP,visual,CYSP,NA,H,SG2105_ORG342_MOC4_NET1,0.1495,0.0037,NA,mb,2,H,NA,,neg80,,20211130,LSL,CYSP,Cyclothone sp.
Sarmiento,4,1,Gonostomatidae,NA,NA,NA,32,NA,4 _ 1,SG2105,343,44,Cyclothone sp.,CYSP,visual,CYSP,NA,H,SG2105_ORG343_MOC4_NET1,0.1615,NA,NA,mb,2,H,NA,,neg80,,20211130,LSL,CYSP,Cyclothone sp.
Sarmiento,4,1,Gonostomatidae,NA,NA,NA,33,NA,4 _ 1,SG2105,344,44,Cyclothone sp.,CYSP,visual,CYSP,NA,H,SG2105_ORG344_MOC4_NET1,0.2129,0.0051,NA,mb,2,H,NA,,neg80,,20211130,LSL,CYSP,Cyclothone sp.
Sarmiento,4,1,Gonostomatidae,NA,NA,NA,32.3,NA,4 _ 1,SG2105,345,44,Cyclothone microdon,CYMI,visual,CYMI,NA,L,SG2105_ORG345-346_MOC4_NET1,0.1576,0.0043,NA,mb,NA,,NA,,neg80,,20211130,LSL,CYMI,Cyclothone microdon
Sarmiento,4,1,Gonostomatidae,NA,NA,NA,31.18,NA,4 _ 1,SG2105,346,44,Cyclothone microdon,CYMI,visual,CYMI,NA,L,SG2105_ORG345-346_MOC4_NET1,0.1598,NA,NA,visual,9,,NA,,neg80,,20211130,LSL,CYMI,Cyclothone microdon
Sarmiento,4,1,Gonostomatidae,NA,NA,NA,36,NA,4 _ 1,SG2105,347,44,Cyclothone sp.,CYSP,visual,CYSP,NA,H,SG2105_ORG347_MOC4_NET1,0.2496,NA,NA,mb,9,,NA,,neg80,,20211130,LSL,CYSP,Cyclothone sp.
Sarmiento,4,1,Gonostomatidae,NA,NA,NA,35,NA,4 _ 1,SG2105,348,44,Cyclothone sp.,CYSP,visual,CYSP,NA,H,SG2105_ORG348_MOC4_NET1,0.2193,0.0039,NA,mb,1,L,NA,,neg80,,20211130,LSL,CYSP,Cyclothone sp.
Sarmiento,4,1,Gonostomatidae,NA,NA,NA,29,NA,4 _ 1,SG2105,349,44,Cyclothone microdon,CYMI,visual,CYMI,NA,L,SG2105_ORG349_MOC4_NET1,0.1078,0.0045,NA,visual,NA,,NA,,neg80,,20211130,LSL,CYMI,Cyclothone microdon
Sarmiento,4,1,Gonostomatidae,NA,NA,NA,34,NA,4 _ 1,SG2105,350,44,Cyclothone microdon,CYMI,visual,CYMI,NA,L,SG2105_ORG350_MOC4_NET1,0.232,NA,NA,,NA,,NA,,neg80,Body broken,20211130,LSL,CYMI,Cyclothone microdon
Sarmiento,4,1,Gonostomatidae,NA,NA,NA,69,NA,4 _ 1,SG2105,351,44,Cyclothone microdon,CYMI,visual,CYMI,NA,L,SG2105_ORG351_MOC4_NET1,1.5694,0.0449,0.0397,mb,2,H,NA,,neg80,,20211130,LSL,CYMI,Cyclothone microdon
Sarmiento,4,1,Myctophidae,NA,NA,NA,31,NA,4 _ 1,SG2105,352,44,Lampanyctus macdonaldi,LAMA,visual,LAMA,NA,M,SG2105_ORG352_MOC4_NET1,0.1739,NA,NA,visual,NA,,NA,,neg80,"ID Notes: fish 352-354 same species, LAMA based on gill rakers (7+1+15)",20211130,LSL,LAMA,Lampanyctus macdonaldi
Sarmiento,4,1,Myctophidae,NA,NA,NA,35.29,NA,4 _ 1,SG2105,353,44,Lampanyctus macdonaldi,LAMA,visual,LAMA,NA,M,SG2105_ORG353_MOC4_NET1,0.2937,NA,NA,mb,NA,,NA,,neg80,"ID Notes: fish 352-354 same species, LAMA based on gill rakers (7+1+15)",20211130,LSL,LAMA,Lampanyctus macdonaldi
Sarmiento,4,1,Myctophidae,NA,NA,NA,26.26,NA,4 _ 1,SG2105,354,44,Lampanyctus macdonaldi,LAMA,visual,LAMA,NA,M,SG2105_ORG354_MOC4_NET1,0.1028,NA,NA,mb,NA,,NA,,neg80,"ID Notes: fish 352-354 same species, LAMA based on gill rakers (7+1+15)",20211130,LSL,LAMA,Lampanyctus macdonaldi
Sarmiento,5,2,Sternoptychidae,NA,NA,NA,15.78,NA,5 _ 2,SG2105,375,64,Argyropelecus lychnus,ARLY,visual,ARLY,NA,H,SG2105_ORG375_MOC5_NET2,0.0959,0.0115,NA,mb,NA,,NA,,neg80,"ID Notes: First verified ARLY based on body depth to length ratio, canines, post abdominal spines, upper and lower preopercular spines (change all previous ARSP in this cruise to ARLY)",20211203,LSL,ARLY,Argyropelecus lychnus
Sarmiento,5,2,Sternoptychidae,NA,NA,NA,20.09,NA,5 _ 2,SG2105,376,64,Argyropelecus hemigymnus,ARHE,visual,ARHE,NA,H,SG2105_ORG376_MOC5_NET2,0.2102,NA,NA,mb,2,H,NA,,neg80,Gonad: obvious hydrated oocytes with multiple stages of developing oocytes,20211203,LSL,ARHE,Argyropelecus hemigymnus
Sarmiento,5,2,Sternoptychidae,NA,NA,NA,17,NA,5 _ 2,SG2105,377,64,Argyropelecus hemigymnus,ARHE,visual,ARHE,NA,H,SG2105_ORG377_MOC5_NET2,0.1147,0.0083,NA,mb,NA,,NA,,neg80,Fish BC: hard to get clean BC sample from fish 377-386,20211203,LSL,ARHE,Argyropelecus hemigymnus
Sarmiento,5,2,Sternoptychidae,NA,NA,NA,23,NA,5 _ 2,SG2105,378,64,Argyropelecus hemigymnus,ARHE,visual,ARHE,NA,H,SG2105_ORG378-379_MOC5_NET2,0.3179,0.0359,NA,mb,1,H,NA,,neg80,Fish BC: hard to get clean BC sample from fish 377-386,20211203,LSL,ARHE,Argyropelecus hemigymnus
Sarmiento,5,2,Sternoptychidae,NA,NA,NA,20,NA,5 _ 2,SG2105,379,64,Argyropelecus hemigymnus,ARHE,visual,ARHE,NA,H,SG2105_ORG378-379_MOC5_NET2,0.13,0.0292,NA,mb,1,H,NA,,neg80,Fish BC: hard to get clean BC sample from fish 377-386. Gut: in mouth but not inverted,20211203,LSL,ARHE,Argyropelecus hemigymnus
Sarmiento,5,2,Sternoptychidae,NA,NA,NA,22,NA,5 _ 2,SG2105,380,64,Argyropelecus hemigymnus,ARHE,visual,ARHE,NA,H,SG2105_ORG380-381_MOC5_NET2,0.2254,0.0159,NA,mb,2,H,NA,,neg80,Fish BC: hard to get clean BC sample from fish 377-386,20211203,LSL,ARHE,Argyropelecus hemigymnus
Sarmiento,5,2,Sternoptychidae,NA,NA,NA,19,NA,5 _ 2,SG2105,381,64,Argyropelecus hemigymnus,ARHE,visual,ARHE,NA,H,SG2105_ORG380-381_MOC5_NET2,0.1271,NA,NA,mb,2,H,NA,,neg80,"Fish BC: hard to get clean BC sample from fish 377-386. Gut: in mouth, may be damaged",20211203,LSL,ARHE,Argyropelecus hemigymnus
Sarmiento,5,2,Sternoptychidae,NA,NA,NA,23,NA,5 _ 2,SG2105,382,64,Argyropelecus hemigymnus,ARHE,visual,ARHE,NA,H,SG2105_ORG382-383_MOC5_NET2,0.1943,0.0163,NA,mb,2,H,NA,,neg80,"Fish BC: hard to get clean BC sample from fish 377-386. Gut: in mouth, appears ok",20211203,LSL,ARHE,Argyropelecus hemigymnus
Sarmiento,5,2,Sternoptychidae,NA,NA,NA,19.25,NA,5 _ 2,SG2105,383,64,Argyropelecus hemigymnus,ARHE,visual,ARHE,NA,H,SG2105_ORG382-383_MOC5_NET2,0.1471,0.0042,NA,mb,1,H,NA,,neg80,Fish BC: hard to get clean BC sample from fish 377-386,20211203,LSL,ARHE,Argyropelecus hemigymnus
Sarmiento,5,2,Sternoptychidae,NA,NA,NA,16.55,NA,5 _ 2,SG2105,384,64,Argyropelecus hemigymnus,ARHE,visual,ARHE,NA,H,SG2105_ORG384-385_MOC5_NET2,0.0855,NA,NA,mb,1,M,NA,,neg80,Fish BC: hard to get clean BC sample from fish 377-386,20211203,LSL,ARHE,Argyropelecus hemigymnus
Sarmiento,5,2,Sternoptychidae,NA,NA,NA,22.1,NA,5 _ 2,SG2105,385,64,Argyropelecus hemigymnus,ARHE,visual,ARHE,NA,H,SG2105_ORG384-385_MOC5_NET2,0.2046,NA,NA,mb,2,H,NA,,neg80,"Fish BC: hard to get clean BC sample from fish 377-386. Gut: in mouth, appears ok",20211203,LSL,ARHE,Argyropelecus hemigymnus
Sarmiento,5,2,Sternoptychidae,NA,NA,NA,16.18,NA,5 _ 2,SG2105,386,64,Argyropelecus hemigymnus,ARHE,visual,ARHE,NA,H,SG2105_ORG386_MOC5_NET2,0.0956,NA,NA,mb,1,M,NA,,neg80,too small for BC,20211203,LSL,ARHE,Argyropelecus hemigymnus
Sarmiento,5,2,Myctophidae,NA,NA,NA,32.07,NA,5 _ 2,SG2105,390,65,Protomyctophum arcticum,PRAR,visual,PRAR,NA,H,SG2105_ORG390_MOC5_NET1,0.4838,NA,NA,,NA,,NA,,neg80,Did not collect samples since this is a one off fish species so far,20211209,LSL,PRAR,Protomyctophum arcticum
Sarmiento,5,1,Gonostomatidae,NA,NA,NA,33,NA,5 _ 1,SG2105,391,70,Cyclothone sp.,CYSP,visual,CYSP,NA,H,SG2105_ORG391_MOC5_NET1,0.1913,NA,NA,mb,1,M,NA,,neg80,Fish 391-393: think these were previously thawed to pull fish for ETS; fish in poor condition,20211209,LSL,CYSP,Cyclothone sp.
Sarmiento,5,1,Gonostomatidae,NA,NA,NA,32,NA,5 _ 1,SG2105,392,70,Cyclothone sp.,CYSP,visual,CYSP,NA,H,SG2105_ORG392-393_MOC5_NET1,0.171,0.007,NA,visual,NA,,NA,,neg80,Fish 394-397: previously thawed; most fish in pieces,20211209,LSL,CYSP,Cyclothone sp.
Sarmiento,5,1,Gonostomatidae,NA,NA,NA,38.52,NA,5 _ 1,SG2105,393,70,Cyclothone microdon,CYMI,visual,CYMI,NA,L,SG2105_ORG392-393_MOC5_NET1,0.254,0.0083,NA,visual,NA,,NA,,neg80,Fish 394-397: previously thawed; most fish in pieces,20211209,LSL,CYMI,Cyclothone microdon
Sarmiento,5,1,Gonostomatidae,NA,NA,NA,55.8,NA,5 _ 1,SG2105,394,62,Cyclothone microdon,CYMI,visual,CYMI,NA,L,SG2105_ORG394-395_MOC5_NET1,0.8007,NA,NA,,NA,,NA,,neg80,Fish 394-397: previously thawed; most fish in pieces,20211209,LSL,CYMI,Cyclothone microdon
Sarmiento,5,1,Gonostomatidae,NA,NA,NA,27.76,NA,5 _ 1,SG2105,395,62,Cyclothone sp.,CYSP,visual,CYSP,NA,H,SG2105_ORG394-395_MOC5_NET1,0.0864,NA,NA,,NA,,NA,,neg80,Fish 394-397: previously thawed; most fish in pieces,20211209,LSL,CYSP,Cyclothone sp.
Sarmiento,5,1,Myctophidae,NA,NA,NA,33.33,NA,5 _ 1,SG2105,397,62,Lampanyctus sp.,LASP,visual,LASP,NA,L,SG2105_ORG396-397_MOC5_NET1,0.1862,NA,NA,,NA,,NA,,neg80,Fish 394-397: previously thawed; most fish in pieces,20211209,LSL,LASP,Lampanyctus sp.
Sarmiento,6,4,Myctophidae,NA,NA,NA,68,NA,6 _ 4,SG2105,414,80,Myctophum punctatum,MYPU,visual,MYPU,NA,H,SG2105_ORG414_MOC6_NET4,4.9378,0.4198,NA,visual,2,H,NA,,neg80,,20211210,LSL,MYPU,Myctophum punctatum
Sarmiento,6,4,Myctophidae,NA,NA,NA,25,NA,6 _ 4,SG2105,415,80,Benthosema glaciale,BEGL,visual,BEGL,NA,H,SG2105_ORG415-416_MOC6_NET4,0.2104,0.0014,NA,mb,NA,,NA,,neg80,,20211210,LSL,BEGL,Benthosema glaciale
Sarmiento,6,4,Myctophidae,NA,NA,NA,25.28,NA,6 _ 4,SG2105,416,80,Benthosema glaciale,BEGL,visual,BEGL,NA,H,SG2105_ORG415-416_MOC6_NET4,0.2056,0.0156,NA,mb,NA,,NA,,neg80,,20211210,LSL,BEGL,Benthosema glaciale
Sarmiento,6,4,Myctophidae,NA,NA,NA,29.24,NA,6 _ 4,SG2105,417,80,Benthosema glaciale,BEGL,visual,BEGL,NA,H,SG2105_ORG417-418_MOC6_NET4,0.3411,0.0208,NA,mb,NA,,NA,,neg80,,20211210,LSL,BEGL,Benthosema glaciale
Sarmiento,6,4,Myctophidae,NA,NA,NA,24,NA,6 _ 4,SG2105,418,80,Benthosema glaciale,BEGL,visual,BEGL,NA,H,SG2105_ORG417-418_MOC6_NET4,0.1917,0.0168,NA,mb,NA,,NA,,neg80,,20211210,LSL,BEGL,Benthosema glaciale
Sarmiento,6,4,Myctophidae,NA,NA,NA,23.43,NA,6 _ 4,SG2105,419,80,Benthosema glaciale,BEGL,visual,BEGL,NA,H,SG2105_ORG419-420_MOC6_NET4,0.1808,0.0058,NA,mb,NA,,NA,,neg80,,20211210,LSL,BEGL,Benthosema glaciale
Sarmiento,6,4,Myctophidae,NA,NA,NA,24.7,NA,6 _ 4,SG2105,420,80,Benthosema glaciale,BEGL,visual,BEGL,NA,H,SG2105_ORG419-420_MOC6_NET4,0.2134,NA,NA,mb,NA,,NA,,neg80,,20211210,LSL,BEGL,Benthosema glaciale
Sarmiento,6,4,Myctophidae,NA,NA,NA,27.17,NA,6 _ 4,SG2105,421,80,Benthosema glaciale,BEGL,visual,BEGL,NA,H,SG2105_ORG421-422_MOC6_NET4,0.2843,NA,NA,mb,NA,,NA,,neg80,,20211210,LSL,BEGL,Benthosema glaciale
Sarmiento,6,4,Myctophidae,NA,NA,NA,26.6,NA,6 _ 4,SG2105,422,80,Benthosema glaciale,BEGL,visual,BEGL,NA,H,SG2105_ORG421-422_MOC6_NET4,0.284,NA,NA,mb,NA,,NA,,neg80,,20211210,LSL,BEGL,Benthosema glaciale
Sarmiento,6,4,Myctophidae,NA,NA,NA,33.72,NA,6 _ 4,SG2105,423,80,Benthosema glaciale,BEGL,visual,BEGL,NA,H,SG2105_ORG423-424_MOC6_NET4,0.6518,0.0243,NA,mb,NA,,NA,,neg80,,20211210,LSL,BEGL,Benthosema glaciale
Sarmiento,6,4,Myctophidae,NA,NA,NA,25.71,NA,6 _ 4,SG2105,424,80,Benthosema glaciale,BEGL,visual,BEGL,NA,H,SG2105_ORG423-424_MOC6_NET4,0.2364,NA,NA,mb,NA,,NA,,neg80,,20211210,LSL,BEGL,Benthosema glaciale
Sarmiento,6,4,Myctophidae,NA,NA,NA,27,NA,6 _ 4,SG2105,425,80,Benthosema glaciale,BEGL,visual,BEGL,NA,H,SG2105_ORG425-426_MOC6_NET4,0.2282,0.0147,NA,mb,NA,,NA,,neg80,,20211210,LSL,BEGL,Benthosema glaciale
Sarmiento,6,4,Myctophidae,NA,NA,NA,26.51,NA,6 _ 4,SG2105,426,80,Benthosema glaciale,BEGL,visual,BEGL,NA,H,SG2105_ORG425-426_MOC6_NET4,0.2357,0.0158,NA,mb,NA,,NA,,neg80,,20211210,LSL,BEGL,Benthosema glaciale
Sarmiento,6,4,Myctophidae,NA,NA,NA,24.82,NA,6 _ 4,SG2105,427,80,Benthosema glaciale,BEGL,visual,BEGL,NA,H,,0.2,0.0193,NA,mb,NA,,NA,,neg80,"Oops, no image",20211210,LSL,BEGL,Benthosema glaciale
Sarmiento,6,4,Myctophidae,NA,NA,NA,21.34,NA,6 _ 4,SG2105,428,80,Benthosema glaciale,BEGL,visual,BEGL,NA,H,,0.1258,0.0038,NA,mb,NA,,NA,,neg80,"Oops, no image",20211210,LSL,BEGL,Benthosema glaciale
Sarmiento,6,4,Myctophidae,NA,NA,NA,24,NA,6 _ 4,SG2105,429,80,Benthosema glaciale,BEGL,visual,BEGL,NA,H,,0.187,0.0083,NA,mb,NA,,NA,,neg80,"Oops, no image",20211210,LSL,BEGL,Benthosema glaciale
Sarmiento,6,4,Myctophidae,NA,NA,NA,23.35,NA,6 _ 4,SG2105,430,80,Myctophum punctatum,MYPU,visual,MYPU,NA,H,SG2105_ORG430-431_MOC6_NET4,0.1803,0.021,NA,mb,NA,,NA,,neg80,,20211210,LSL,MYPU,Myctophum punctatum
Sarmiento,6,4,Myctophidae,NA,NA,NA,21.49,NA,6 _ 4,SG2105,431,80,Myctophum punctatum,MYPU,visual,MYPU,NA,H,SG2105_ORG430-431_MOC6_NET4,0.1262,0.0169,NA,mb,NA,,NA,,neg80,,20211210,LSL,MYPU,Myctophum punctatum
Sarmiento,6,4,Myctophidae,NA,NA,NA,23.97,NA,6 _ 4,SG2105,432,80,Myctophum punctatum,MYPU,visual,MYPU,NA,H,SG2105_ORG432-433_MOC6_NET4,NA,0.0132,NA,visual,NA,,NA,,neg80,Gut may be labeled as 433,20211210,LSL,MYPU,Myctophum punctatum
Sarmiento,6,2,Sternoptychidae,NA,NA,NA,30.47,NA,6 _ 2,SG2105,434,77,Valenciennellus tripunctulatus,VATR,visual,VATR,NA,H,SG2105_ORG434_MOC6_NET2,0.3369,NA,NA,,NA,,NA,,neg80,Did not collect gut since one off species,20211210,LSL,VATR,Valenciennellus tripunctulatus
Sarmiento,6,1,Gonostomatidae,NA,NA,NA,30.51,NA,6 _ 1,SG2105,435,75,Cyclothone sp.,CYSP,visual,CYSP,NA,,SG2105_ORG435-436_MOC6_NET1,0.1554,NA,NA,mb,NA,,NA,,neg80,,20211210,LSL,CYSP,Cyclothone sp.
Sarmiento,6,1,Gonostomatidae,NA,NA,NA,29.75,NA,6 _ 1,SG2105,436,75,Cyclothone sp.,CYSP,visual,CYSP,NA,,SG2105_ORG435-436_MOC6_NET1,0.118,NA,NA,mb,NA,,NA,,neg80,,20211210,LSL,CYSP,Cyclothone sp.
Sarmiento,6,1,Gonostomatidae,NA,NA,NA,30.89,NA,6 _ 1,SG2105,437,75,Cyclothone sp.,CYSP,visual,CYSP,NA,,SG2105_ORG437-438_MOC6_NET1,0.1396,NA,NA,visual,NA,,NA,,neg80,,20211210,LSL,CYSP,Cyclothone sp.
Sarmiento,6,1,Gonostomatidae,NA,NA,NA,29.64,NA,6 _ 1,SG2105,438,75,Cyclothone sp.,CYSP,visual,CYSP,NA,,SG2105_ORG437-438_MOC6_NET1,0.1316,NA,NA,visual,NA,,NA,,neg80,,20211210,LSL,CYSP,Cyclothone sp.
Sarmiento,6,1,Gonostomatidae,NA,NA,NA,37.27,NA,6 _ 1,SG2105,439,75,Cyclothone microdon,CYMI,visual,CYMI,NA,L,SG2105_ORG439-440_MOC6_NET1,NA,NA,NA,mb,NA,,NA,,neg80,,20211210,LSL,CYMI,Cyclothone microdon
Sarmiento,6,1,Gonostomatidae,NA,NA,NA,29.23,NA,6 _ 1,SG2105,440,75,Cyclothone microdon,CYMI,visual,CYMI,NA,L,SG2105_ORG439-440_MOC6_NET1,NA,NA,NA,mb,NA,,NA,,neg80,,20211210,LSL,CYMI,Cyclothone microdon
Sarmiento,6,1,Gonostomatidae,NA,NA,NA,30.65,NA,6 _ 1,SG2105,441,75,Cyclothone microdon,CYMI,visual,CYMI,NA,L,SG2105_ORG441-442_MOC6_NET1,0.1424,NA,NA,visual,NA,,NA,,neg80,,20211210,LSL,CYMI,Cyclothone microdon
Sarmiento,6,1,Gonostomatidae,NA,NA,NA,28.37,NA,6 _ 1,SG2105,442,75,Cyclothone microdon,CYMI,visual,CYMI,NA,L,SG2105_ORG441-442_MOC6_NET1,0.1024,NA,NA,visual,NA,,NA,,neg80,,20211210,LSL,CYMI,Cyclothone microdon
Sarmiento,6,1,Gonostomatidae,NA,NA,NA,32.27,NA,6 _ 1,SG2105,443,75,Cyclothone sp.,CYSP,visual,CYSP,NA,,SG2105_ORG443_MOC6_NET1,0.1659,NA,NA,,NA,,NA,,neg80,"Squished belly, no samples. ID Notes: light cyclothone",20211210,LSL,CYSP,Cyclothone sp.
Sarmiento,6,1,Gonostomatidae,NA,NA,NA,34.73,NA,6 _ 1,SG2105,444,75,Cyclothone microdon,CYMI,visual,CYMI,NA,L,SG2105_ORG444_MOC6_NET1,0.1879,NA,NA,,NA,,NA,,neg80,ID Notes: dark cyclothone,20211210,LSL,CYMI,Cyclothone microdon
Sarmiento,7,1,Gonostomatidae,NA,NA,NA,51.39,NA,7 _ 1,SG2105,464,84,Cyclothone microdon,CYMI,visual,CYMI,NA,L,SG2105_ORG464_MOC7_NET1,0.597,0.026,NA,mb,NA,,NA,,neg80,,20211221,LSL,CYMI,Cyclothone microdon
Sarmiento,7,1,Gonostomatidae,NA,NA,NA,34.38,NA,7 _ 1,SG2105,465,84,Cyclothone microdon,CYMI,visual,CYMI,NA,L,SG2105_ORG465_MOC7_NET1,0.2707,NA,NA,mb,NA,,NA,,neg80,,20211221,LSL,CYMI,Cyclothone microdon
Sarmiento,7,1,Gonostomatidae,NA,NA,NA,39.23,NA,7 _ 1,SG2105,466,84,Cyclothone microdon,CYMI,visual,CYMI,NA,L,SG2105_ORG466_MOC7_NET1,0.302,NA,NA,mb,NA,,NA,,neg80,,20211221,LSL,CYMI,Cyclothone microdon
Sarmiento,7,1,Gonostomatidae,NA,NA,NA,31.06,NA,7 _ 1,SG2105,467,84,Cyclothone microdon,CYMI,visual,CYMI,NA,L,SG2105_ORG467_MOC7_NET1,0.1601,NA,NA,mb,NA,,NA,,neg80,,20211221,LSL,CYMI,Cyclothone microdon
Sarmiento,7,1,Gonostomatidae,NA,NA,NA,32.38,NA,7 _ 1,SG2105,468,84,Cyclothone microdon,CYMI,visual,CYMI,NA,L,SG2105_ORG468_MOC7_NET1,0.1538,NA,NA,none,NA,,NA,,neg80,Damaged gut,20211221,LSL,CYMI,Cyclothone microdon
Sarmiento,7,1,Gonostomatidae,NA,NA,NA,34.4,NA,7 _ 1,SG2105,469,84,Cyclothone microdon,CYMI,visual,CYMI,NA,L,SG2105_ORG469_MOC7_NET1,0.2282,NA,NA,none,NA,,NA,,neg80,Damaged gut,20211221,LSL,CYMI,Cyclothone microdon
Sarmiento,7,1,Gonostomatidae,NA,NA,NA,31.78,NA,7 _ 1,SG2105,470,84,Cyclothone sp.,CYSP,visual,CYSP,NA,,SG2105_ORG470_MOC7_NET1,0.1792,NA,NA,mb,NA,,NA,,neg80,ID Notes: 470-478 may be same sp.,20211221,LSL,CYSP,Cyclothone sp.
Sarmiento,7,1,Gonostomatidae,NA,NA,NA,33.46,NA,7 _ 1,SG2105,471,84,Cyclothone sp.,CYSP,visual,CYSP,NA,,SG2105_ORG471_MOC7_NET1,0.1823,NA,NA,mb,NA,,NA,,neg80,ID Notes: 470-478 may be same sp.,20211221,LSL,CYSP,Cyclothone sp.
Sarmiento,7,1,Gonostomatidae,NA,NA,NA,31.45,NA,7 _ 1,SG2105,472,84,Cyclothone sp.,CYSP,visual,CYSP,NA,,SG2105_ORG472_MOC7_NET1,0.1939,NA,NA,mb,NA,,NA,,neg80,ID Notes: 470-478 may be same sp.,20211221,LSL,CYSP,Cyclothone sp.
Sarmiento,7,1,Gonostomatidae,NA,NA,NA,32.03,NA,7 _ 1,SG2105,473,84,Cyclothone sp.,CYSP,visual,CYSP,NA,,SG2105_ORG473_MOC7_NET1,0.1936,NA,NA,mb,2,H,NA,,neg80,ID Notes: 470-478 may be same sp.,20211221,LSL,CYSP,Cyclothone sp.
Sarmiento,7,1,Gonostomatidae,NA,NA,NA,33.01,NA,7 _ 1,SG2105,474,84,Cyclothone sp.,CYSP,visual,CYSP,NA,,SG2105_ORG474_MOC7_NET1,0.2221,NA,NA,mb,NA,,NA,,neg80,ID Notes: 470-478 may be same sp.,20211221,LSL,CYSP,Cyclothone sp.
Sarmiento,7,1,Gonostomatidae,NA,NA,NA,31.18,NA,7 _ 1,SG2105,475,84,Cyclothone sp.,CYSP,visual,CYSP,NA,,SG2105_ORG475_MOC7_NET1,0.1773,NA,NA,mb,NA,,NA,,neg80,ID Notes: 470-478 may be same sp.,20211221,LSL,CYSP,Cyclothone sp.
Sarmiento,7,1,Gonostomatidae,NA,NA,NA,31.95,NA,7 _ 1,SG2105,476,84,Cyclothone sp.,CYSP,visual,CYSP,NA,,SG2105_ORG476-478_MOC7_NET1,0.1846,NA,NA,none,NA,,NA,,neg80,ID Notes: 470-478 may be same sp. Gut damaged,20211221,LSL,CYSP,Cyclothone sp.
Sarmiento,7,1,Gonostomatidae,NA,NA,NA,32.71,NA,7 _ 1,SG2105,477,84,Cyclothone sp.,CYSP,visual,CYSP,NA,,SG2105_ORG476-478_MOC7_NET1,0.1786,NA,NA,none,NA,,NA,,neg80,ID Notes: 470-478 may be same sp. Gut damaged,20211221,LSL,CYSP,Cyclothone sp.
Sarmiento,7,1,Gonostomatidae,NA,NA,NA,31.88,NA,7 _ 1,SG2105,478,84,Cyclothone sp.,CYSP,visual,CYSP,NA,,SG2105_ORG476-478_MOC7_NET1,NA,NA,NA,none,NA,,NA,,neg80,ID Notes: 470-478 may be same sp. Gut damaged,20211221,LSL,CYSP,Cyclothone sp.
Sarmiento,7,1,Myctophidae,NA,NA,NA,34,NA,7 _ 1,SG2105,490,85,Benthosema glaciale,BEGL,visual,BEGL,NA,H,SG2105_ORG490_MOC7_NET1,0.4822,NA,NA,mb,NA,,NA,,neg80,Unsure if previously thawed,20220113,LSL,BEGL,Benthosema glaciale
Sarmiento,8,2,Sternoptychidae,NA,NA,NA,27.23,NA,8 _ 2,SG2105,491,100,Argyropelecus hemigymnus,ARHE,visual,ARHE,NA,H,SG2105_ORG491_MOC8_NET2,0.4614,NA,NA,mb,2,H,NA,,neg80,Gut tore open but think I got it all,20220113,LSL,ARHE,Argyropelecus hemigymnus
Sarmiento,8,2,Sternoptychidae,NA,NA,NA,26.53,NA,8 _ 2,SG2105,492,100,Argyropelecus hemigymnus,ARHE,visual,ARHE,NA,H,SG2105_ORG492_MOC8_NET2,0.4165,NA,NA,mb,2,H,NA,,neg80,Gut in mouth but ok,20220113,LSL,ARHE,Argyropelecus hemigymnus
Sarmiento,8,2,Sternoptychidae,NA,NA,NA,29.46,NA,8 _ 2,SG2105,493,100,Argyropelecus hemigymnus,ARHE,visual,ARHE,NA,H,SG2105_ORG493_MOC8_NET2,0.5956,NA,NA,mb,2,H,NA,,neg80,"Gut in mouth, may be compromised, other organs (gall bladder and intestine)l in vial",20220113,LSL,ARHE,Argyropelecus hemigymnus
Sarmiento,8,2,Sternoptychidae,NA,NA,NA,29.37,NA,8 _ 2,SG2105,494,100,Argyropelecus hemigymnus,ARHE,visual,ARHE,NA,H,SG2105_ORG494_MOC8_NET2,0.4842,NA,NA,mb,2,H,NA,,neg80,"Gut in mouth, tore open, but think okay",20220113,LSL,ARHE,Argyropelecus hemigymnus
Sarmiento,8,2,Sternoptychidae,NA,NA,NA,29.17,NA,8 _ 2,SG2105,495,100,Argyropelecus hemigymnus,ARHE,visual,ARHE,NA,H,SG2105_ORG495_MOC8_NET2,0.5571,NA,NA,mb,2,H,NA,,neg80,"Gut in mouth, tore open, but think okay",20220113,LSL,ARHE,Argyropelecus hemigymnus
Sarmiento,8,2,Sternoptychidae,NA,NA,NA,28.85,NA,8 _ 2,SG2105,496,100,Argyropelecus hemigymnus,ARHE,visual,ARHE,NA,H,SG2105_ORG496_MOC8_NET2,0.5472,NA,NA,mb,2,H,NA,,neg80,Gut in mouth but seems ok,20220113,LSL,ARHE,Argyropelecus hemigymnus
Sarmiento,8,2,Sternoptychidae,NA,NA,NA,24.7,NA,8 _ 2,SG2105,497,100,Argyropelecus hemigymnus,ARHE,visual,ARHE,NA,H,SG2105_ORG497_MOC8_NET2,0.3659,NA,NA,mb,2,H,NA,,neg80,"Gut in mouth, ok but some liver in vial",20220113,LSL,ARHE,Argyropelecus hemigymnus
Sarmiento,8,2,Sternoptychidae,NA,NA,NA,29.13,NA,8 _ 2,SG2105,498,100,Argyropelecus hemigymnus,ARHE,visual,ARHE,NA,H,SG2105_ORG498_MOC8_NET2,0.6268,NA,NA,visual,2,H,NA,,neg80,"Gut in mouth , ok, some other organs in vial",20220113,LSL,ARHE,Argyropelecus hemigymnus
Sarmiento,8,2,Sternoptychidae,NA,NA,NA,32.54,NA,8 _ 2,SG2105,499,100,Argyropelecus hemigymnus,ARHE,visual,ARHE,NA,H,SG2105_ORG499_MOC8_NET2,0.7659,NA,NA,visual,2,H,NA,,neg80,Gut in mouth but sample good,20220113,LSL,ARHE,Argyropelecus hemigymnus
Sarmiento,8,2,Sternoptychidae,NA,NA,NA,27.93,NA,8 _ 2,SG2105,500,100,Argyropelecus hemigymnus,ARHE,visual,ARHE,NA,H,SG2105_ORG500_MOC8_NET2,0.5291,NA,NA,visual,2,H,NA,,neg80,"Gut in mouth, might have torn but think ok",20220113,LSL,ARHE,Argyropelecus hemigymnus
Sarmiento,8,2,Sternoptychidae,NA,NA,NA,26.89,NA,8 _ 2,SG2105,501,100,Argyropelecus hemigymnus,ARHE,visual,ARHE,NA,H,SG2105_ORG501_MOC8_NET2,0.63,NA,NA,visual,1,H,NA,,neg80,"Gut in mouth, tore open, may not be good",20220114,LSL,ARHE,Argyropelecus hemigymnus
Sarmiento,8,2,Sternoptychidae,NA,NA,NA,26.36,NA,8 _ 2,SG2105,502,100,Argyropelecus hemigymnus,ARHE,visual,ARHE,NA,H,SG2105_ORG502_MOC8_NET2,0.5046,NA,NA,visual,2,H,NA,,neg80,"Gut in mouth, ok",20220114,LSL,ARHE,Argyropelecus hemigymnus
Sarmiento,8,2,Sternoptychidae,NA,NA,NA,27.73,NA,8 _ 2,SG2105,503,100,Argyropelecus hemigymnus,ARHE,visual,ARHE,NA,H,SG2105_ORG503_MOC8_NET2,0.497,NA,NA,visual,2,H,NA,,neg80,"Gut in mouth, ok",20220114,LSL,ARHE,Argyropelecus hemigymnus
Sarmiento,8,2,Sternoptychidae,NA,NA,NA,20.39,NA,8 _ 2,SG2105,504,100,Argyropelecus hemigymnus,ARHE,visual,ARHE,NA,H,SG2105_ORG504_MOC8_NET2,0.2976,NA,NA,visual,2,H,NA,,neg80,"Gut in mouth, ok",20220114,LSL,ARHE,Argyropelecus hemigymnus
Sarmiento,8,2,Sternoptychidae,NA,NA,NA,29.64,NA,8 _ 2,SG2105,505,100,Argyropelecus hemigymnus,ARHE,visual,ARHE,NA,H,SG2105_ORG505_MOC8_NET2,0.8309,NA,NA,visual,2,H,NA,,neg80,Gut ok despite open body cavity,20220114,LSL,ARHE,Argyropelecus hemigymnus
Sarmiento,8,2,Sternoptychidae,NA,NA,NA,25.5,NA,8 _ 2,SG2105,506,100,Valenciennellus tripunctulatus,VATR,visual,VATR,NA,M,SG2105_ORG506_MOC8_NET2,0.1499,NA,NA,none,NA,,NA,,neg80,Fish in bad condition,20220114,LSL,VATR,Valenciennellus tripunctulatus
Sarmiento,8,1,Melamphaidae,NA,NA,NA,40.33,NA,8 _ 1,SG2105,507,97,Scopelogadus beanii,SCBE,visual,SCBE,NA,H,SG2105_ORG507_MOC8_NET1,1.3939,0.0486,0.0162,mb,NA,,NA,,neg80,"ID Notes: DF II, 11",20220114,LSL,SCBE,Scopelogadus beanii
Sarmiento,8,3,Myctophidae,NA,NA,NA,38.11,NA,8 _ 3,SG2105,508,102,Diaphus subtilis,DISU,visual,DISU,NA,M,SG2105_ORG508_MOC8_NET3,1.2052,NA,NA,none,NA,,NA,,neg80,,20220114,LSL,DISU,Diaphus subtilis
Sarmiento,8,3,Myctophidae,NA,NA,NA,41.14,NA,8 _ 3,SG2105,509,102,Lampanyctus macdonaldi,LAMA,visual,LAMA,NA,L,SG2105_ORG509-510_MOC8_NET3,0.5898,NA,NA,none,NA,,NA,,neg80,"Fishes in pieces in bad shape, no proper way to ID, just guessed based on previous fishes",20220114,LSL,LAMA,Lampanyctus macdonaldi
Sarmiento,8,3,Myctophidae,NA,NA,NA,35.35,NA,8 _ 3,SG2105,510,102,Lampanyctus macdonaldi,LAMA,visual,LAMA,NA,L,SG2105_ORG509-510_MOC8_NET3,0.2822,NA,NA,none,NA,,NA,,neg80,"Fishes in pieces in bad shape, no proper way to ID, just guessed based on previous fishes",20220114,LSL,LAMA,Lampanyctus macdonaldi
Sarmiento,8,1,Gonostomatidae,NA,NA,NA,31.79,NA,8 _ 1,SG2105,521,96,Cyclothone microdon,CYMI,visual,CYMI,20231213,L,SG2105_ORG521_MOC8_NET1,0.2643,NA,NA,mb,NA,,NA,,neg80,,20220120,LSL,CYMI,Cyclothone microdon
Sarmiento,8,1,Gonostomatidae,NA,NA,NA,35.3,NA,8 _ 1,SG2105,522,96,Cyclothone microdon,CYMI,visual,CYMI,NA,L,SG2105_ORG522_MOC8_NET1,0.2445,NA,NA,mb,NA,,NA,,neg80,,20220120,LSL,CYMI,Cyclothone microdon
Sarmiento,8,1,Gonostomatidae,NA,NA,NA,33.92,NA,8 _ 1,SG2105,523,96,Cyclothone microdon,CYMI,visual,CYMI,NA,L,SG2105_ORG523_MOC8_NET1,0.206,NA,NA,mb,NA,,NA,,neg80,,20220120,LSL,CYMI,Cyclothone microdon
Sarmiento,8,1,Gonostomatidae,NA,NA,NA,34.46,NA,8 _ 1,SG2105,524,96,Cyclothone microdon,CYMI,visual,CYMI,NA,L,SG2105_ORG524_MOC8_NET1,0.1936,NA,NA,mb,NA,,NA,,neg80,,20220120,LSL,CYMI,Cyclothone microdon
Sarmiento,8,1,Gonostomatidae,NA,NA,NA,32.11,NA,8 _ 1,SG2105,525,96,Cyclothone microdon,CYMI,visual,CYMI,NA,L,SG2105_ORG525_MOC8_NET1,0.1716,NA,NA,mb,NA,,NA,,neg80,,20220120,LSL,CYMI,Cyclothone microdon
Sarmiento,8,1,Gonostomatidae,NA,NA,NA,33.57,NA,8 _ 1,SG2105,526,96,Cyclothone microdon,CYMI,visual,CYMI,NA,L,SG2105_ORG526_MOC8_NET1,0.233,0.0058,NA,visual,NA,,NA,,neg80,,20220120,LSL,CYMI,Cyclothone microdon
Sarmiento,8,1,Gonostomatidae,NA,NA,NA,32.99,NA,8 _ 1,SG2105,527,96,Cyclothone microdon,CYMI,visual,CYMI,NA,L,SG2105_ORG527_MOC8_NET1,0.1976,0.0077,NA,visual,NA,,NA,,neg80,,20220120,LSL,CYMI,Cyclothone microdon
Sarmiento,8,1,Gonostomatidae,NA,NA,NA,33.5,NA,8 _ 1,SG2105,528,96,Cyclothone microdon,CYMI,visual,CYMI,NA,L,SG2105_ORG528_MOC8_NET1,0.2021,0.0073,NA,visual,NA,,NA,,neg80,,20220120,LSL,CYMI,Cyclothone microdon
Sarmiento,8,1,Gonostomatidae,NA,NA,NA,38.04,NA,8 _ 1,SG2105,529,96,Cyclothone microdon,CYMI,visual,CYMI,NA,L,SG2105_ORG529_MOC8_NET1,0.2971,0.0091,NA,visual,NA,,NA,,neg80,,20220120,LSL,CYMI,Cyclothone microdon
Sarmiento,8,1,Gonostomatidae,NA,NA,NA,30.03,NA,8 _ 1,SG2105,530,96,Cyclothone microdon,CYMI,visual,CYMI,NA,L,SG2105_ORG530_MOC8_NET1,0.1542,0.005,NA,visual,NA,,NA,,neg80,,20220120,LSL,CYMI,Cyclothone microdon
Sarmiento,8,1,Gonostomatidae,NA,NA,NA,39.81,NA,8 _ 1,SG2105,531,96,Cyclothone sp.,CYSP,visual,CYSP,NA,,SG2105_ORG531_MOC8_NET1,0.3846,NA,NA,mb,NA,,NA,,neg80,ID Notes: Fish 531-536 may be microdon or another dark sp,20220120,LSL,CYSP,Cyclothone sp.
Sarmiento,8,1,Gonostomatidae,NA,NA,NA,28.67,NA,8 _ 1,SG2105,532,96,Cyclothone sp.,CYSP,visual,CYSP,NA,,SG2105_ORG532_MOC8_NET1,0.1551,NA,NA,mb,NA,,NA,,neg80,ID Notes: Fish 531-536 may be microdon or another dark sp,20220120,LSL,CYSP,Cyclothone sp.
Sarmiento,8,1,Gonostomatidae,NA,NA,NA,31.57,NA,8 _ 1,SG2105,533,96,Cyclothone sp.,CYSP,visual,CYSP,NA,,SG2105_ORG533_MOC8_NET1,0.2321,NA,NA,mb,NA,,NA,,neg80,ID Notes: Fish 531-536 may be microdon or another dark sp,20220120,LSL,CYSP,Cyclothone sp.
Sarmiento,8,1,Gonostomatidae,NA,NA,NA,38.88,NA,8 _ 1,SG2105,534,96,Cyclothone sp.,CYSP,visual,CYSP,NA,,SG2105_ORG534_MOC8_NET1,0.3619,0.0117,NA,visual,NA,,NA,,neg80,ID Notes: Fish 531-536 may be microdon or another dark sp,20220120,LSL,CYSP,Cyclothone sp.
Sarmiento,8,1,Gonostomatidae,NA,NA,NA,34.88,NA,8 _ 1,SG2105,535,96,Cyclothone sp.,CYSP,visual,CYSP,NA,,SG2105_ORG535_MOC8_NET1,0.2785,0.0061,NA,visual,NA,,NA,,neg80,ID Notes: Fish 531-536 may be microdon or another dark sp,20220120,LSL,CYSP,Cyclothone sp.
Sarmiento,8,1,Gonostomatidae,NA,NA,NA,32.92,NA,8 _ 1,SG2105,536,96,Cyclothone sp.,CYSP,visual,CYSP,NA,,SG2105_ORG536_MOC8_NET1,0.2016,NA,NA,mb,NA,,NA,,neg80,ID Notes: Fish 531-536 may be microdon or another dark sp,20220120,LSL,CYSP,Cyclothone sp.
Sarmiento,8,1,Gonostomatidae,NA,NA,NA,30.08,NA,8 _ 1,SG2105,537,96,Cyclothone sp.,CYSP,visual,CYSP,NA,,SG2105_ORG537_MOC8_NET1,0.1998,NA,NA,mb,NA,,NA,,neg80,ID Notes: Fish 537-540 light species,20220120,LSL,CYSP,Cyclothone sp.
Sarmiento,8,1,Gonostomatidae,NA,NA,NA,30,NA,8 _ 1,SG2105,538,96,Cyclothone sp.,CYSP,visual,CYSP,NA,,SG2105_ORG538_MOC8_NET1,0.1995,0.0034,NA,visual,NA,,NA,,neg80,ID Notes: Fish 537-540 light species,20220120,LSL,CYSP,Cyclothone sp.
Sarmiento,8,1,Gonostomatidae,NA,NA,NA,28.33,NA,8 _ 1,SG2105,539,96,Cyclothone sp.,CYSP,visual,CYSP,NA,,SG2105_ORG539_MOC8_NET1,0.1356,NA,NA,visual,NA,,NA,,neg80,ID Notes: Fish 537-540 light species,20220120,LSL,CYSP,Cyclothone sp.
Sarmiento,8,1,Gonostomatidae,NA,NA,NA,27.95,NA,8 _ 1,SG2105,540,96,Cyclothone sp.,CYSP,visual,CYSP,NA,,SG2105_ORG540_MOC8_NET1,0.1117,NA,NA,visual,NA,,NA,,neg80,ID Notes: Fish 537-540 light species. Body in bad shape. Gut may be damaged,20220120,LSL,CYSP,Cyclothone sp.
Sarmiento,8,4,Myctophidae,NA,NA,NA,37,NA,8 _ 4,SG2105,541,101,Benthosema glaciale,BEGL,visual,BEGL,NA,H,SG2105_ORG541_MOC8_NET4,0.7619,NA,NA,mb,NA,,NA,,neg80,,20220121,LSL,BEGL,Benthosema glaciale
Sarmiento,8,4,Myctophidae,NA,NA,NA,27.64,NA,8 _ 4,SG2105,542,101,Benthosema glaciale,BEGL,visual,BEGL,NA,M,SG2105_ORG542_MOC8_NET4,0.2714,NA,NA,mb,NA,,NA,,neg80,Fish in poor condition,20220121,LSL,BEGL,Benthosema glaciale
Sarmiento,8,4,Myctophidae,NA,NA,NA,28.84,NA,8 _ 4,SG2105,543,101,Benthosema glaciale,BEGL,visual,BEGL,NA,H,SG2105_ORG543_MOC8_NET4,0.3076,NA,NA,mb,NA,,NA,,neg80,,20220121,LSL,BEGL,Benthosema glaciale
Sarmiento,8,4,Myctophidae,NA,NA,NA,27.34,NA,8 _ 4,SG2105,544,101,Benthosema glaciale,BEGL,visual,BEGL,NA,H,SG2105_ORG544_MOC8_NET4,0.2847,NA,NA,mb,NA,,NA,,neg80,,20220121,LSL,BEGL,Benthosema glaciale
Sarmiento,8,4,Myctophidae,NA,NA,NA,27.29,NA,8 _ 4,SG2105,545,101,Benthosema glaciale,BEGL,visual,BEGL,NA,H,SG2105_ORG545_MOC8_NET4,0.318,NA,NA,mb,NA,,NA,,neg80,ID Notes: a lot of skin gone but pretty confident,20220121,LSL,BEGL,Benthosema glaciale
Sarmiento,8,4,Myctophidae,NA,NA,NA,30.31,NA,8 _ 4,SG2105,546,101,Benthosema glaciale,BEGL,visual,BEGL,NA,H,SG2105_ORG546_MOC8_NET4,0.44,0.0131,NA,visual,NA,,NA,,neg80,,20220121,LSL,BEGL,Benthosema glaciale
Sarmiento,8,4,Myctophidae,NA,NA,NA,28.88,NA,8 _ 4,SG2105,547,101,Benthosema glaciale,BEGL,visual,BEGL,NA,H,SG2105_ORG547_MOC8_NET4,0.3495,0.0206,NA,visual,NA,,NA,,neg80,,20220121,LSL,BEGL,Benthosema glaciale
Sarmiento,8,4,Myctophidae,NA,NA,NA,33.64,NA,8 _ 4,SG2105,548,101,Benthosema glaciale,BEGL,visual,BEGL,NA,H,SG2105_ORG548_MOC8_NET4,0.6239,0.0402,NA,visual,NA,,NA,,neg80,,20220121,LSL,BEGL,Benthosema glaciale
Sarmiento,8,4,Myctophidae,NA,NA,NA,27.38,NA,8 _ 4,SG2105,549,101,Benthosema glaciale,BEGL,visual,BEGL,NA,H,SG2105_ORG549_MOC8_NET4,0.2941,NA,NA,visual,NA,,NA,,neg80,,20220121,LSL,BEGL,Benthosema glaciale
Sarmiento,8,4,Myctophidae,NA,NA,NA,30.37,NA,8 _ 4,SG2105,550,101,Benthosema glaciale,BEGL,visual,BEGL,NA,H,SG2105_ORG550_MOC8_NET4,0.4569,0.0304,NA,visual,NA,,NA,,neg80,,20220121,LSL,BEGL,Benthosema glaciale
Sarmiento,8,4,Myctophidae,NA,NA,NA,30.23,NA,8 _ 4,SG2105,551,101,Benthosema glaciale,BEGL,visual,BEGL,NA,H,SG2105_ORG551_MOC8_NET4,0.334,NA,NA,mb,NA,,NA,,neg80,,20220121,LSL,BEGL,Benthosema glaciale
Sarmiento,8,4,Myctophidae,NA,NA,NA,29.1,NA,8 _ 4,SG2105,552,101,Benthosema glaciale,BEGL,visual,BEGL,NA,H,SG2105_ORG552_MOC8_NET4,0.3574,NA,NA,mb,NA,,NA,,neg80,,20220121,LSL,BEGL,Benthosema glaciale
Sarmiento,8,4,Myctophidae,NA,NA,NA,29.14,NA,8 _ 4,SG2105,553,101,Benthosema glaciale,BEGL,visual,BEGL,NA,H,SG2105_ORG553_MOC8_NET4,0.3453,NA,NA,mb,NA,,NA,,neg80,,20220121,LSL,BEGL,Benthosema glaciale
Sarmiento,8,4,Myctophidae,NA,NA,NA,35.55,NA,8 _ 4,SG2105,554,101,Benthosema glaciale,BEGL,visual,BEGL,NA,H,SG2105_ORG554_MOC8_NET4,0.6078,NA,NA,mb,2,H,NA,,neg80,,20220121,LSL,BEGL,Benthosema glaciale
Sarmiento,8,4,Myctophidae,NA,NA,NA,35.92,NA,8 _ 4,SG2105,555,101,Benthosema glaciale,BEGL,visual,BEGL,NA,H,SG2105_ORG555_MOC8_NET4,0.695,NA,NA,mb,NA,,NA,,neg80,,20220121,LSL,BEGL,Benthosema glaciale
Sarmiento,8,4,Myctophidae,NA,NA,NA,28.88,NA,8 _ 4,SG2105,556,101,Benthosema glaciale,BEGL,visual,BEGL,NA,H,SG2105_ORG556_MOC8_NET4,0.3077,0.0203,NA,visual,NA,,NA,,neg80,,20220121,LSL,BEGL,Benthosema glaciale
Sarmiento,8,4,Myctophidae,NA,NA,NA,36.49,NA,8 _ 4,SG2105,557,101,Benthosema glaciale,BEGL,visual,BEGL,NA,H,SG2105_ORG557_MOC8_NET4,0.8217,0.0336,NA,visual,NA,,NA,,neg80,,20220121,LSL,BEGL,Benthosema glaciale
Sarmiento,8,4,Myctophidae,NA,NA,NA,29.04,NA,8 _ 4,SG2105,558,101,Benthosema glaciale,BEGL,visual,BEGL,NA,H,SG2105_ORG558_MOC8_NET4,0.3684,0.0198,NA,visual,NA,,NA,,neg80,,20220121,LSL,BEGL,Benthosema glaciale
Sarmiento,8,4,Myctophidae,NA,NA,NA,40.72,NA,8 _ 4,SG2105,559,101,Benthosema glaciale,BEGL,visual,BEGL,NA,H,SG2105_ORG559_MOC8_NET4,1.0556,0.0273,NA,visual,1,H,NA,,neg80,,20220121,LSL,BEGL,Benthosema glaciale
Sarmiento,8,4,Myctophidae,NA,NA,NA,27.45,NA,8 _ 4,SG2105,560,101,Benthosema glaciale,BEGL,visual,BEGL,NA,H,SG2105_ORG560_MOC8_NET4,0.2877,0.0165,NA,visual,NA,,NA,,neg80,,20220121,LSL,BEGL,Benthosema glaciale
Sarmiento,8,4,Myctophidae,NA,NA,NA,40.41,NA,8 _ 4,SG2105,561,101,Benthosema glaciale,BEGL,visual,BEGL,NA,H,SG2105_ORG561_MOC8_NET4,0.9478,NA,NA,mb,NA,,NA,,neg80,,20220121,LSL,BEGL,Benthosema glaciale
Sarmiento,8,4,Myctophidae,NA,NA,NA,46.37,NA,8 _ 4,SG2105,562,101,Symbolophorus veranyi,SYVE,visual,SYVE,NA,M,SG2105_ORG562_MOC8_NET4,1.2998,NA,NA,mb,NA,,NA,,neg80,ID Notes: SAO1 above VO2. Gut: could have squeezed contents but short on time,20220121,LSL,SYVE,Symbolophorus veranyi
Sarmiento,8,4,Myctophidae,NA,NA,NA,46.07,NA,8 _ 4,SG2105,563,101,Symbolophorus veranyi,SYVE,visual,SYVE,NA,M,SG2105_ORG563_MOC8_NET4,1.1899,NA,NA,mb,NA,,NA,,neg80,ID Notes: SAO1 above VO2.,20220121,LSL,SYVE,Symbolophorus veranyi
Sarmiento,8,4,Myctophidae,NA,NA,NA,43.55,NA,8 _ 4,SG2105,564,101,Symbolophorus veranyi,SYVE,visual,SYVE,NA,M,SG2105_ORG564_MOC8_NET4,1.1344,NA,NA,mb,NA,,NA,,neg80,ID Notes: SAO1 above VO2.,20220121,LSL,SYVE,Symbolophorus veranyi
Sarmiento,8,4,Myctophidae,NA,NA,NA,30.9,NA,8 _ 4,SG2105,565,101,Notoscopelus resplendens,NORE,visual,NORE,NA,M,SG2105_ORG565_MOC8_NET4,0.3802,NA,NA,visual,NA,,NA,,neg80,"ID Notes: initially grouped with SYVE but modified ID post-disection (2 POL at lateral line; GR 6+1+12). Gut: tearing, so has liver, etc in vial. ",20220121,LSL,NORE,Notoscopelus resplendens
Sarmiento,8,4,Myctophidae,NA,NA,NA,34.06,NA,8 _ 4,SG2105,566,101,Symbolophorus veranyi,SYVE,visual,SYVE,NA,M,SG2105_ORG566_MOC8_NET4,0.6185,NA,NA,visual,NA,,NA,,neg80,ID Notes: SAO1 above VO2.,20220121,LSL,SYVE,Symbolophorus veranyi
Sarmiento,8,4,Myctophidae,NA,NA,NA,46.98,NA,8 _ 4,SG2105,567,101,Symbolophorus veranyi,SYVE,visual,SYVE,NA,M,SG2105_ORG567_MOC8_NET4,1.644,0.1672,NA,visual,NA,,NA,,neg80,ID Notes: SAO1 above VO2.,20220121,LSL,SYVE,Symbolophorus veranyi
Sarmiento,8,4,Myctophidae,NA,NA,NA,42.45,NA,8 _ 4,SG2105,568,101,Myctophum punctatum,MYPU,visual,MYPU,NA,M,SG2105_ORG568_MOC8_NET4,NA,0.0928,NA,visual,NA,,NA,,neg80,ID Notes: AOP 8+. Pics and weight after fish BC and tissue samples so est 1.0300,20220121,LSL,MYPU,Myctophum punctatum
Sarmiento,8,4,Myctophidae,NA,NA,NA,25.5,NA,8 _ 4,SG2105,569,101,Myctophum punctatum,MYPU,visual,MYPU,NA,M,SG2105_ORG569_MOC8_NET4,0.2375,NA,NA,mb,NA,,NA,,neg80,ID Notes: AOP 8+,20220121,LSL,MYPU,Myctophum punctatum
Sarmiento,9,2,Sternoptychidae,NA,NA,NA,25.67,NA,9 _ 2,SG2105,595,116,Argyropelecus hemigymnus,ARHE,visual,ARHE,NA,H,SG2105_ORG595_MOC9_NET2,0.4278,NA,NA,mb,1,H,NA,,neg80,Broken post abdominal spines but pretty confident ID. Gut: severed in body cavity but think all contents made it to vial,20220125,LSL,ARHE,Argyropelecus hemigymnus
Sarmiento,9,2,Sternoptychidae,NA,NA,NA,29.69,NA,9 _ 2,SG2105,596,116,Argyropelecus hemigymnus,ARHE,visual,ARHE,NA,H,SG2105_ORG596_MOC9_NET2,0.5618,0.0202,NA,visual,NA,,NA,,neg80,Gut: appeared severed before dissection,20220125,LSL,ARHE,Argyropelecus hemigymnus
Sarmiento,9,2,Myctophidae,NA,NA,NA,32.73,NA,9 _ 2,SG2105,597,116,Protomyctophum arcticum,PRAR,visual,PRAR,NA,H,SG2105_ORG597_MOC9_NET2,0.5618,NA,NA,mb,NA,,NA,,neg80,"Gut: cut in half (not sure what's happening today). ID Notes: FF tag said sternoptychid but def myctophid. AO single series (=15), can't assess PVO1-2 because fo skin damage, but interorbital narrow and eyes appear telescopic",20220125,LSL,PRAR,Protomyctophum arcticum
Sarmiento,9,2,Myctophidae,NA,NA,NA,33.9,NA,9 _ 2,SG2105,598,116,Protomyctophum arcticum,PRAR,visual,PRAR,NA,H,SG2105_ORG598_MOC9_NET2,0.6133,0.0142,NA,visual,NA,,NA,,neg80,"ID Notes: FF tag said sternoptychid but def myctophid. AO single series (=15), can't assess PVO1-2 because fo skin damage, but interorbital narrow and eyes appear telescopic",20220125,LSL,PRAR,Protomyctophum arcticum
Sarmiento,9,2,Gonostomatidae,NA,NA,NA,32.38,NA,9 _ 2,SG2105,599,116,Cyclothone sp.,CYSP,visual,CYSP,NA,,SG2105_ORG599_MOC9_NET2,0.1684,NA,NA,mb,NA,,NA,,neg80,599-600 appear to be same species,20220125,LSL,CYSP,Cyclothone sp.
Sarmiento,9,2,Gonostomatidae,NA,NA,NA,30.07,NA,9 _ 2,SG2105,600,116,Cyclothone sp.,CYSP,visual,CYSP,NA,,SG2105_ORG600_MOC9_NET2,NA,NA,NA,none,NA,,NA,,neg80,"599-600 appear to be same species. Gut/body cavity/posterior body damaged and falling apart, no fish BC. Est wgt=0.1508 g",20220125,LSL,CYSP,Cyclothone sp.
Sarmiento,9,1,Myctophidae,NA,NA,NA,25.62,NA,9 _ 1,SG2105,601,114,Benthosema glaciale,BEGL,visual,BEGL,NA,H,SG2105_ORG601_MOC9_NET1,0.2127,NA,NA,none,NA,,NA,,neg80,"Org 602-606 in bad shape with damage, no samples",20220127,LSL,BEGL,Benthosema glaciale
Sarmiento,9,1,Gonostomatidae,NA,NA,NA,31.57,NA,9 _ 1,SG2105,602,115,Cyclothone microdon,CYMI,visual,CYMI,NA,L,SG2105_ORG602-604_MOC9_NET1,0.1778,NA,NA,none,NA,,NA,,neg80,"Org 602-606 in bad shape with damage, no samples",20220127,LSL,CYMI,Cyclothone microdon
Sarmiento,9,1,Gonostomatidae,NA,NA,NA,28.18,NA,9 _ 1,SG2105,603,115,Cyclothone microdon,CYMI,visual,CYMI,NA,L,SG2105_ORG602-604_MOC9_NET1,0.1128,NA,NA,none,NA,,NA,,neg80,"Org 602-606 in bad shape with damage, no samples",20220127,LSL,CYMI,Cyclothone microdon
Sarmiento,9,1,Gonostomatidae,NA,NA,NA,33.34,NA,9 _ 1,SG2105,604,115,Cyclothone microdon,CYMI,visual,CYMI,NA,L,SG2105_ORG602-604_MOC9_NET1,0.1871,NA,NA,none,NA,,NA,,neg80,"Org 602-606 in bad shape with damage, no samples",20220127,LSL,CYMI,Cyclothone microdon
Sarmiento,9,1,Gonostomatidae,NA,NA,NA,30.67,NA,9 _ 1,SG2105,605,115,Cyclothone sp.,CYSP,visual,CYSP,NA,,SG2105_ORG605-606_MOC9_NET1,0.161,NA,NA,none,NA,,NA,,neg80,"Org 602-606 in bad shape with damage, no samples",20220127,LSL,CYSP,Cyclothone sp.
Sarmiento,9,1,Gonostomatidae,NA,NA,NA,30.4,NA,9 _ 1,SG2105,607,115,Cyclothone microdon,CYMI,visual,CYMI,NA,L,SG2105_ORG607_MOC9_NET1,0.1467,NA,NA,mb,NA,,NA,,neg80,,20220127,LSL,CYMI,Cyclothone microdon
Sarmiento,9,1,Gonostomatidae,NA,NA,NA,42.08,NA,9 _ 1,SG2105,608,115,Cyclothone microdon,CYMI,visual,CYMI,NA,L,SG2105_ORG608_MOC9_NET1,0.3447,NA,NA,mb,NA,,NA,,neg80,"Fish in rough shape, body cavity squished but gut appears intact",20220127,LSL,CYMI,Cyclothone microdon
Sarmiento,9,1,Gonostomatidae,NA,NA,NA,34.16,NA,9 _ 1,SG2105,609,115,Cyclothone microdon,CYMI,visual,CYMI,NA,L,SG2105_ORG609_MOC9_NET1,0.1879,NA,NA,mb,NA,,NA,,neg80,,20220127,LSL,CYMI,Cyclothone microdon
Sarmiento,9,1,Gonostomatidae,NA,NA,NA,32.75,NA,9 _ 1,SG2105,610,115,Cyclothone microdon,CYMI,visual,CYMI,NA,L,SG2105_ORG610_MOC9_NET1,0.174,0.0178,NA,visual,NA,,NA,,neg80,,20220127,LSL,CYMI,Cyclothone microdon
Sarmiento,9,1,Gonostomatidae,NA,NA,NA,38.11,NA,9 _ 1,SG2105,611,115,Cyclothone microdon,CYMI,visual,CYMI,NA,L,SG2105_ORG611_MOC9_NET1,0.2478,0.0061,NA,visual,NA,,NA,,neg80,,20220127,LSL,CYMI,Cyclothone microdon
Sarmiento,9,1,Melamphaidae,NA,NA,NA,52.5,NA,9 _ 1,SG2105,612,115,Scopelogadus beanii,SCBE,visual,SCBE,NA,H,SG2105_ORG612_MOC9_NET1,0.2994,NA,NA,mb,NA,,NA,,neg80,"ID Notes: DF II, 10. Gut damaged but put all into vial, likely other organs present too",20220127,LSL,SCBE,Scopelogadus beanii
Sarmiento,9,3,Sternoptychidae,NA,NA,NA,25.05,NA,9 _ 3,SG2105,613,117,Argyropelecus hemigymnus,ARHE,visual,ARHE,NA,H,SG2105_ORG613_MOC9_NET3,0.4455,NA,NA,mb,2,H,NA,,neg80,ID Notes: single serrated postab spine,20220127,LSL,ARHE,Argyropelecus hemigymnus
Sarmiento,9,3,Sternoptychidae,NA,NA,NA,22.56,NA,9 _ 3,SG2105,614,117,Argyropelecus hemigymnus,ARHE,visual,ARHE,NA,H,SG2105_ORG614_MOC9_NET3,0.2878,NA,NA,mb,NA,,NA,,neg80,Tissue sample touched petri dish,20220127,LSL,ARHE,Argyropelecus hemigymnus
Sarmiento,9,3,Sternoptychidae,NA,NA,NA,26.46,NA,9 _ 3,SG2105,615,117,Argyropelecus hemigymnus,ARHE,visual,ARHE,NA,H,SG2105_ORG615_MOC9_NET3,0.4106,NA,NA,mb,2,H,NA,,neg80,Gut in mouth but ok. Gonads through vent,20220127,LSL,ARHE,Argyropelecus hemigymnus
Sarmiento,9,3,Sternoptychidae,NA,NA,NA,20.03,NA,9 _ 3,SG2105,616,117,Argyropelecus hemigymnus,ARHE,visual,ARHE,NA,H,SG2105_ORG616_MOC9_NET3,0.2305,0.0202,NA,visual,NA,,NA,,neg80,,20220127,LSL,ARHE,Argyropelecus hemigymnus
Sarmiento,9,3,Sternoptychidae,NA,NA,NA,24.64,NA,9 _ 3,SG2105,617,117,Argyropelecus hemigymnus,ARHE,visual,ARHE,NA,H,SG2105_ORG617_MOC9_NET3,NA,NA,NA,visual,NA,,NA,,neg80,Caudal peduncle truncated. Est wgt=0.3768 g,20220127,LSL,ARHE,Argyropelecus hemigymnus
Sarmiento,9,3,Sternoptychidae,NA,NA,NA,27.26,NA,9 _ 3,SG2105,618,117,Argyropelecus hemigymnus,ARHE,visual,ARHE,NA,H,SG2105_ORG618_MOC9_NET3,0.4446,NA,NA,visual,NA,,NA,,neg80,Gut in mouth and coming apart; put all organisms from mouth into gut vial,20220127,LSL,ARHE,Argyropelecus hemigymnus
Sarmiento,9,3,Sternoptychidae,NA,NA,NA,24.3,NA,9 _ 3,SG2105,619,117,Argyropelecus hemigymnus,ARHE,visual,ARHE,NA,H,SG2105_ORG619_MOC9_NET3,0.306,NA,NA,none,NA,,NA,,neg80,,20220128,LSL,ARHE,Argyropelecus hemigymnus
Sarmiento,9,3,Sternoptychidae,NA,NA,NA,20.64,NA,9 _ 3,SG2105,620,117,Argyropelecus hemigymnus,ARHE,visual,ARHE,NA,H,SG2105_ORG620_MOC9_NET3,0.2015,NA,NA,mb,1,,NA,,neg80,Gut in mouth,20220128,LSL,ARHE,Argyropelecus hemigymnus
Sarmiento,9,3,Sternoptychidae,NA,NA,NA,23.24,NA,9 _ 3,SG2105,621,117,Argyropelecus hemigymnus,ARHE,visual,ARHE,NA,H,SG2105_ORG621_MOC9_NET3,NA,NA,NA,visual,1,,NA,,neg80,"Gut mushy, hard to remove; may have lost som econtents",20220128,LSL,ARHE,Argyropelecus hemigymnus
Sarmiento,9,4,Myctophidae,NA,NA,NA,28.33,NA,9 _ 4,SG2105,624,120,Benthosema glaciale,BEGL,visual,BEGL,NA,L,SG2105_ORG624-625_MOC9_NET4,0.3101,NA,NA,none,NA,,NA,,neg80,"Fish in rough shape and only ""bits"" present",20220128,LSL,BEGL,Benthosema glaciale
Sarmiento,9,4,Myctophidae,NA,NA,NA,32.23,NA,9 _ 4,SG2105,625,120,Myctophidae,MYCT,visual,MYCT,NA,,SG2105_ORG624-625_MOC9_NET4,0.375,NA,NA,none,NA,,NA,,neg80,"Fish in rough shape and only ""bits"" present",20220128,LSL,MYCT,Myctophidae
Sarmiento,9,4,Myctophidae,NA,NA,NA,27.63,NA,9 _ 4,SG2105,626,120,Benthosema glaciale,BEGL,visual,BEGL,NA,H,SG2105_ORG626_MOC9_NET4,0.3222,NA,NA,mb,NA,,NA,,neg80,,20220128,LSL,BEGL,Benthosema glaciale
Sarmiento,9,4,Myctophidae,NA,NA,NA,30.42,NA,9 _ 4,SG2105,627,120,Benthosema glaciale,BEGL,visual,BEGL,NA,H,SG2105_ORG627_MOC9_NET4,0.3908,NA,NA,mb,NA,,NA,,neg80,,20220128,LSL,BEGL,Benthosema glaciale
Sarmiento,9,4,Myctophidae,NA,NA,NA,33.75,NA,9 _ 4,SG2105,628,120,Benthosema glaciale,BEGL,visual,BEGL,NA,H,SG2105_ORG628_MOC9_NET4,0.7008,NA,NA,mb,NA,,NA,,neg80,,20220128,LSL,BEGL,Benthosema glaciale
Sarmiento,9,4,Myctophidae,NA,NA,NA,29.36,NA,9 _ 4,SG2105,629,120,Benthosema glaciale,BEGL,visual,BEGL,NA,H,SG2105_ORG629_MOC9_NET4,0.3703,NA,NA,mb,NA,,NA,,neg80,,20220128,LSL,BEGL,Benthosema glaciale
Sarmiento,9,4,Myctophidae,NA,NA,NA,37.08,NA,9 _ 4,SG2105,630,120,Benthosema glaciale,BEGL,visual,BEGL,NA,H,SG2105_ORG630_MOC9_NET4,0.8524,NA,NA,mb,NA,,NA,,neg80,,20220128,LSL,BEGL,Benthosema glaciale
Sarmiento,9,4,Myctophidae,NA,NA,NA,27.63,NA,9 _ 4,SG2105,631,120,Benthosema glaciale,BEGL,visual,BEGL,NA,H,SG2105_ORG631_MOC9_NET4,0.2944,0.0118,NA,visual,NA,,NA,,neg80,,20220128,LSL,BEGL,Benthosema glaciale
Sarmiento,9,4,Myctophidae,NA,NA,NA,32.77,NA,9 _ 4,SG2105,632,120,Benthosema glaciale,BEGL,visual,BEGL,NA,H,SG2105_ORG632_MOC9_NET4,0.5529,0.0249,NA,visual,NA,,NA,,neg80,,20220128,LSL,BEGL,Benthosema glaciale
Sarmiento,9,4,Myctophidae,NA,NA,NA,27.62,NA,9 _ 4,SG2105,633,120,Benthosema glaciale,BEGL,visual,BEGL,NA,H,SG2105_ORG633_MOC9_NET4,0.3172,0.0096,NA,visual,NA,,NA,,neg80,,20220128,LSL,BEGL,Benthosema glaciale
Sarmiento,9,4,Myctophidae,NA,NA,NA,27,NA,9 _ 4,SG2105,634,120,Benthosema glaciale,BEGL,visual,BEGL,NA,H,SG2105_ORG634_MOC9_NET4,0.2878,NA,NA,visual,NA,,NA,,neg80,Gut tore; contents ok but all organs in vial,20220128,LSL,BEGL,Benthosema glaciale
Sarmiento,9,4,Myctophidae,NA,NA,NA,33.39,NA,9 _ 4,SG2105,635,120,Benthosema glaciale,BEGL,visual,BEGL,NA,H,SG2105_ORG635_MOC9_NET4,0.5733,0.0321,NA,visual,NA,,NA,,neg80,,20220128,LSL,BEGL,Benthosema glaciale
Sarmiento,9,4,Myctophidae,NA,NA,NA,36.24,NA,9 _ 4,SG2105,636,120,Benthosema glaciale,BEGL,visual,BEGL,NA,H,SG2105_ORG636_MOC9_NET4,0.6653,NA,NA,mb,NA,,NA,,neg80,,20220128,LSL,BEGL,Benthosema glaciale
Sarmiento,9,4,Myctophidae,NA,NA,NA,27.86,NA,9 _ 4,SG2105,637,120,Benthosema glaciale,BEGL,visual,BEGL,NA,H,SG2105_ORG637_MOC9_NET4,0.2805,NA,NA,mb,NA,,NA,,neg80,,20220128,LSL,BEGL,Benthosema glaciale
Sarmiento,9,4,Myctophidae,NA,NA,NA,27.25,NA,9 _ 4,SG2105,638,120,Benthosema glaciale,BEGL,visual,BEGL,NA,H,SG2105_ORG638_MOC9_NET4,0.2774,NA,NA,mb,NA,,NA,,neg80,,20220128,LSL,BEGL,Benthosema glaciale
Sarmiento,9,4,Myctophidae,NA,NA,NA,36.62,NA,9 _ 4,SG2105,639,120,Benthosema glaciale,BEGL,visual,BEGL,NA,H,SG2105_ORG639_MOC9_NET4,0.7689,NA,NA,mb,NA,,NA,,neg80,,20220128,LSL,BEGL,Benthosema glaciale
Sarmiento,9,4,Myctophidae,NA,NA,NA,29.36,NA,9 _ 4,SG2105,640,120,Benthosema glaciale,BEGL,visual,BEGL,NA,H,SG2105_ORG640_MOC9_NET4,0.3838,NA,NA,mb,NA,,NA,,neg80,,20220128,LSL,BEGL,Benthosema glaciale
Sarmiento,9,4,Myctophidae,NA,NA,NA,27.73,NA,9 _ 4,SG2105,641,120,Benthosema glaciale,BEGL,visual,BEGL,NA,H,SG2105_ORG641_MOC9_NET4,0.292,NA,NA,mb,NA,,NA,,neg80,,20220128,LSL,BEGL,Benthosema glaciale
Sarmiento,9,4,Myctophidae,NA,NA,NA,25.85,NA,9 _ 4,SG2105,642,120,Benthosema glaciale,BEGL,visual,BEGL,NA,H,SG2105_ORG642_MOC9_NET4,0.2389,0.0105,NA,visual,NA,,NA,,neg80,,20220128,LSL,BEGL,Benthosema glaciale
Sarmiento,9,4,Myctophidae,NA,NA,NA,27.29,NA,9 _ 4,SG2105,643,120,Benthosema glaciale,BEGL,visual,BEGL,NA,H,SG2105_ORG643_MOC9_NET4,0.3572,0.0145,NA,visual,NA,,NA,,neg80,,20220128,LSL,BEGL,Benthosema glaciale
Sarmiento,9,4,Myctophidae,NA,NA,NA,29.69,NA,9 _ 4,SG2105,644,120,Benthosema glaciale,BEGL,visual,BEGL,NA,H,SG2105_ORG644_MOC9_NET4,0.3818,0.0211,NA,visual,NA,,NA,,neg80,,20220128,LSL,BEGL,Benthosema glaciale
Sarmiento,9,4,Myctophidae,NA,NA,NA,38.15,NA,9 _ 4,SG2105,645,120,Benthosema glaciale,BEGL,visual,BEGL,NA,H,SG2105_ORG6245_MOC9_NET4,0.8134,0.0464,NA,visual,NA,,NA,,neg80,,20220128,LSL,BEGL,Benthosema glaciale
Sarmiento,9,4,Myctophidae,NA,NA,NA,40.15,NA,9 _ 4,SG2105,646,120,Benthosema glaciale,BEGL,visual,BEGL,NA,H,SG2105_ORG646_MOC9_NET4,1.2304,0.0588,NA,visual,NA,,NA,,neg80,,20220128,LSL,BEGL,Benthosema glaciale